      0       0       0       0       0       0       0 2.27348       0       0
      0       0 2.29757       0       0       0       0       0       0       0
      0 2.16595       0       0       0       0       0       0       0       0
2.29373       0       0       0       0       0       0       0       0       0
      0       0       0       0 2.34327       0       0       0       0       0
      0 2.18903       0       0       0       0       0       0       0       0
      0       0       0       0 2.33377       0       0       0       0       0
      0       0       0       0       0       0       0       0       0 2.29778
      0       0       0       0       0 2.40907       0       0       0       0
      0       0       0       0       0       0       0       0       0 2.29696
2.24474       0       0       0       0       0       0       0       0       0
      0       0       0       0       0       0 2.28362       0       0       0
      0       0       0       0       0       0       0       0       0 2.29205
2.28188       0       0       0       0       0       0       0       0       0
      0 2.18869       0       0       0       0       0       0       0       0
      0       0       0       0       0 2.35744       0       0       0       0
      0       0       0       0       0       0       0       0       0 2.29827
      0       0       0       0       0       0       0 2.23006       0       0
      0       0       0 2.29518       0       0       0       0       0       0
      0       0       0       0 2.34868       0       0       0       0       0
      0       0       0       0       0       0       0       0       0 2.29696
      0       0       0       0       0       0 2.32116       0       0       0
      0       0       0       0       0       0 2.30321       0       0       0
      0       0       0       0       0 2.39428       0       0       0       0
      0       0       0       0 2.32109       0       0       0       0       0
2.29373       0       0       0       0       0       0       0       0       0
      0       0       0       0       0       0       0 2.20369       0       0
      0       0       0       0 2.32456       0       0       0       0       0
2.29373       0       0       0       0       0       0       0       0       0
      0 2.12766       0       0       0       0       0       0       0       0
      0       0       0 2.28866       0       0       0       0       0       0
      0 2.12103       0       0       0       0       0       0       0       0
      0       0       0 2.28866       0       0       0       0       0       0
      0       0       0       0 2.31874       0       0       0       0       0
      0       0       0       0       0       0       0 2.27381       0       0
      0       0 2.25265       0       0       0       0       0       0       0
      0       0       0       0       0       0       0 2.27381       0       0
      0 2.14616       0       0       0       0       0       0       0       0
      0       0  2.2977       0       0       0       0       0       0       0
      0 2.18903       0       0       0       0       0       0       0       0
      0 2.08356       0       0       0       0       0       0       0       0
      0       0       0       0       0       0       0 2.27381       0       0
      0       0       0       0  2.3079       0       0       0       0       0
      0       0 2.12237       0       0       0       0       0       0       0
      0       0       0 2.28866       0       0       0       0       0       0
      0       0       0       0       0 2.39109       0       0       0       0
      0 2.16031       0       0       0       0       0       0       0       0
      0       0 2.25636       0       0       0       0       0       0       0
      0       0       0       0 2.34868       0       0       0       0       0
      0       0       0       0 2.34868       0       0       0       0       0
      0       0       0       0       0       0  2.3298       0       0       0
      0       0       0 2.28702       0       0       0       0       0       0
      0       0       0       0       0 2.37043       0       0       0       0
      0       0       0       0       0 2.40804       0       0       0       0
      0       0       0       0       0       0  2.3123       0       0       0
2.30532       0       0       0       0       0       0       0       0       0
      0       0       0       0 2.34697       0       0       0       0       0
      0 2.16933       0       0       0       0       0       0       0       0
      0       0       0       0       0       0       0       0       0 2.29696
      0       0       0       0       0 2.35803       0       0       0       0
      0       0       0       0       0       0       0  2.2582       0       0
      0       0       0       0       0       0       0       0 2.31256       0
      0       0       0       0       0       0       0       0       0 2.30196
      0       0       0  2.3388       0       0       0       0       0       0
      0       0       0       0       0       0       0 2.25931       0       0
      0       0       0       0 2.37668       0       0       0       0       0
      0       0       0       0       0       0  2.2705       0       0       0
      0       0       0       0 2.28385       0       0       0       0       0
      0       0       0 2.28866       0       0       0       0       0       0
2.28553       0       0       0       0       0       0       0       0       0
      0       0       0       0       0       0       0 2.14593       0       0
2.29373       0       0       0       0       0       0       0       0       0
      0       0 2.32897       0       0       0       0       0       0       0
      0       0       0       0       0       0       0       0       0 2.29696
      0 2.15783       0       0       0       0       0       0       0       0
      0       0       0       0       0       0       0 2.25898       0       0
      0       0       0 2.19157       0       0       0       0       0       0
      0       0 2.29823       0       0       0       0       0       0       0
      0       0       0       0       0       0       0       0       0  2.3031
      0       0       0       0       0       0       0 2.27381       0       0
      0       0       0       0       0       0       0   2.235       0       0
      0       0       0       0       0       0 2.30866       0       0       0
      0       0 2.25208       0       0       0       0       0       0       0
      0       0       0       0       0       0       0 2.25106       0       0
      0       0       0       0       0       0       0       0 2.31256       0
      0       0       0       0 2.34868       0       0       0       0       0
      0       0       0       0       0       0       0 2.27381       0       0
      0       0       0 2.28866       0       0       0       0       0       0
      0       0       0       0       0       0 2.32116       0       0       0
      0 2.18903       0       0       0       0       0       0       0       0
      0       0       0 2.28067       0       0       0       0       0       0
      0       0       0       0       0       0 2.32116       0       0       0
      0       0       0       0       0       0       0       0       0  2.2804
      0       0       0 2.28866       0       0       0       0       0       0
      0 2.17646       0       0       0       0       0       0       0       0
      0       0       0       0 2.34868       0       0       0       0       0
      0 2.10087       0       0       0       0       0       0       0       0
      0       0       0       0       0       0       0 2.27381       0       0
      0       0       0       0       0       0 2.28559       0       0       0
      0       0       0       0       0       0       0       0       0 2.25907
      0       0       0       0       0       0  2.2891       0       0       0
2.29373       0       0       0       0       0       0       0       0       0
      0       0       0       0       0 2.38625       0       0       0       0
      0       0       0       0 2.25933       0       0       0       0       0
      0       0       0       0       0       0       0       0       0 2.15758
      0       0       0       0       0       0       0       0       0 2.29696
      0       0 2.22772       0       0       0       0       0       0       0
      0 2.31868       0       0       0       0       0       0       0       0
      0       0       0       0       0       0       0       0       0 2.27286
      0       0       0       0 2.32358       0       0       0       0       0
      0       0       0       0       0       0       0       0 2.27887       0
      0       0       0       0       0       0       0 2.27044       0       0
      0       0       0 2.31182       0       0       0       0       0       0
      0       0       0       0       0       0       0       0       0 2.29696
      0       0       0       0       0       0       0 2.27381       0       0
      0       0       0       0  2.1657       0       0       0       0       0
      0       0       0       0 2.29871       0       0       0       0       0
      0       0       0       0 2.33962       0       0       0       0       0
      0       0       0       0       0       0       0       0       0 2.17217
      0       0 2.30621       0       0       0       0       0       0       0
      0       0       0       0       0 2.40907       0       0       0       0
      0       0       0       0 2.32667       0       0       0       0       0
      0       0       0       0       0       0       0  2.1097       0       0
      0       0       0       0       0       0 2.32116       0       0       0
      0       0       0       0       0       0       0 2.19391       0       0
      0       0       0       0       0       0       0       0       0 2.29696
2.20554       0       0       0       0       0       0       0       0       0
      0       0       0       0       0 2.22591       0       0       0       0
      0       0       0       0       0       0       0       0 2.31256       0
      0       0       0       0       0 2.30427       0       0       0       0
      0       0       0       0       0       0 2.32116       0       0       0
      0       0       0       0       0       0 2.32116       0       0       0
      0       0       0       0       0 2.40907       0       0       0       0
      0       0       0       0       0       0       0 2.27381       0       0
      0       0       0       0       0       0       0       0 2.31256       0
      0 2.18244       0       0       0       0       0       0       0       0
2.27823       0       0       0       0       0       0       0       0       0
      0 2.18903       0       0       0       0       0       0       0       0
      0       0       0       0       0       0 2.25521       0       0       0
      0       0       0       0 2.36823       0       0       0       0       0
      0       0       0       0       0       0 2.31567       0       0       0
      0       0       0       0       0       0       0 2.14604       0       0
      0       0       0 2.28929       0       0       0       0       0       0
      0 2.18903       0       0       0       0       0       0       0       0
      0       0       0       0       0       0       0 2.27381       0       0
      0 2.12376       0       0       0       0       0       0       0       0
      0       0       0       0       0       0       0       0 2.31256       0
      0       0 2.24881       0       0       0       0       0       0       0
2.29373       0       0       0       0       0       0       0       0       0
      0       0 2.30621       0       0       0       0       0       0       0
      0       0       0       0       0       0       0       0       0 2.29696
      0       0       0       0       0       0       0       0       0 2.29696
      0       0       0       0       0 2.38764       0       0       0       0
      0       0       0       0       0 2.31679       0       0       0       0
      0 2.15672       0       0       0       0       0       0       0       0
      0       0       0       0       0 2.40907       0       0       0       0
      0       0       0       0       0       0 2.31411       0       0       0
2.29373       0       0       0       0       0       0       0       0       0
      0       0       0 2.31622       0       0       0       0       0       0
      0       0       0       0 2.31786       0       0       0       0       0
      0       0       0       0 2.34691       0       0       0       0       0
      0       0       0       0       0       0 2.31968       0       0       0
      0       0       0       0       0 2.40907       0       0       0       0
      0       0       0       0 2.31077       0       0       0       0       0
      0       0       0       0       0       0 2.35868       0       0       0
      0       0       0       0       0 2.40907       0       0       0       0
      0       0       0       0 2.32448       0       0       0       0       0
      0       0       0       0       0 2.36758       0       0       0       0
      0 2.17851       0       0       0       0       0       0       0       0
      0       0       0       0 2.34868       0       0       0       0       0
      0       0       0       0 2.33768       0       0       0       0       0
      0       0       0       0       0       0       0 2.27381       0       0
      0       0 2.27072       0       0       0       0       0       0       0
      0       0       0 2.26046       0       0       0       0       0       0
      0       0 2.30621       0       0       0       0       0       0       0
      0       0       0       0       0       0       0 2.27538       0       0
      0 2.12736       0       0       0       0       0       0       0       0
      0       0       0       0       0       0       0       0 2.31256       0
      0  2.1796       0       0       0       0       0       0       0       0
      0       0       0       0       0       0       0       0 2.31256       0
      0 2.18903       0       0       0       0       0       0       0       0
      0       0       0       0       0       0       0       0 2.31256       0
      0       0       0       0       0 2.40206       0       0       0       0
2.29373       0       0       0       0       0       0       0       0       0
      0       0       0       0       0       0       0       0 2.31256       0
      0       0       0       0       0       0       0       0       0 2.29696
      0       0 2.30621       0       0       0       0       0       0       0
      0       0       0       0       0 2.40907       0       0       0       0
2.29373       0       0       0       0       0       0       0       0       0
      0 2.03811       0       0       0       0       0       0       0       0
      0 2.18903       0       0       0       0       0       0       0       0
      0  2.0895       0       0       0       0       0       0       0       0
2.29373       0       0       0       0       0       0       0       0       0
      0       0       0       0       0       0       0       0       0 2.29696
2.29373       0       0       0       0       0       0       0       0       0
      0       0       0 2.27005       0       0       0       0       0       0
      0 2.18246       0       0       0       0       0       0       0       0
      0       0       0       0       0       0 2.32116       0       0       0
      0       0       0       0 2.30735       0       0       0       0       0
      0       0 2.30621       0       0       0       0       0       0       0
      0       0       0 2.28866       0       0       0       0       0       0
      0       0       0       0       0       0 2.25736       0       0       0
      0 2.17968       0       0       0       0       0       0       0       0
      0 2.15787       0       0       0       0       0       0       0       0
      0 2.18434       0       0       0       0       0       0       0       0
      0       0       0 2.28866       0       0       0       0       0       0
      0       0       0       0       0       0       0       0       0 2.29518
      0       0       0       0       0 2.40907       0       0       0       0
      0       0 2.29051       0       0       0       0       0       0       0
      0       0       0       0       0       0       0       0       0 2.29696
      0       0       0       0 2.06221       0       0       0       0       0
      0       0       0       0       0 2.32771       0       0       0       0
      0       0       0       0       0       0       0       0       0 2.26954
      0       0       0 2.30459       0       0       0       0       0       0
      0       0       0       0       0       0       0       0       0 2.29696
2.29109       0       0       0       0       0       0       0       0       0
      0       0       0 2.28866       0       0       0       0       0       0
      0       0       0       0       0       0 2.34105       0       0       0
      0       0       0       0       0 2.40701       0       0       0       0
      0       0       0       0       0  2.3088       0       0       0       0
      0       0       0       0       0       0       0 2.27381       0       0
      0       0 2.30621       0       0       0       0       0       0       0
      0       0 2.30621       0       0       0       0       0       0       0
      0       0       0       0       0       0       0 2.27381       0       0
      0 2.19341       0       0       0       0       0       0       0       0
      0       0  2.2517       0       0       0       0       0       0       0
      0       0       0       0       0       0       0       0 2.31256       0
      0       0       0       0 2.35822       0       0       0       0       0
      0 2.20102       0       0       0       0       0       0       0       0
      0       0       0       0       0       0       0 2.22245       0       0
      0       0       0 2.28866       0       0       0       0       0       0
      0       0       0 2.23392       0       0       0       0       0       0
      0       0       0       0       0       0       0       0 2.31256       0
      0       0       0       0       0       0       0       0 2.31256       0
      0       0       0       0       0       0       0 2.27381       0       0
      0       0       0       0       0       0       0       0       0 2.29499
      0       0 2.30621       0       0       0       0       0       0       0
      0       0 2.30843       0       0       0       0       0       0       0
      0       0       0       0 2.34868       0       0       0       0       0
      0 2.16174       0       0       0       0       0       0       0       0
      0       0       0       0       0 2.40907       0       0       0       0
      0       0       0       0       0       0       0       0       0 2.25527
      0       0       0       0       0       0       0       0 2.31256       0
      0       0       0       0       0       0       0 2.15069       0       0
      0       0 2.30731       0       0       0       0       0       0       0
      0       0       0 2.29694       0       0       0       0       0       0
2.25618       0       0       0       0       0       0       0       0       0
      0       0       0       0 2.34299       0       0       0       0       0
      0       0       0       0 2.34868       0       0       0       0       0
      0       0 2.30621       0       0       0       0       0       0       0
      0       0       0       0 2.34868       0       0       0       0       0
      0  2.0917       0       0       0       0       0       0       0       0
      0       0       0       0       0       0       0       0       0 2.29832
      0       0       0       0       0  2.3467       0       0       0       0
      0       0       0       0       0       0       0 2.19724       0       0
      0       0       0       0       0       0       0   2.288       0       0
      0       0 2.30621       0       0       0       0       0       0       0
      0       0       0       0       0       0       0       0 2.25546       0
      0       0 2.30621       0       0       0       0       0       0       0
      0       0       0       0       0       0 2.29995       0       0       0
      0       0       0       0       0       0       0       0 2.31256       0
      0       0       0       0       0  2.3652       0       0       0       0
      0       0       0       0       0       0       0 2.26555       0       0
      0       0       0       0       0       0       0 2.27084       0       0
      0       0       0       0       0       0       0       0       0 2.32624
      0  2.1559       0       0       0       0       0       0       0       0
      0       0       0       0       0       0       0       0 2.31256       0
      0 2.18038       0       0       0       0       0       0       0       0
      0       0       0       0       0       0       0       0 2.31256       0
2.21731       0       0       0       0       0       0       0       0       0
      0       0       0 2.26962       0       0       0       0       0       0
2.29373       0       0       0       0       0       0       0       0       0
      0 2.15815       0       0       0       0       0       0       0       0
      0       0       0       0       0       0       0       0       0 2.29696
      0       0       0       0       0       0       0       0       0 2.29696
      0       0       0       0 2.34691       0       0       0       0       0
      0 2.18903       0       0       0       0       0       0       0       0
      0       0       0       0       0       0       0       0 2.31256       0
      0       0 2.30621       0       0       0       0       0       0       0
      0 2.13137       0       0       0       0       0       0       0       0
      0       0 2.30621       0       0       0       0       0       0       0
      0       0       0       0       0       0       0       0       0  2.2461
      0       0       0       0       0       0       0 2.27693       0       0
      0       0       0       0       0 2.30242       0       0       0       0
      0       0       0       0       0       0       0       0       0 2.29696
      0       0 2.31207       0       0       0       0       0       0       0
      0       0       0       0       0       0  2.3167       0       0       0
      0       0       0       0 2.24036       0       0       0       0       0
      0 2.18343       0       0       0       0       0       0       0       0
      0       0       0       0       0 2.37867       0       0       0       0
      0       0       0       0       0       0       0       0 2.31256       0
      0       0 2.29434       0       0       0       0       0       0       0
      0       0       0       0       0       0       0       0       0 2.29696
      0       0 2.30621       0       0       0       0       0       0       0
2.29373       0       0       0       0       0       0       0       0       0
      0       0       0       0 2.34868       0       0       0       0       0
2.29168       0       0       0       0       0       0       0       0       0
2.34454       0       0       0       0       0       0       0       0       0
      0       0 2.30621       0       0       0       0       0       0       0
      0       0       0       0       0       0       0       0 2.31256       0
      0       0       0       0 2.34868       0       0       0       0       0
      0       0       0       0       0       0       0 2.27381       0       0
      0 2.17283       0       0       0       0       0       0       0       0
      0       0 2.21875       0       0       0       0       0       0       0
      0       0       0       0 2.34533       0       0       0       0       0
2.30631       0       0       0       0       0       0       0       0       0
      0       0 2.30621       0       0       0       0       0       0       0
      0       0       0       0       0       0       0 2.27171       0       0
      0       0       0       0 2.34868       0       0       0       0       0
      0       0       0 2.21538       0       0       0       0       0       0
      0       0       0 2.29336       0       0       0       0       0       0
2.29373       0       0       0       0       0       0       0       0       0
2.29373       0       0       0       0       0       0       0       0       0
      0       0       0 2.29884       0       0       0       0       0       0
      0 2.16749       0       0       0       0       0       0       0       0
      0       0       0       0       0       0       0       0       0 2.29696
      0       0       0       0       0       0 2.33923       0       0       0
      0       0       0       0       0 2.44168       0       0       0       0
      0       0 2.30433       0       0       0       0       0       0       0
      0       0       0       0       0 2.40907       0       0       0       0
      0       0       0       0       0       0       0       0       0 2.27646
      0       0 2.30241       0       0       0       0       0       0       0
      0       0       0       0       0       0       0       0       0 2.29696
      0       0       0 2.28712       0       0       0       0       0       0
2.27577       0       0       0       0       0       0       0       0       0
      0       0       0       0 2.34554       0       0       0       0       0
      0       0 2.28596       0       0       0       0       0       0       0
2.29373       0       0       0       0       0       0       0       0       0
      0       0       0       0       0       0       0 2.27381       0       0
      0 2.17998       0       0       0       0       0       0       0       0
      0 2.15264       0       0       0       0       0       0       0       0
      0       0 2.22639       0       0       0       0       0       0       0
      0 2.18903       0       0       0       0       0       0       0       0
      0       0       0       0       0 2.43513       0       0       0       0
      0       0       0 2.28157       0       0       0       0       0       0
      0       0       0 2.29512       0       0       0       0       0       0
      0       0       0       0       0       0       0       0       0 2.29696
      0       0       0       0       0       0       0  2.2657       0       0
      0       0       0       0       0       0       0       0 2.30361       0
      0       0       0       0       0       0 2.32252       0       0       0
      0       0       0       0       0 2.40907       0       0       0       0
      0       0       0       0       0       0  2.3207       0       0       0
      0 2.18578       0       0       0       0       0       0       0       0
      0       0       0 2.28866       0       0       0       0       0       0
      0       0       0       0       0       0       0       0 2.31256       0
      0 2.18466       0       0       0       0       0       0       0       0
2.29373       0       0       0       0       0       0       0       0       0
      0       0       0       0       0 2.40298       0       0       0       0
      0 2.18653       0       0       0       0       0       0       0       0
      0       0       0 2.29748       0       0       0       0       0       0
      0 2.15489       0       0       0       0       0       0       0       0
      0       0       0       0       0 2.40907       0       0       0       0
      0       0       0       0       0 2.40907       0       0       0       0
      0       0       0       0       0       0 2.32116       0       0       0
      0 2.17177       0       0       0       0       0       0       0       0
      0       0       0       0       0       0       0       0 2.30656       0
      0       0       0       0       0 2.40907       0       0       0       0
      0  2.2144       0       0       0       0       0       0       0       0
      0       0       0       0       0       0       0 2.26019       0       0
      0       0       0       0       0       0       0       0       0 2.29696
      0       0       0       0 2.26829       0       0       0       0       0
      0       0       0       0       0       0 2.32116       0       0       0
      0       0 2.20669       0       0       0       0       0       0       0
      0       0 2.23962       0       0       0       0       0       0       0
      0       0       0       0       0 2.40907       0       0       0       0
2.26405       0       0       0       0       0       0       0       0       0
      0       0       0       0       0       0 2.30313       0       0       0
      0       0       0       0       0 2.33564       0       0       0       0
      0       0       0       0       0       0 2.32116       0       0       0
      0       0       0 2.28866       0       0       0       0       0       0
      0       0       0       0       0       0       0 2.16136       0       0
      0       0 2.30694       0       0       0       0       0       0       0
2.04745       0       0       0       0       0       0       0       0       0
      0       0       0       0       0       0       0       0 2.31256       0
      0       0       0       0       0       0       0       0 2.31256       0
      0       0       0       0       0 2.37357       0       0       0       0
      0       0       0       0 2.30331       0       0       0       0       0
      0 2.24387       0       0       0       0       0       0       0       0
      0 2.17846       0       0       0       0       0       0       0       0
      0       0       0       0  2.2933       0       0       0       0       0
2.27789       0       0       0       0       0       0       0       0       0
      0       0       0 2.24798       0       0       0       0       0       0
      0       0       0 2.28866       0       0       0       0       0       0
      0       0       0       0       0       0       0 2.29155       0       0
      0       0       0       0       0       0 2.27566       0       0       0
      0 2.16528       0       0       0       0       0       0       0       0
      0       0       0       0       0       0 2.32116       0       0       0
      0       0 2.12443       0       0       0       0       0       0       0
      0 2.13028       0       0       0       0       0       0       0       0
      0       0       0       0       0       0       0       0       0 2.28885
      0       0 2.30621       0       0       0       0       0       0       0
      0       0       0       0       0       0       0       0 2.31256       0
      0       0       0       0       0       0 2.33148       0       0       0
      0 2.24472       0       0       0       0       0       0       0       0
      0       0       0       0       0       0       0       0       0 2.31275
      0       0       0       0       0 2.40907       0       0       0       0
      0       0 2.27769       0       0       0       0       0       0       0
      0       0       0       0       0 2.40112       0       0       0       0
      0       0       0       0 2.35916       0       0       0       0       0
      0       0       0       0 2.33288       0       0       0       0       0
      0       0 2.30624       0       0       0       0       0       0       0
      0       0       0       0       0       0       0       0 2.32557       0
      0       0       0 2.18002       0       0       0       0       0       0
      0       0       0       0       0       0       0       0 2.31141       0
      0       0 2.32746       0       0       0       0       0       0       0
      0       0       0       0 2.36297       0       0       0       0       0
      0       0       0       0       0 2.40907       0       0       0       0
2.29373       0       0       0       0       0       0       0       0       0
      0       0       0 2.28866       0       0       0       0       0       0
      0 2.15947       0       0       0       0       0       0       0       0
      0       0       0       0       0       0       0 2.20528       0       0
      0       0       0       0       0       0       0 2.27381       0       0
      0       0       0       0       0 2.40907       0       0       0       0
      0       0       0       0       0       0       0 2.27381       0       0
      0       0       0       0       0       0       0       0       0 2.28313
      0       0       0       0       0       0       0 2.28625       0       0
      0 2.17938       0       0       0       0       0       0       0       0
      0       0       0       0       0       0       0       0       0 2.29696
      0       0 2.30185       0       0       0       0       0       0       0
      0 2.20379       0       0       0       0       0       0       0       0
      0       0       0       0 2.33329       0       0       0       0       0
      0       0 2.35142       0       0       0       0       0       0       0
      0       0       0       0       0       0       0       0       0 2.29696
      0       0 2.30621       0       0       0       0       0       0       0
2.22284       0       0       0       0       0       0       0       0       0
      0       0       0       0 2.34868       0       0       0       0       0
      0       0       0       0       0       0       0       0       0 2.29001
      0 2.13084       0       0       0       0       0       0       0       0
      0       0       0       0 2.34907       0       0       0       0       0
      0       0       0       0       0       0       0       0 2.31665       0
      0 2.18903       0       0       0       0       0       0       0       0
      0       0       0       0       0       0       0       0 2.31943       0
      0       0       0       0 2.09921       0       0       0       0       0
      0       0       0       0       0 2.41001       0       0       0       0
      0       0       0       0       0       0       0       0       0  2.2715
      0       0       0       0       0       0       0       0 2.31256       0
      0       0       0       0       0       0       0       0 2.30906       0
      0       0       0 2.28866       0       0       0       0       0       0
      0       0       0       0       0       0       0 2.26075       0       0
      0       0       0       0       0       0 2.28509       0       0       0
2.29373       0       0       0       0       0       0       0       0       0
2.29373       0       0       0       0       0       0       0       0       0
      0       0       0 2.28866       0       0       0       0       0       0
2.36079       0       0       0       0       0       0       0       0       0
      0       0 2.29122       0       0       0       0       0       0       0
      0       0       0       0       0       0 2.32247       0       0       0
      0       0       0       0       0       0 2.32116       0       0       0
      0       0       0       0 2.34868       0       0       0       0       0
      0       0       0       0       0       0       0       0       0 2.29696
      0       0       0 2.28866       0       0       0       0       0       0
      0       0       0 2.28866       0       0       0       0       0       0
      0       0       0 2.28866       0       0       0       0       0       0
      0       0 2.30065       0       0       0       0       0       0       0
      0       0       0 2.33277       0       0       0       0       0       0
      0       0       0       0       0       0       0       0       0 2.29696
      0 2.17993       0       0       0       0       0       0       0       0
      0       0 2.27752       0       0       0       0       0       0       0
      0       0       0       0       0       0 2.28827       0       0       0
      0       0       0       0       0       0       0       0 2.31193       0
2.29058       0       0       0       0       0       0       0       0       0
      0       0       0       0       0 2.31582       0       0       0       0
      0       0       0       0       0       0 2.32116       0       0       0
      0       0       0       0       0       0 2.31968       0       0       0
      0       0       0       0       0       0 2.32116       0       0       0
      0       0       0 2.28866       0       0       0       0       0       0
      0       0       0       0       0       0       0       0 2.31256       0
      0       0       0       0       0       0       0       0 2.31256       0
      0       0 2.30621       0       0       0       0       0       0       0
      0       0       0       0       0       0       0 2.27381       0       0
      0       0       0       0       0 2.37853       0       0       0       0
      0       0       0       0       0       0       0       0 2.31256       0
      0       0       0       0       0       0       0       0       0 2.25967
      0       0       0       0       0       0 2.32116       0       0       0
      0 2.12391       0       0       0       0       0       0       0       0
      0       0       0       0       0       0       0       0 2.31256       0
      0       0       0       0 2.26915       0       0       0       0       0
      0 2.18903       0       0       0       0       0       0       0       0
      0       0 2.32759       0       0       0       0       0       0       0
      0       0       0       0       0 2.41257       0       0       0       0
      0       0       0       0       0       0       0       0       0 2.30745
      0 2.12841       0       0       0       0       0       0       0       0
      0       0       0       0       0       0       0       0       0 2.29696
      0       0       0       0       0       0       0 2.06187       0       0
      0       0       0       0       0 2.34531       0       0       0       0
      0       0       0       0 2.34868       0       0       0       0       0
2.25203       0       0       0       0       0       0       0       0       0
      0       0       0       0       0       0       0       0 2.29455       0
      0       0       0       0       0       0       0       0       0 2.28436
      0       0       0       0       0       0       0       0       0 2.26877
      0 2.17099       0       0       0       0       0       0       0       0
2.29838       0       0       0       0       0       0       0       0       0
      0       0       0       0       0 2.40799       0       0       0       0
      0       0 2.31846       0       0       0       0       0       0       0
      0       0       0 2.27379       0       0       0       0       0       0
      0       0       0       0       0       0       0 2.27189       0       0
      0       0       0       0       0       0       0       0 2.31256       0
      0       0       0       0       0       0       0       0       0 2.29696
      0       0       0       0 2.34868       0       0       0       0       0
2.33389       0       0       0       0       0       0       0       0       0
      0       0       0       0       0       0 2.30269       0       0       0
      0       0       0 2.28866       0       0       0       0       0       0
      0       0       0       0       0       0       0       0       0 2.29696
      0       0       0       0       0 2.40907       0       0       0       0
      0       0 2.26106       0       0       0       0       0       0       0
      0 2.20636       0       0       0       0       0       0       0       0
      0       0       0 2.28866       0       0       0       0       0       0
      0 2.20041       0       0       0       0       0       0       0       0
      0       0       0  2.2949       0       0       0       0       0       0
      0       0       0       0       0       0 2.28807       0       0       0
      0       0       0       0       0 2.40907       0       0       0       0
      0       0       0       0       0       0       0 2.26529       0       0
      0       0       0       0 2.34868       0       0       0       0       0
      0       0 2.30621       0       0       0       0       0       0       0
      0       0 2.30621       0       0       0       0       0       0       0
      0       0       0       0       0       0 2.32116       0       0       0
      0       0       0 2.28071       0       0       0       0       0       0
      0       0 2.36281       0       0       0       0       0       0       0
      0       0       0       0       0       0 2.29987       0       0       0
      0       0       0       0       0 2.39426       0       0       0       0
      0       0       0       0 2.31116       0       0       0       0       0
      0       0       0       0       0       0       0       0 2.33168       0
      0       0       0       0       0       0       0       0       0 2.20641
      0       0       0       0       0       0       0 2.29319       0       0
      0 2.25048       0       0       0       0       0       0       0       0
      0       0       0 2.32426       0       0       0       0       0       0
2.26682       0       0       0       0       0       0       0       0       0
      0       0       0 2.28866       0       0       0       0       0       0
      0       0       0       0       0       0       0       0 2.31256       0
      0       0       0 2.31785       0       0       0       0       0       0
      0 2.17977       0       0       0       0       0       0       0       0
      0       0       0       0       0       0       0       0       0 2.25451
      0       0       0 2.24678       0       0       0       0       0       0
      0       0       0       0 2.35012       0       0       0       0       0
      0       0       0       0 2.32237       0       0       0       0       0
      0       0       0       0       0       0 2.32116       0       0       0
      0       0       0       0 2.34437       0       0       0       0       0
      0       0 2.28597       0       0       0       0       0       0       0
      0  2.1869       0       0       0       0       0       0       0       0
      0       0       0       0       0       0       0       0 2.33261       0
      0       0 2.30621       0       0       0       0       0       0       0
      0       0       0       0       0 2.40907       0       0       0       0
      0       0       0       0 2.34868       0       0       0       0       0
      0       0       0       0       0       0       0       0 2.32148       0
      0       0       0       0       0       0       0       0 2.19684       0
      0       0       0       0 2.34868       0       0       0       0       0
2.27561       0       0       0       0       0       0       0       0       0
2.28414       0       0       0       0       0       0       0       0       0
      0       0  2.2948       0       0       0       0       0       0       0
      0       0       0 2.28866       0       0       0       0       0       0
      0       0 2.30099       0       0       0       0       0       0       0
      0       0       0       0       0       0       0 2.26283       0       0
      0       0       0       0       0       0       0 2.27114       0       0
2.29373       0       0       0       0       0       0       0       0       0
      0       0       0       0       0       0       0       0 2.31256       0
      0       0       0       0       0       0       0 2.27381       0       0
      0       0       0       0 2.15052       0       0       0       0       0
      0       0       0       0 2.32407       0       0       0       0       0
      0       0       0       0       0       0       0 2.27381       0       0
      0       0       0       0       0       0       0       0       0 2.29239
      0       0       0       0       0       0 2.32116       0       0       0
      0       0       0       0       0       0       0       0       0 2.29696
2.22541       0       0       0       0       0       0       0       0       0
      0       0       0       0       0       0       0       0       0 2.30714
      0       0       0       0       0       0       0       0 2.31256       0
2.24332       0       0       0       0       0       0       0       0       0
      0       0       0       0 2.34868       0       0       0       0       0
      0       0       0       0       0       0 2.30557       0       0       0
2.29373       0       0       0       0       0       0       0       0       0
      0       0       0       0       0       0 2.32116       0       0       0
      0       0       0 2.32492       0       0       0       0       0       0
      0       0       0       0       0 2.40907       0       0       0       0
      0       0       0       0  2.3084       0       0       0       0       0
      0       0       0       0       0       0       0       0 2.31256       0
      0       0       0 2.28866       0       0       0       0       0       0
      0       0       0  2.2629       0       0       0       0       0       0
      0       0       0       0       0       0       0       0       0 2.29696
      0       0       0 2.28866       0       0       0       0       0       0
      0       0       0 2.27951       0       0       0       0       0       0
      0       0       0 2.25461       0       0       0       0       0       0
      0       0       0       0       0       0       0 2.27381       0       0
      0       0       0       0       0       0       0       0 2.31256       0
 2.2095       0       0       0       0       0       0       0       0       0
      0       0       0       0       0       0       0       0 2.31256       0
      0       0 2.29714       0       0       0       0       0       0       0
      0 2.18392       0       0       0       0       0       0       0       0
      0       0       0       0       0       0       0  2.2478       0       0
2.28575       0       0       0       0       0       0       0       0       0
      0       0       0       0       0       0 2.29112       0       0       0
      0       0       0       0       0 2.41715       0       0       0       0
      0       0       0       0 2.30547       0       0       0       0       0
      0       0       0 2.28866       0       0       0       0       0       0
      0       0       0       0       0       0       0       0 2.31256       0
2.29373       0       0       0       0       0       0       0       0       0
      0       0       0       0       0       0       0       0       0 2.29677
      0       0       0       0       0       0 2.32116       0       0       0
      0       0       0 2.28866       0       0       0       0       0       0
      0       0       0       0       0       0       0       0 2.31256       0
2.29632       0       0       0       0       0       0       0       0       0
      0       0       0       0       0       0       0       0       0 2.29696
      0       0       0       0       0       0       0       0       0 2.29165
      0       0       0       0       0       0 2.43017       0       0       0
      0       0       0       0       0       0       0       0 2.31256       0
      0       0       0       0       0       0 2.32116       0       0       0
      0       0       0       0       0       0       0       0 2.30972       0
      0       0       0       0       0 2.35299       0       0       0       0
      0       0       0       0       0       0       0 2.21508       0       0
      0       0       0       0       0       0       0       0 2.31256       0
      0       0       0       0       0       0 2.28244       0       0       0
2.28146       0       0       0       0       0       0       0       0       0
      0       0 2.30316       0       0       0       0       0       0       0
      0       0       0       0 2.28598       0       0       0       0       0
2.29373       0       0       0       0       0       0       0       0       0
      0       0 2.29717       0       0       0       0       0       0       0
      0       0 2.25681       0       0       0       0       0       0       0
      0       0       0 2.31876       0       0       0       0       0       0
      0   2.183       0       0       0       0       0       0       0       0
      0       0       0       0       0       0       0       0       0 2.26852
      0       0       0       0       0       0       0 2.28668       0       0
      0       0       0       0       0 2.40907       0       0       0       0
      0 2.18903       0       0       0       0       0       0       0       0
2.29373       0       0       0       0       0       0       0       0       0
      0       0       0       0       0       0       0       0 2.31256       0
      0       0       0       0 2.34868       0       0       0       0       0
      0       0       0       0       0       0 2.32116       0       0       0
      0       0 2.30646       0       0       0       0       0       0       0
      0       0       0       0       0       0 2.32116       0       0       0
      0       0       0       0       0       0       0 2.27381       0       0
      0       0       0       0       0       0       0       0       0 2.29655
      0       0       0  2.3291       0       0       0       0       0       0
      0       0 2.28689       0       0       0       0       0       0       0
      0       0       0       0       0       0       0       0       0 2.23985
      0       0       0       0       0       0       0       0 2.31256       0
      0       0 2.30621       0       0       0       0       0       0       0
      0       0 2.30621       0       0       0       0       0       0       0
      0       0       0       0       0       0       0       0       0 2.27788
      0       0 2.24709       0       0       0       0       0       0       0
      0       0       0       0       0       0       0 2.00788       0       0
      0       0       0 2.28174       0       0       0       0       0       0
      0       0       0       0       0 2.29494       0       0       0       0
      0       0       0       0       0       0       0       0       0 2.29696
      0 2.18903       0       0       0       0       0       0       0       0
      0       0       0       0       0       0       0       0 2.31256       0
2.29373       0       0       0       0       0       0       0       0       0
      0       0 2.30621       0       0       0       0       0       0       0
2.26357       0       0       0       0       0       0       0       0       0
      0       0       0       0       0 2.40907       0       0       0       0
      0       0 2.25584       0       0       0       0       0       0       0
      0 2.18285       0       0       0       0       0       0       0       0
      0       0       0 2.28866       0       0       0       0       0       0
      0       0       0       0       0       0       0 2.21711       0       0
      0       0       0       0       0       0 2.32116       0       0       0
      0       0       0       0       0       0       0 2.27381       0       0
      0 2.15415       0       0       0       0       0       0       0       0
      0       0 2.28259       0       0       0       0       0       0       0
      0       0       0       0       0 2.40531       0       0       0       0
      0       0       0       0       0       0       0       0 2.31256       0
2.29373       0       0       0       0       0       0       0       0       0
      0       0       0 2.28866       0       0       0       0       0       0
      0       0       0       0       0       0       0 2.26625       0       0
      0       0 2.30621       0       0       0       0       0       0       0
      0       0       0       0 2.28265       0       0       0       0       0
2.29373       0       0       0       0       0       0       0       0       0
      0       0       0       0       0       0       0       0       0 2.23558
      0 2.17907       0       0       0       0       0       0       0       0
      0       0       0       0       0       0       0       0 2.32916       0
      0       0       0       0       0       0 2.32116       0       0       0
      0       0       0       0       0       0       0 2.25836       0       0
      0       0       0       0       0       0       0  2.3222       0       0
      0       0       0       0 2.31808       0       0       0       0       0
      0       0       0 2.29343       0       0       0       0       0       0
      0       0       0       0 2.34868       0       0       0       0       0
      0       0       0       0       0       0       0       0       0 2.28207
      0 2.18537       0       0       0       0       0       0       0       0
      0       0       0       0       0       0       0       0       0 2.29696
      0       0       0       0       0 2.40907       0       0       0       0
      0  2.1873       0       0       0       0       0       0       0       0
      0       0       0       0       0       0       0 2.25084       0       0
      0       0       0 2.28866       0       0       0       0       0       0
      0       0       0       0       0       0       0       0       0 2.29377
      0       0       0       0       0       0       0 2.29771       0       0
      0       0       0       0       0       0 2.32116       0       0       0
      0       0       0       0       0       0       0       0       0 2.29696
      0 2.17188       0       0       0       0       0       0       0       0
      0       0       0 2.29587       0       0       0       0       0       0
      0       0       0       0       0       0       0 2.27881       0       0
      0       0       0       0       0       0       0       0 2.32149       0
      0       0       0 2.28866       0       0       0       0       0       0
      0       0       0 2.32831       0       0       0       0       0       0
      0       0       0       0       0       0 2.32116       0       0       0
      0       0       0       0       0       0       0 2.17143       0       0
      0       0 2.26186       0       0       0       0       0       0       0
      0       0       0       0       0       0       0       0 2.31256       0
      0       0       0       0       0 2.44713       0       0       0       0
      0       0       0       0       0       0       0       0 2.31256       0
      0       0       0       0       0 2.34654       0       0       0       0
      0 2.16331       0       0       0       0       0       0       0       0
      0 2.13155       0       0       0       0       0       0       0       0
      0       0       0       0 2.34868       0       0       0       0       0
      0       0       0       0 2.28405       0       0       0       0       0
      0       0       0 2.28217       0       0       0       0       0       0
      0 2.18903       0       0       0       0       0       0       0       0
2.29373       0       0       0       0       0       0       0       0       0
      0       0       0       0       0       0       0 2.27381       0       0
      0       0       0       0       0       0       0 2.27404       0       0
2.28284       0       0       0       0       0       0       0       0       0
      0       0       0       0       0       0       0 2.27381       0       0
      0       0       0       0       0       0       0       0       0 2.21228
      0       0       0       0 2.34868       0       0       0       0       0
      0       0       0       0 2.30938       0       0       0       0       0
      0       0       0       0       0       0       0       0 2.31256       0
      0       0       0       0       0 2.40907       0       0       0       0
      0       0       0       0       0 2.38668       0       0       0       0
      0       0       0       0 2.34868       0       0       0       0       0
 2.1666       0       0       0       0       0       0       0       0       0
      0       0       0       0       0       0       0       0 2.29814       0
      0       0 2.30621       0       0       0       0       0       0       0
      0 2.09101       0       0       0       0       0       0       0       0
2.25445       0       0       0       0       0       0       0       0       0
      0       0       0       0       0       0       0       0 2.31256       0
      0       0       0       0 2.35247       0       0       0       0       0
      0       0       0       0       0 2.36727       0       0       0       0
2.23588       0       0       0       0       0       0       0       0       0
      0       0       0       0 2.34868       0       0       0       0       0
2.29315       0       0       0       0       0       0       0       0       0
      0       0       0       0       0       0 2.24831       0       0       0
      0 2.15261       0       0       0       0       0       0       0       0
      0       0       0       0       0       0       0 2.24143       0       0
      0       0       0 2.29809       0       0       0       0       0       0
      0       0 2.27624       0       0       0       0       0       0       0
      0       0       0       0       0       0 2.32116       0       0       0
      0       0       0       0       0       0       0 2.25208       0       0
      0       0 2.28513       0       0       0       0       0       0       0
      0       0       0       0       0       0 2.32116       0       0       0
      0       0       0       0       0       0       0       0       0 2.29696
      0       0       0 2.29595       0       0       0       0       0       0
      0 2.18903       0       0       0       0       0       0       0       0
      0       0       0       0 2.34868       0       0       0       0       0
      0       0       0       0       0       0 2.27875       0       0       0
      0       0 2.29095       0       0       0       0       0       0       0
      0       0       0       0       0 2.40907       0       0       0       0
      0       0       0       0 2.34868       0       0       0       0       0
      0       0 2.26054       0       0       0       0       0       0       0
2.29373       0       0       0       0       0       0       0       0       0
      0       0       0       0       0       0 2.32116       0       0       0
      0       0 2.30564       0       0       0       0       0       0       0
      0 2.18903       0       0       0       0       0       0       0       0
      0       0       0       0       0       0       0 2.28322       0       0
      0       0       0 2.28908       0       0       0       0       0       0
      0       0       0       0 2.34667       0       0       0       0       0
      0  2.1645       0       0       0       0       0       0       0       0
2.29667       0       0       0       0       0       0       0       0       0
      0       0       0       0       0 2.40907       0       0       0       0
      0       0       0       0 2.30809       0       0       0       0       0
      0       0       0 2.28866       0       0       0       0       0       0
      0 2.18134       0       0       0       0       0       0       0       0
      0 2.06637       0       0       0       0       0       0       0       0
      0       0       0       0       0       0       0 2.24322       0       0
      0       0       0       0 2.35108       0       0       0       0       0
      0       0       0       0       0       0       0       0       0 2.29222
      0       0       0       0       0       0       0       0       0  2.2957
      0       0       0       0 2.26375       0       0       0       0       0
      0       0       0       0       0       0       0       0 2.31256       0
      0       0       0       0 2.34868       0       0       0       0       0
2.14267       0       0       0       0       0       0       0       0       0
      0       0 2.30123       0       0       0       0       0       0       0
      0       0       0       0 2.35341       0       0       0       0       0
      0       0       0       0       0 2.40907       0       0       0       0
      0 2.17641       0       0       0       0       0       0       0       0
      0 2.15694       0       0       0       0       0       0       0       0
      0       0       0       0       0       0 2.32116       0       0       0
      0       0       0       0 2.33865       0       0       0       0       0
      0       0       0       0       0       0       0 2.26968       0       0
      0 2.17618       0       0       0       0       0       0       0       0
      0       0       0       0       0       0       0       0       0 2.19157
      0       0       0       0 2.30761       0       0       0       0       0
      0       0 2.30621       0       0       0       0       0       0       0
      0       0       0       0 2.34868       0       0       0       0       0
      0 2.18903       0       0       0       0       0       0       0       0
      0       0       0       0       0 2.40907       0       0       0       0
      0       0       0       0       0  2.3996       0       0       0       0
      0       0       0  2.1943       0       0       0       0       0       0
      0       0       0       0       0       0       0       0 2.32591       0
      0       0       0 2.28866       0       0       0       0       0       0
      0 2.16317       0       0       0       0       0       0       0       0
      0       0       0       0 2.34868       0       0       0       0       0
      0       0       0       0       0 2.40714       0       0       0       0
      0       0       0       0       0       0 2.31488       0       0       0
      0       0       0       0       0       0       0       0 2.31682       0
      0       0       0       0       0       0       0       0       0 2.29696
      0       0       0       0 2.32134       0       0       0       0       0
      0 2.18903       0       0       0       0       0       0       0       0
      0       0       0       0       0 2.36273       0       0       0       0
      0       0       0 2.28866       0       0       0       0       0       0
      0       0       0       0       0       0       0       0 2.30468       0
2.29373       0       0       0       0       0       0       0       0       0
      0       0       0 2.32708       0       0       0       0       0       0
      0       0 2.29761       0       0       0       0       0       0       0
      0       0       0       0       0 2.35829       0       0       0       0
      0  2.1851       0       0       0       0       0       0       0       0
      0       0 2.30621       0       0       0       0       0       0       0
      0       0       0       0       0       0       0       0 2.31256       0
      0       0       0 2.28866       0       0       0       0       0       0
      0       0       0       0 2.31498       0       0       0       0       0
      0       0       0       0 2.30991       0       0       0       0       0
2.29484       0       0       0       0       0       0       0       0       0
      0       0       0       0       0       0       0       0 2.31256       0
      0       0       0       0       0       0       0       0 2.38468       0
      0       0       0 2.27171       0       0       0       0       0       0
      0       0       0 2.28866       0       0       0       0       0       0
      0 2.06008       0       0       0       0       0       0       0       0
      0       0       0       0       0       0       0 2.27381       0       0
      0       0       0 2.28866       0       0       0       0       0       0
      0       0       0       0       0 2.40907       0       0       0       0
      0       0       0       0       0       0       0       0       0 2.29696
      0       0       0       0       0       0 2.31865       0       0       0
      0       0       0 2.28866       0       0       0       0       0       0
      0       0 2.30621       0       0       0       0       0       0       0
      0       0       0       0       0       0 2.32116       0       0       0
      0 2.18587       0       0       0       0       0       0       0       0
      0       0       0 2.28866       0       0       0       0       0       0
      0       0       0       0       0       0 2.32116       0       0       0
2.20525       0       0       0       0       0       0       0       0       0
      0       0       0       0       0       0       0 2.13231       0       0
      0       0 2.30621       0       0       0       0       0       0       0
      0 2.16667       0       0       0       0       0       0       0       0
      0       0       0       0       0       0       0 2.26781       0       0
      0 2.17279       0       0       0       0       0       0       0       0
      0       0       0       0 2.41922       0       0       0       0       0
      0       0 2.24413       0       0       0       0       0       0       0
      0       0       0       0 2.34314       0       0       0       0       0
      0       0 2.19963       0       0       0       0       0       0       0
      0 2.18903       0       0       0       0       0       0       0       0
      0       0       0       0       0       0       0 2.27636       0       0
      0       0       0       0       0       0       0       0       0 2.29696
      0       0       0       0       0       0 2.34725       0       0       0
      0 2.17597       0       0       0       0       0       0       0       0
      0 2.18722       0       0       0       0       0       0       0       0
      0       0 2.25816       0       0       0       0       0       0       0
      0       0       0       0 2.38235       0       0       0       0       0
      0       0       0       0       0       0       0       0 2.31256       0
      0 2.18903       0       0       0       0       0       0       0       0
      0       0       0       0       0       0       0 2.10155       0       0
      0       0       0       0       0       0       0  2.2393       0       0
      0       0       0       0 2.34868       0       0       0       0       0
      0       0       0       0       0       0       0       0 2.32655       0
2.29373       0       0       0       0       0       0       0       0       0
      0       0       0       0       0       0       0 2.27092       0       0
      0       0       0 2.28866       0       0       0       0       0       0
      0 2.17143       0       0       0       0       0       0       0       0
      0       0       0 2.28866       0       0       0       0       0       0
      0 2.18903       0       0       0       0       0       0       0       0
2.29373       0       0       0       0       0       0       0       0       0
      0       0       0       0       0       0       0 2.18078       0       0
      0       0       0       0       0       0       0 2.24368       0       0
2.29373       0       0       0       0       0       0       0       0       0
      0       0       0 2.28866       0       0       0       0       0       0
      0       0       0       0       0 2.37147       0       0       0       0
      0       0       0       0       0 2.40907       0       0       0       0
      0       0 2.29181       0       0       0       0       0       0       0
      0       0       0       0       0       0       0  2.2463       0       0
      0       0       0       0       0       0 2.32051       0       0       0
      0       0       0       0       0       0 2.14557       0       0       0
      0       0       0       0       0       0       0       0       0 2.29696
      0       0 2.34803       0       0       0       0       0       0       0
      0       0       0       0       0       0       0       0 2.31256       0
      0       0       0 2.28866       0       0       0       0       0       0
      0       0       0       0       0 2.40907       0       0       0       0
      0       0 2.23395       0       0       0       0       0       0       0
      0       0 2.29319       0       0       0       0       0       0       0
      0       0       0       0       0 2.40907       0       0       0       0
      0       0       0       0       0       0 2.28313       0       0       0
2.29373       0       0       0       0       0       0       0       0       0
      0       0       0       0       0       0       0       0 2.31256       0
      0       0 2.29628       0       0       0       0       0       0       0
      0       0       0       0       0       0       0       0       0 2.29528
      0       0 2.30621       0       0       0       0       0       0       0
      0       0       0       0       0       0       0       0 2.31256       0
      0       0       0       0       0       0       0       0 2.33626       0
      0       0       0       0       0       0       0       0 2.32526       0
      0       0       0       0       0       0       0       0 2.30059       0
      0       0       0       0       0       0       0 2.27435       0       0
      0       0       0       0 2.34868       0       0       0       0       0
      0       0       0       0       0       0       0       0       0 2.25332
      0       0       0 2.16653       0       0       0       0       0       0
2.23681       0       0       0       0       0       0       0       0       0
      0       0       0       0       0       0 2.32116       0       0       0
      0       0       0       0       0       0 2.32116       0       0       0
      0       0       0 2.27029       0       0       0       0       0       0
      0       0 2.17806       0       0       0       0       0       0       0
      0 2.18532       0       0       0       0       0       0       0       0
      0       0       0  2.2493       0       0       0       0       0       0
      0       0 2.14549       0       0       0       0       0       0       0
      0       0 2.29211       0       0       0       0       0       0       0
      0       0       0       0       0       0       0       0       0 2.28532
      0       0       0 2.28866       0       0       0       0       0       0
2.29373       0       0       0       0       0       0       0       0       0
2.20719       0       0       0       0       0       0       0       0       0
      0       0       0       0       0 2.32919       0       0       0       0
      0       0       0       0       0       0       0 2.24388       0       0
      0       0       0       0       0       0       0       0 2.31256       0
      0 2.19339       0       0       0       0       0       0       0       0
      0       0       0       0 2.29413       0       0       0       0       0
      0       0       0       0 2.21832       0       0       0       0       0
      0       0       0       0       0       0 2.32116       0       0       0
2.28484       0       0       0       0       0       0       0       0       0
      0       0 2.30621       0       0       0       0       0       0       0
      0       0       0       0       0       0       0       0       0 2.28758
      0 2.17286       0       0       0       0       0       0       0       0
      0       0       0       0 2.29121       0       0       0       0       0
      0       0       0       0       0       0       0 2.06252       0       0
      0       0       0       0 2.32284       0       0       0       0       0
      0       0       0       0       0       0       0 2.27128       0       0
      0       0       0 2.28866       0       0       0       0       0       0
      0       0       0       0       0       0       0       0       0 2.28413
      0       0       0       0       0       0       0       0  2.2954       0
      0       0       0       0       0       0       0       0 2.31256       0
      0       0       0       0 2.26075       0       0       0       0       0
      0       0       0       0       0       0       0 2.27083       0       0
      0 2.14238       0       0       0       0       0       0       0       0
      0       0 2.33107       0       0       0       0       0       0       0
      0 2.15832       0       0       0       0       0       0       0       0
      0       0 2.30621       0       0       0       0       0       0       0
      0       0 2.20614       0       0       0       0       0       0       0
      0       0       0 2.28866       0       0       0       0       0       0
      0       0 2.30621       0       0       0       0       0       0       0
      0       0       0 2.19809       0       0       0       0       0       0
      0       0 2.27857       0       0       0       0       0       0       0
      0       0       0 2.28576       0       0       0       0       0       0
      0       0       0       0       0       0       0       0       0 2.25628
      0  2.1545       0       0       0       0       0       0       0       0
      0       0       0       0       0       0       0 2.25189       0       0
      0       0       0       0 2.25564       0       0       0       0       0
2.08758       0       0       0       0       0       0       0       0       0
      0       0       0 2.29067       0       0       0       0       0       0
      0       0       0       0       0 2.40907       0       0       0       0
      0       0       0       0       0 2.39389       0       0       0       0
      0       0       0       0       0       0       0       0 2.31256       0
      0       0       0       0       0       0 2.33681       0       0       0
      0       0       0 2.28866       0       0       0       0       0       0
      0       0 2.29872       0       0       0       0       0       0       0
      0       0       0       0       0       0 2.32116       0       0       0
      0       0       0       0       0       0       0 2.27035       0       0
      0       0       0       0       0       0 2.32173       0       0       0
      0       0       0       0       0       0 2.36206       0       0       0
      0       0       0  2.2579       0       0       0       0       0       0
      0       0 2.30621       0       0       0       0       0       0       0
      0       0       0       0       0       0       0 2.28099       0       0
      0       0       0       0       0       0       0       0 2.31256       0
      0 2.17385       0       0       0       0       0       0       0       0
      0  2.1142       0       0       0       0       0       0       0       0
      0       0       0       0       0       0       0 2.27381       0       0
      0       0       0       0       0 2.41798       0       0       0       0
      0       0       0       0       0       0 2.20237       0       0       0
      0       0       0       0 2.33975       0       0       0       0       0
      0       0       0       0       0       0       0       0       0  2.2272
      0       0       0       0       0 2.40907       0       0       0       0
      0 2.18903       0       0       0       0       0       0       0       0
      0       0       0 2.26555       0       0       0       0       0       0
      0       0       0 2.30246       0       0       0       0       0       0
      0       0       0       0 2.37098       0       0       0       0       0
      0       0       0       0       0       0       0  2.2715       0       0
      0       0       0       0       0       0       0       0 2.31245       0
      0       0       0       0       0       0       0       0       0  2.2787
      0 2.13123       0       0       0       0       0       0       0       0
      0 2.17078       0       0       0       0       0       0       0       0
      0       0       0       0       0       0 2.32116       0       0       0
      0       0       0       0       0       0       0       0       0 2.29464
      0 2.19264       0       0       0       0       0       0       0       0
      0       0       0       0 2.34868       0       0       0       0       0
      0       0       0       0 2.26732       0       0       0       0       0
      0       0       0       0       0 2.36114       0       0       0       0
      0       0       0       0 2.34868       0       0       0       0       0
2.29373       0       0       0       0       0       0       0       0       0
      0       0       0       0       0       0 2.32116       0       0       0
      0       0 2.30621       0       0       0       0       0       0       0
      0       0 2.30621       0       0       0       0       0       0       0
      0       0       0 2.28866       0       0       0       0       0       0
      0 2.18903       0       0       0       0       0       0       0       0
      0       0       0       0       0 2.40907       0       0       0       0
      0 2.16583       0       0       0       0       0       0       0       0
      0       0 2.30895       0       0       0       0       0       0       0
2.26944       0       0       0       0       0       0       0       0       0
      0       0       0 2.28866       0       0       0       0       0       0
      0       0       0       0       0       0       0       0 2.30695       0
      0 2.19148       0       0       0       0       0       0       0       0
      0       0 2.30621       0       0       0       0       0       0       0
      0       0       0       0       0       0 2.32116       0       0       0
      0       0       0       0       0       0       0 2.28496       0       0
      0 2.05717       0       0       0       0       0       0       0       0
      0       0       0       0       0       0 2.32116       0       0       0
      0       0  2.3025       0       0       0       0       0       0       0
      0       0       0 2.29213       0       0       0       0       0       0
      0       0       0       0       0       0       0       0       0 2.29696
2.29373       0       0       0       0       0       0       0       0       0
      0 2.18903       0       0       0       0       0       0       0       0
      0       0 2.30511       0       0       0       0       0       0       0
      0       0 2.30621       0       0       0       0       0       0       0
2.29373       0       0       0       0       0       0       0       0       0
      0       0       0       0       0       0       0       0 2.31256       0
      0       0       0       0       0       0       0       0       0 2.26416
      0       0       0       0       0       0       0       0       0 2.29696
2.29373       0       0       0       0       0       0       0       0       0
      0       0 2.30271       0       0       0       0       0       0       0
      0       0       0       0       0 2.40907       0       0       0       0
      0 2.18075       0       0       0       0       0       0       0       0
      0       0       0       0       0       0       0       0       0 2.28728
      0       0       0       0       0       0       0 2.21801       0       0
      0       0       0       0       0       0       0       0 2.31256       0
      0 2.18567       0       0       0       0       0       0       0       0
2.25463       0       0       0       0       0       0       0       0       0
      0       0       0       0 2.34868       0       0       0       0       0
      0 2.18508       0       0       0       0       0       0       0       0
      0       0       0       0       0       0       0 2.25689       0       0
      0       0       0       0       0       0       0       0       0 2.26881
      0       0       0       0       0       0 2.42122       0       0       0
      0       0       0       0  2.3216       0       0       0       0       0
      0       0 2.29544       0       0       0       0       0       0       0
      0       0       0       0       0       0 2.27247       0       0       0
      0       0       0       0       0       0       0       0 2.31256       0
      0 2.11642       0       0       0       0       0       0       0       0
      0       0       0 2.24806       0       0       0       0       0       0
      0       0       0       0       0       0       0 2.12836       0       0
      0       0       0       0       0 2.40907       0       0       0       0
      0       0       0       0  2.3458       0       0       0       0       0
      0       0       0       0 2.29348       0       0       0       0       0
      0 2.19453       0       0       0       0       0       0       0       0
      0       0       0       0       0       0       0       0 2.31863       0
      0 2.18969       0       0       0       0       0       0       0       0
      0       0       0 2.28866       0       0       0       0       0       0
      0       0       0       0       0       0       0       0 2.31256       0
      0 2.18863       0       0       0       0       0       0       0       0
      0       0 2.21621       0       0       0       0       0       0       0
      0       0       0       0       0 2.41471       0       0       0       0
      0       0       0       0       0       0       0       0 2.31256       0
2.33862       0       0       0       0       0       0       0       0       0
      0       0       0       0       0       0 2.33012       0       0       0
      0       0 2.30621       0       0       0       0       0       0       0
      0 2.19477       0       0       0       0       0       0       0       0
      0 1.96729       0       0       0       0       0       0       0       0
      0       0       0       0       0       0       0 2.27925       0       0
      0 2.16469       0       0       0       0       0       0       0       0
      0       0       0       0       0 2.31946       0       0       0       0
      0       0       0 2.28866       0       0       0       0       0       0
      0       0       0       0 2.34859       0       0       0       0       0
      0       0       0       0       0       0  2.3247       0       0       0
      0       0       0       0       0       0       0       0       0 2.29696
      0       0       0       0       0 2.39946       0       0       0       0
2.27191       0       0       0       0       0       0       0       0       0
      0       0       0       0       0       0       0       0       0  2.2798
      0       0 2.30621       0       0       0       0       0       0       0
      0       0 2.46076       0       0       0       0       0       0       0
      0       0       0       0 2.31288       0       0       0       0       0
      0       0       0       0       0       0       0       0 2.31256       0
      0       0 2.30621       0       0       0       0       0       0       0
      0 2.24972       0       0       0       0       0       0       0       0
      0       0       0       0       0       0       0 2.06169       0       0
      0       0 2.21523       0       0       0       0       0       0       0
      0       0       0       0 2.27654       0       0       0       0       0
      0       0       0       0       0       0       0       0       0 2.29037
      0       0       0       0 2.34868       0       0       0       0       0
      0       0       0       0 2.34868       0       0       0       0       0
2.29373       0       0       0       0       0       0       0       0       0
      0       0       0 2.38292       0       0       0       0       0       0
      0       0       0       0       0       0       0       0       0 2.26924
      0       0 2.15776       0       0       0       0       0       0       0
      0       0 2.30621       0       0       0       0       0       0       0
      0       0       0  2.2822       0       0       0       0       0       0
      0       0       0 2.28866       0       0       0       0       0       0
      0       0       0       0       0       0       0       0 2.31886       0
      0       0       0 2.28866       0       0       0       0       0       0
      0       0       0       0       0 2.40738       0       0       0       0
      0       0       0       0       0       0       0 2.27381       0       0
      0       0       0 2.29365       0       0       0       0       0       0
      0       0       0       0       0 2.39973       0       0       0       0
      0       0       0       0       0       0       0       0  2.3216       0
      0 2.17655       0       0       0       0       0       0       0       0
      0       0  2.1527       0       0       0       0       0       0       0
      0       0       0       0 2.30815       0       0       0       0       0
      0       0       0       0 2.34868       0       0       0       0       0
      0       0       0       0       0       0 2.32116       0       0       0
      0       0       0       0 2.16794       0       0       0       0       0
      0       0       0       0       0       0       0       0       0 2.25303
      0       0       0       0       0 2.40996       0       0       0       0
      0 2.14491       0       0       0       0       0       0       0       0
 2.2899       0       0       0       0       0       0       0       0       0
      0       0       0       0       0       0 2.29754       0       0       0
      0       0       0       0       0       0       0       0       0 2.16992
      0       0       0       0       0 2.40907       0       0       0       0
      0       0       0       0       0       0       0       0       0 2.24131
      0       0       0       0       0 2.40907       0       0       0       0
      0       0       0       0       0       0       0       0       0 2.29696
      0       0       0       0       0       0       0 2.27381       0       0
      0       0       0 2.37217       0       0       0       0       0       0
      0       0       0       0       0       0       0       0 2.28711       0
2.29373       0       0       0       0       0       0       0       0       0
      0       0       0 2.28162       0       0       0       0       0       0
      0       0       0       0       0       0       0 2.22133       0       0
      0 2.16048       0       0       0       0       0       0       0       0
      0       0       0 2.27631       0       0       0       0       0       0
      0       0       0       0       0       0 2.25994       0       0       0
      0       0       0       0       0       0       0 2.27381       0       0
      0       0       0       0       0       0       0       0 2.31256       0
      0       0       0       0       0 2.40907       0       0       0       0
      0       0       0       0       0       0       0       0       0 2.29696
      0       0       0       0       0       0       0 2.24602       0       0
      0       0       0       0       0       0       0       0       0 2.29696
      0       0       0       0       0       0 2.31037       0       0       0
      0       0       0       0       0       0       0       0       0 2.29696
      0       0       0       0       0       0 2.27982       0       0       0
      0       0       0 2.28866       0       0       0       0       0       0
      0       0       0       0       0       0       0 2.19548       0       0
      0       0       0       0 2.29656       0       0       0       0       0
      0       0       0       0 2.34868       0       0       0       0       0
      0       0       0       0       0 2.38344       0       0       0       0
      0       0       0 2.28866       0       0       0       0       0       0
      0       0       0       0       0 2.32996       0       0       0       0
      0       0       0       0 2.34104       0       0       0       0       0
      0       0       0       0       0       0       0  2.3011       0       0
      0       0       0       0       0       0       0       0 2.32405       0
      0       0       0       0       0       0       0 2.27381       0       0
      0       0       0       0       0       0       0       0 2.30745       0
2.29373       0       0       0       0       0       0       0       0       0
      0       0       0       0       0       0       0  2.1208       0       0
      0       0       0       0       0       0 2.32824       0       0       0
      0       0       0       0       0       0       0       0  2.3093       0
      0       0       0       0       0       0       0       0 2.31256       0
      0       0       0       0       0       0       0 2.25576       0       0
      0       0       0 2.28866       0       0       0       0       0       0
      0       0       0 2.31106       0       0       0       0       0       0
      0 2.18903       0       0       0       0       0       0       0       0
      0       0       0       0       0       0       0       0       0 2.29696
      0       0       0       0       0 2.25904       0       0       0       0
      0       0  2.3062       0       0       0       0       0       0       0
      0       0       0       0       0       0       0 2.27381       0       0
      0       0       0 2.28866       0       0       0       0       0       0
      0       0       0       0       0 2.37441       0       0       0       0
      0 2.21391       0       0       0       0       0       0       0       0
      0 2.22584       0       0       0       0       0       0       0       0
      0       0 2.28985       0       0       0       0       0       0       0
      0 2.18903       0       0       0       0       0       0       0       0
      0       0       0       0 2.18684       0       0       0       0       0
      0       0       0       0       0       0       0  2.2714       0       0
      0       0       0       0 2.32754       0       0       0       0       0
      0       0       0       0       0       0       0 2.32419       0       0
      0       0       0       0       0 2.40907       0       0       0       0
      0       0       0       0 2.34353       0       0       0       0       0
      0       0       0       0       0 2.34213       0       0       0       0
      0       0       0       0 2.16417       0       0       0       0       0
2.29373       0       0       0       0       0       0       0       0       0
      0       0       0       0       0       0       0       0 2.31256       0
      0       0       0 2.28866       0       0       0       0       0       0
      0       0       0       0       0       0 2.33105       0       0       0
      0       0       0       0       0       0       0       0       0 2.28154
      0       0       0       0       0       0  2.3098       0       0       0
2.29373       0       0       0       0       0       0       0       0       0
      0       0 2.30461       0       0       0       0       0       0       0
      0       0       0       0       0       0       0   2.256       0       0
      0       0       0       0 2.34687       0       0       0       0       0
      0       0       0       0 2.34868       0       0       0       0       0
      0       0       0       0 2.31348       0       0       0       0       0
      0       0       0       0 2.31921       0       0       0       0       0
      0       0       0       0       0       0 2.32116       0       0       0
      0       0       0       0       0       0 2.28183       0       0       0
      0       0       0       0 2.34868       0       0       0       0       0
      0       0       0       0       0       0       0 2.27381       0       0
      0       0       0       0       0       0       0       0       0 2.28452
      0       0       0 2.26821       0       0       0       0       0       0
      0       0       0       0  2.3066       0       0       0       0       0
      0       0       0       0       0 2.40979       0       0       0       0
      0       0       0       0       0 2.40907       0       0       0       0
      0       0       0       0       0       0       0       0 2.30789       0
      0       0       0       0       0       0       0 2.25938       0       0
      0       0       0 2.28866       0       0       0       0       0       0
      0       0       0       0       0       0       0 2.27381       0       0
      0       0 2.29164       0       0       0       0       0       0       0
      0       0       0       0       0       0       0 2.27381       0       0
2.29373       0       0       0       0       0       0       0       0       0
      0       0 2.28335       0       0       0       0       0       0       0
      0       0       0       0 2.34868       0       0       0       0       0
      0 2.14641       0       0       0       0       0       0       0       0
      0 2.17998       0       0       0       0       0       0       0       0
      0       0       0       0       0       0 2.28938       0       0       0
      0       0       0       0       0       0 2.32116       0       0       0
      0       0       0       0       0       0       0       0       0 2.29696
      0       0 2.30185       0       0       0       0       0       0       0
      0       0       0       0       0       0       0       0 2.38327       0
      0       0       0       0       0       0       0 2.25305       0       0
      0       0 2.34169       0       0       0       0       0       0       0
2.29373       0       0       0       0       0       0       0       0       0
      0 2.07492       0       0       0       0       0       0       0       0
      0       0       0       0       0 2.40284       0       0       0       0
2.36519       0       0       0       0       0       0       0       0       0
      0       0       0       0       0       0       0       0       0 2.29029
      0 2.18903       0       0       0       0       0       0       0       0
      0       0       0       0       0       0       0 2.27381       0       0
2.29373       0       0       0       0       0       0       0       0       0
      0       0       0       0       0       0 2.32893       0       0       0
2.29373       0       0       0       0       0       0       0       0       0
      0       0       0       0       0       0       0       0   2.413       0
      0       0       0       0       0       0 2.31753       0       0       0
      0       0       0       0       0       0       0       0 2.33845       0
      0 2.18903       0       0       0       0       0       0       0       0
      0       0       0       0       0       0       0       0 2.31442       0
2.29373       0       0       0       0       0       0       0       0       0
      0       0       0 2.28866       0       0       0       0       0       0
      0       0       0 2.28866       0       0       0       0       0       0
      0       0       0       0       0       0       0 2.27381       0       0
      0       0 2.19184       0       0       0       0       0       0       0
      0       0       0 2.27995       0       0       0       0       0       0
      0       0       0       0       0       0 2.32056       0       0       0
      0       0 2.30621       0       0       0       0       0       0       0
      0 2.18903       0       0       0       0       0       0       0       0
      0       0       0       0       0       0 2.32116       0       0       0
      0 2.18903       0       0       0       0       0       0       0       0
      0 2.18903       0       0       0       0       0       0       0       0
      0       0       0 2.28866       0       0       0       0       0       0
      0       0       0       0       0       0       0 2.22806       0       0
      0       0       0       0       0       0       0       0       0 2.29696
2.20869       0       0       0       0       0       0       0       0       0
      0       0       0       0       0       0       0       0 2.31256       0
2.21146       0       0       0       0       0       0       0       0       0
      0       0       0       0       0 2.40907       0       0       0       0
      0       0       0       0 2.34308       0       0       0       0       0
2.29373       0       0       0       0       0       0       0       0       0
      0       0 2.09577       0       0       0       0       0       0       0
      0       0       0       0       0       0       0       0 2.31256       0
      0       0       0       0       0       0       0 2.27381       0       0
      0       0 2.30621       0       0       0       0       0       0       0
      0       0       0       0       0       0       0       0       0 2.29696
      0       0       0       0       0       0       0       0 2.17605       0
      0       0       0       0 2.34868       0       0       0       0       0
2.29373       0       0       0       0       0       0       0       0       0
      0       0       0       0       0       0       0       0       0 2.30766
      0       0       0       0       0 2.40907       0       0       0       0
      0       0       0       0       0       0       0       0 2.31256       0
      0       0       0       0       0 2.38019       0       0       0       0
      0 2.17705       0       0       0       0       0       0       0       0
      0       0 2.28196       0       0       0       0       0       0       0
      0 2.17986       0       0       0       0       0       0       0       0
      0       0       0 2.28866       0       0       0       0       0       0
      0 2.18903       0       0       0       0       0       0       0       0
      0       0       0       0       0       0       0 2.25694       0       0
      0       0       0       0 2.34823       0       0       0       0       0
      0       0       0       0       0 2.40907       0       0       0       0
      0       0       0       0       0       0       0 2.28606       0       0
      0       0 2.27335       0       0       0       0       0       0       0
 2.2892       0       0       0       0       0       0       0       0       0
      0       0       0       0       0       0       0       0       0 2.29941
      0       0       0       0       0       0       0       0 2.31433       0
      0       0       0       0       0       0       0       0 2.31256       0
      0       0       0       0       0       0  2.3378       0       0       0
      0       0 2.30284       0       0       0       0       0       0       0
      0       0       0       0       0 2.34885       0       0       0       0
      0       0       0       0 2.34868       0       0       0       0       0
      0 2.17813       0       0       0       0       0       0       0       0
      0       0       0       0       0       0       0       0       0 2.25827
      0       0 2.30621       0       0       0       0       0       0       0
      0 2.18257       0       0       0       0       0       0       0       0
      0       0       0       0       0 2.41177       0       0       0       0
      0       0       0       0       0       0       0       0 2.31785       0
      0       0       0       0       0       0       0 2.26979       0       0
2.29373       0       0       0       0       0       0       0       0       0
      0       0  2.2881       0       0       0       0       0       0       0
      0       0       0       0 2.34742       0       0       0       0       0
      0       0       0       0 2.34868       0       0       0       0       0
      0       0       0 2.27389       0       0       0       0       0       0
      0       0       0       0       0       0 2.30408       0       0       0
      0       0       0       0       0       0       0       0 2.31256       0
      0       0       0       0       0       0       0       0 2.31256       0
      0       0 2.27129       0       0       0       0       0       0       0
      0       0       0       0 2.34868       0       0       0       0       0
  2.239       0       0       0       0       0       0       0       0       0
      0       0       0       0       0 2.26695       0       0       0       0
2.29373       0       0       0       0       0       0       0       0       0
      0       0       0       0  2.3781       0       0       0       0       0
      0       0       0       0  2.3469       0       0       0       0       0
      0       0       0       0       0       0       0 2.27164       0       0
      0       0       0       0       0       0       0       0       0 2.29673
      0       0       0 2.28866       0       0       0       0       0       0
      0       0       0       0 2.32993       0       0       0       0       0
      0 2.19573       0       0       0       0       0       0       0       0
      0       0       0       0       0 2.40907       0       0       0       0
      0       0       0       0       0       0       0       0       0 2.28411
      0       0       0       0       0       0       0 2.27637       0       0
      0       0       0 2.16082       0       0       0       0       0       0
      0       0       0       0       0 2.39685       0       0       0       0
      0       0       0       0       0       0       0       0 2.31256       0
      0       0       0       0       0       0       0       0 2.31256       0
2.29373       0       0       0       0       0       0       0       0       0
      0       0       0       0       0 2.27224       0       0       0       0
      0       0       0 2.27458       0       0       0       0       0       0
      0       0       0 2.29351       0       0       0       0       0       0
      0       0       0       0       0       0 2.32116       0       0       0
      0       0       0       0       0       0 2.31976       0       0       0
2.29142       0       0       0       0       0       0       0       0       0
      0 2.18147       0       0       0       0       0       0       0       0
      0       0       0       0       0       0  2.3244       0       0       0
2.29373       0       0       0       0       0       0       0       0       0
      0       0       0 2.30602       0       0       0       0       0       0
      0       0       0       0       0 2.41732       0       0       0       0
      0       0       0       0 2.22857       0       0       0       0       0
      0       0       0       0 2.34868       0       0       0       0       0
      0 2.15014       0       0       0       0       0       0       0       0
      0       0 2.30621       0       0       0       0       0       0       0
      0       0       0       0       0       0       0       0       0 2.29696
      0 2.18645       0       0       0       0       0       0       0       0
      0       0       0       0  2.2902       0       0       0       0       0
      0       0       0       0       0       0 2.32116       0       0       0
      0       0       0       0       0       0       0       0       0 2.27975
      0       0       0       0       0       0       0       0       0 2.29802
      0       0       0 2.30596       0       0       0       0       0       0
      0       0       0       0       0       0       0       0       0 2.22948
      0       0       0       0       0       0       0       0 2.32056       0
      0       0       0       0 2.30737       0       0       0       0       0
      0       0       0       0 2.34868       0       0       0       0       0
      0       0       0 2.30541       0       0       0       0       0       0
      0 2.18903       0       0       0       0       0       0       0       0
      0       0       0 2.25637       0       0       0       0       0       0
      0 2.18903       0       0       0       0       0       0       0       0
      0       0       0       0       0       0       0       0 2.31839       0
      0       0       0       0       0       0       0       0 2.27524       0
      0       0       0       0       0       0       0 2.24896       0       0
      0       0       0       0       0       0       0       0       0 2.28659
      0       0       0       0 2.35032       0       0       0       0       0
      0       0       0       0       0       0       0       0 2.31256       0
      0       0       0       0       0       0       0       0 2.31583       0
      0       0       0       0       0       0       0 2.28367       0       0
      0       0       0       0       0       0       0       0       0 2.27055
      0       0       0       0       0       0       0 2.27625       0       0
      0  2.1609       0       0       0       0       0       0       0       0
      0       0       0       0 2.34868       0       0       0       0       0
      0       0       0       0       0 2.40907       0       0       0       0
      0       0       0       0       0       0 2.29935       0       0       0
2.29373       0       0       0       0       0       0       0       0       0
      0       0       0       0       0 2.40907       0       0       0       0
      0       0 2.29707       0       0       0       0       0       0       0
      0       0 2.30621       0       0       0       0       0       0       0
      0       0 2.30621       0       0       0       0       0       0       0
      0 2.14657       0       0       0       0       0       0       0       0
      0       0       0       0       0 2.40571       0       0       0       0
      0       0       0       0       0 2.40907       0       0       0       0
      0       0 2.30621       0       0       0       0       0       0       0
      0       0       0       0 2.23103       0       0       0       0       0
      0       0       0       0       0       0       0       0       0  2.2454
      0       0       0       0       0       0 2.35607       0       0       0
      0       0 2.34369       0       0       0       0       0       0       0
      0       0       0       0       0       0       0 2.19381       0       0
      0       0       0       0       0       0       0  2.2585       0       0
      0       0 2.30621       0       0       0       0       0       0       0
      0       0 2.30738       0       0       0       0       0       0       0
      0 2.18511       0       0       0       0       0       0       0       0
      0 2.18903       0       0       0       0       0       0       0       0
      0       0 2.30621       0       0       0       0       0       0       0
      0       0       0       0       0       0       0       0 2.31256       0
      0       0       0 2.28308       0       0       0       0       0       0
      0       0       0       0       0       0       0 2.12169       0       0
      0       0 2.28391       0       0       0       0       0       0       0
      0       0       0       0 2.29806       0       0       0       0       0
      0 2.16899       0       0       0       0       0       0       0       0
      0       0       0       0       0       0       0 2.23879       0       0
      0 2.16717       0       0       0       0       0       0       0       0
      0       0       0       0       0       0       0 2.25855       0       0
      0       0       0       0       0       0 2.32116       0       0       0
      0       0       0       0       0       0       0 2.25253       0       0
      0       0       0       0       0       0       0       0 2.29008       0
      0       0 2.30621       0       0       0       0       0       0       0
      0       0       0       0       0       0       0 2.21397       0       0
      0       0       0 2.28866       0       0       0       0       0       0
      0 1.97458       0       0       0       0       0       0       0       0
      0       0       0       0       0       0       0  2.2549       0       0
      0       0       0       0       0 2.40907       0       0       0       0
      0       0       0       0       0       0       0       0 2.30874       0
      0       0 2.26819       0       0       0       0       0       0       0
      0       0       0       0       0       0 2.32116       0       0       0
      0       0 2.31548       0       0       0       0       0       0       0
      0       0 2.28389       0       0       0       0       0       0       0
      0       0       0       0       0 2.40907       0       0       0       0
      0       0       0       0       0       0 2.32116       0       0       0
      0       0       0       0       0 2.30701       0       0       0       0
2.29373       0       0       0       0       0       0       0       0       0
      0       0       0       0       0       0       0       0       0 2.22613
      0       0 2.30621       0       0       0       0       0       0       0
      0       0       0       0 2.34868       0       0       0       0       0
      0       0       0 2.27841       0       0       0       0       0       0
      0       0       0 2.22912       0       0       0       0       0       0
      0       0       0       0       0       0       0       0       0  2.2952
      0       0       0       0       0       0       0 2.27041       0       0
      0       0       0       0       0       0 2.29308       0       0       0
      0       0       0       0       0       0 2.32116       0       0       0
      0       0       0       0       0       0       0       0 2.31256       0
2.29373       0       0       0       0       0       0       0       0       0
      0       0       0       0 2.35019       0       0       0       0       0
      0 2.24843       0       0       0       0       0       0       0       0
      0       0       0       0       0 2.27984       0       0       0       0
      0       0       0       0       0       0       0       0 2.33588       0
      0       0 2.30621       0       0       0       0       0       0       0
      0       0       0       0       0       0       0       0       0 2.27763
      0 2.16787       0       0       0       0       0       0       0       0
      0       0       0       0       0       0       0       0 2.30831       0
2.22194       0       0       0       0       0       0       0       0       0
      0       0       0       0       0       0 2.32116       0       0       0
      0       0       0       0       0       0       0 2.28288       0       0
      0       0 2.28532       0       0       0       0       0       0       0
      0 2.27429       0       0       0       0       0       0       0       0
2.29373       0       0       0       0       0       0       0       0       0
      0       0       0       0       0 2.31962       0       0       0       0
      0       0       0       0       0 2.40907       0       0       0       0
      0       0 2.30621       0       0       0       0       0       0       0
2.28273       0       0       0       0       0       0       0       0       0
      0       0 2.29034       0       0       0       0       0       0       0
      0       0 2.06397       0       0       0       0       0       0       0
2.29373       0       0       0       0       0       0       0       0       0
      0       0 2.30518       0       0       0       0       0       0       0
      0       0       0       0 2.34868       0       0       0       0       0
      0       0       0       0       0       0       0       0       0 2.28415
      0       0       0       0       0       0       0       0 2.31645       0
2.29373       0       0       0       0       0       0       0       0       0
      0       0       0       0       0       0       0       0       0 2.29696
      0       0       0       0       0       0       0       0       0 2.29696
      0       0       0       0 2.34366       0       0       0       0       0
      0       0       0       0       0       0 2.29299       0       0       0
      0       0       0       0       0 2.40067       0       0       0       0
      0       0       0       0 2.29123       0       0       0       0       0
      0       0       0       0       0       0       0       0       0 2.29702
      0 2.19501       0       0       0       0       0       0       0       0
      0       0       0       0       0       0       0       0 2.31256       0
      0       0       0 2.28335       0       0       0       0       0       0
      0       0       0       0 2.34868       0       0       0       0       0
      0       0       0       0       0       0       0       0       0 2.29696
      0       0       0       0       0       0       0       0       0 2.29696
      0 2.16915       0       0       0       0       0       0       0       0
      0       0 2.31692       0       0       0       0       0       0       0
      0       0 2.17227       0       0       0       0       0       0       0
      0       0       0       0       0       0       0       0  2.3129       0
      0 2.17977       0       0       0       0       0       0       0       0
      0       0       0       0       0       0       0       0       0 2.29696
      0       0       0       0       0       0 2.32116       0       0       0
      0       0       0       0  2.3509       0       0       0       0       0
2.29373       0       0       0       0       0       0       0       0       0
      0       0       0       0       0       0       0       0       0  2.3161
      0       0       0       0 2.33292       0       0       0       0       0
      0       0       0       0       0       0       0       0 2.31256       0
      0       0       0 2.28866       0       0       0       0       0       0
      0       0       0       0       0       0       0       0  2.3137       0
      0       0       0       0       0       0 2.32116       0       0       0
2.28633       0       0       0       0       0       0       0       0       0
      0       0 2.30621       0       0       0       0       0       0       0
      0       0       0       0       0 2.33517       0       0       0       0
      0 2.17792       0       0       0       0       0       0       0       0
      0       0       0       0       0       0       0       0       0 2.27012
      0       0       0       0       0       0 2.31755       0       0       0
      0       0 2.30621       0       0       0       0       0       0       0
      0       0       0       0       0       0       0       0       0 2.29233
      0       0       0       0 2.31185       0       0       0       0       0
2.29912       0       0       0       0       0       0       0       0       0
      0       0       0       0       0       0       0       0       0 2.26872
      0       0       0       0       0       0 2.32336       0       0       0
2.29373       0       0       0       0       0       0       0       0       0
      0       0       0       0       0       0 2.35046       0       0       0
      0       0 2.28603       0       0       0       0       0       0       0
      0       0       0       0       0  2.3619       0       0       0       0
      0       0       0       0 2.34868       0       0       0       0       0
      0       0 2.15015       0       0       0       0       0       0       0
      0       0       0 2.28866       0       0       0       0       0       0
      0       0       0       0       0       0       0       0  2.2998       0
      0       0       0       0 2.35854       0       0       0       0       0
      0       0       0       0       0 2.41196       0       0       0       0
      0       0       0       0       0 2.40907       0       0       0       0
2.24544       0       0       0       0       0       0       0       0       0
      0       0       0 2.26015       0       0       0       0       0       0
      0       0       0       0       0       0       0       0 2.31182       0
      0       0       0       0       0 2.32356       0       0       0       0
      0       0       0 2.25998       0       0       0       0       0       0
      0       0       0       0       0 2.37932       0       0       0       0
      0       0       0       0       0       0       0       0 2.25325       0
      0       0       0       0       0       0 2.32793       0       0       0
      0       0       0       0       0 2.40907       0       0       0       0
      0       0       0       0       0       0       0 2.27381       0       0
      0       0       0       0       0       0 2.34994       0       0       0
      0       0       0 2.28866       0       0       0       0       0       0
      0       0       0 2.28866       0       0       0       0       0       0
      0       0       0       0       0       0       0       0       0 2.29284
      0       0       0       0       0       0 2.20746       0       0       0
      0  2.1023       0       0       0       0       0       0       0       0
      0 2.15268       0       0       0       0       0       0       0       0
      0       0 2.30621       0       0       0       0       0       0       0
      0       0       0       0       0       0       0       0       0 2.25066
2.27787       0       0       0       0       0       0       0       0       0
      0       0       0       0 2.34386       0       0       0       0       0
      0       0       0 2.28866       0       0       0       0       0       0
      0       0       0 2.28866       0       0       0       0       0       0
      0       0       0       0       0       0 2.32116       0       0       0
      0       0       0       0       0       0       0       0       0 2.23555
      0       0       0       0       0 2.31361       0       0       0       0
      0       0       0       0       0       0       0 2.28573       0       0
      0       0       0 2.30544       0       0       0       0       0       0
      0       0       0       0       0       0       0 2.23403       0       0
      0       0       0       0       0       0       0 2.17966       0       0
      0       0       0       0       0       0       0 2.27381       0       0
      0       0       0       0       0       0       0       0 2.34401       0
      0       0       0       0       0       0       0 2.38296       0       0
      0       0       0       0       0       0       0       0       0 2.30091
      0       0       0       0       0       0       0       0 2.31256       0
      0       0       0 2.26148       0       0       0       0       0       0
 2.2803       0       0       0       0       0       0       0       0       0
      0       0       0       0       0       0       0 2.30317       0       0
      0       0 2.25979       0       0       0       0       0       0       0
      0       0       0       0       0       0       0 2.27381       0       0
      0       0       0       0       0       0       0       0       0 2.29696
      0       0       0       0 2.24346       0       0       0       0       0
      0       0       0       0       0 2.40907       0       0       0       0
      0       0       0       0 2.26199       0       0       0       0       0
      0       0       0       0       0       0       0       0       0 2.29696
      0       0       0  2.2903       0       0       0       0       0       0
      0       0  2.3063       0       0       0       0       0       0       0
      0 2.18903       0       0       0       0       0       0       0       0
      0       0       0       0 2.34868       0       0       0       0       0
2.29164       0       0       0       0       0       0       0       0       0
      0       0 2.23176       0       0       0       0       0       0       0
      0       0       0 2.28866       0       0       0       0       0       0
      0       0       0       0       0       0       0 2.28338       0       0
      0       0       0       0       0 2.40907       0       0       0       0
      0       0       0       0       0       0       0 2.27896       0       0
      0       0       0       0       0       0       0       0 2.31256       0
      0       0       0       0       0       0       0       0 2.31256       0
      0       0       0       0       0  2.4232       0       0       0       0
2.31029       0       0       0       0       0       0       0       0       0
      0 2.15456       0       0       0       0       0       0       0       0
      0  2.1344       0       0       0       0       0       0       0       0
      0       0       0       0 2.35587       0       0       0       0       0
      0       0       0       0       0       0       0       0 2.31256       0
      0       0       0 2.23068       0       0       0       0       0       0
      0       0       0       0       0       0       0       0       0 2.29696
2.29373       0       0       0       0       0       0       0       0       0
2.29373       0       0       0       0       0       0       0       0       0
2.29373       0       0       0       0       0       0       0       0       0
      0       0       0       0       0       0 2.26126       0       0       0
      0       0       0       0       0       0 2.31186       0       0       0
      0       0 2.30621       0       0       0       0       0       0       0
      0       0       0 2.29215       0       0       0       0       0       0
      0       0       0       0       0       0       0 2.29959       0       0
      0       0       0       0       0       0       0       0 2.29954       0
      0       0       0       0 2.34649       0       0       0       0       0
      0       0       0       0       0       0       0 2.27381       0       0
      0       0       0       0       0       0       0 2.24399       0       0
      0       0       0       0       0       0       0       0       0  2.2948
      0       0 2.30621       0       0       0       0       0       0       0
      0       0       0       0  2.3067       0       0       0       0       0
      0 2.11985       0       0       0       0       0       0       0       0
      0       0       0       0 2.30611       0       0       0       0       0
      0       0       0       0       0 2.40932       0       0       0       0
      0       0 2.30236       0       0       0       0       0       0       0
      0       0       0       0 2.33563       0       0       0       0       0
      0       0       0       0       0       0       0       0       0 2.29696
      0       0       0       0       0       0       0       0       0 2.29696
      0 2.16969       0       0       0       0       0       0       0       0
      0       0       0       0       0       0       0       0 2.31256       0
      0       0       0       0 2.36312       0       0       0       0       0
2.29373       0       0       0       0       0       0       0       0       0
      0       0       0       0       0       0       0       0       0 2.29851
      0       0       0       0       0       0       0       0 2.31256       0
      0       0       0       0 2.34815       0       0       0       0       0
      0       0       0       0       0       0       0       0 2.31154       0
      0       0       0       0       0       0       0 2.27381       0       0
      0       0       0       0       0       0       0 2.26036       0       0
2.29373       0       0       0       0       0       0       0       0       0
      0       0       0       0       0       0       0 2.20412       0       0
      0       0       0       0       0       0       0       0 2.31256       0
      0       0       0       0       0       0       0       0 2.31256       0
      0       0       0       0       0       0 2.33775       0       0       0
2.27763       0       0       0       0       0       0       0       0       0
      0       0       0       0 2.31941       0       0       0       0       0
      0       0       0       0       0       0       0       0 2.31256       0
      0       0       0       0       0       0       0       0 2.32352       0
      0       0 2.24523       0       0       0       0       0       0       0
      0       0       0       0 2.34868       0       0       0       0       0
      0       0       0       0       0       0       0  2.2606       0       0
      0       0       0       0       0       0 2.29925       0       0       0
      0       0       0       0       0       0 2.32116       0       0       0
      0       0       0       0       0       0 2.30396       0       0       0
      0       0       0       0 2.32505       0       0       0       0       0
      0       0       0       0       0       0       0 2.27381       0       0
      0 2.18903       0       0       0       0       0       0       0       0
      0       0       0       0       0       0       0       0 2.27071       0
      0       0       0       0       0       0       0       0 2.31256       0
      0       0 2.30637       0       0       0       0       0       0       0
      0       0       0 2.28866       0       0       0       0       0       0
      0       0       0       0       0       0 2.32116       0       0       0
      0       0       0 2.28866       0       0       0       0       0       0
2.31003       0       0       0       0       0       0       0       0       0
2.29737       0       0       0       0       0       0       0       0       0
      0       0       0 2.29048       0       0       0       0       0       0
      0       0       0       0       0       0       0 2.27381       0       0
      0       0       0       0       0       0 2.33202       0       0       0
      0       0       0       0       0       0       0       0       0 2.29745
      0       0       0       0       0       0       0  2.2423       0       0
      0       0       0       0       0       0       0       0       0 2.25363
      0       0       0       0       0       0       0       0       0 2.28455
      0       0       0       0       0 2.40907       0       0       0       0
      0       0       0       0 2.31287       0       0       0       0       0
      0       0       0 2.28866       0       0       0       0       0       0
      0       0       0 2.30348       0       0       0       0       0       0
      0       0       0       0       0       0 2.32116       0       0       0
      0 2.17498       0       0       0       0       0       0       0       0
      0       0 2.30621       0       0       0       0       0       0       0
      0       0       0 2.29044       0       0       0       0       0       0
      0       0       0       0       0       0       0 2.27381       0       0
      0       0       0 2.28232       0       0       0       0       0       0
      0       0       0 2.28866       0       0       0       0       0       0
      0       0 2.30621       0       0       0       0       0       0       0
2.28132       0       0       0       0       0       0       0       0       0
      0       0       0 2.25515       0       0       0       0       0       0
      0       0       0 2.28866       0       0       0       0       0       0
      0       0       0       0       0       0       0       0 2.31256       0
      0       0       0       0 2.33921       0       0       0       0       0
      0       0       0 2.25128       0       0       0       0       0       0
      0       0       0       0       0       0 2.32787       0       0       0
      0       0       0 2.28537       0       0       0       0       0       0
      0       0       0       0       0 2.40907       0       0       0       0
2.26893       0       0       0       0       0       0       0       0       0
      0       0 2.30621       0       0       0       0       0       0       0
2.26254       0       0       0       0       0       0       0       0       0
      0       0       0       0       0       0       0       0       0 2.21256
2.32785       0       0       0       0       0       0       0       0       0
      0       0       0       0       0       0       0 2.27381       0       0
      0       0       0       0 2.34387       0       0       0       0       0
      0       0       0       0       0       0 2.29417       0       0       0
      0       0       0       0       0       0       0       0       0 2.29696
      0       0       0 2.23982       0       0       0       0       0       0
      0       0       0       0       0 2.40144       0       0       0       0
      0 2.17103       0       0       0       0       0       0       0       0
      0       0       0       0       0       0       0       0       0 2.28123
      0       0       0       0       0       0 2.32116       0       0       0
      0 2.18903       0       0       0       0       0       0       0       0
      0       0       0       0 2.33649       0       0       0       0       0
      0       0       0       0       0 2.41688       0       0       0       0
      0       0       0       0 2.33523       0       0       0       0       0
      0       0       0       0       0 2.40907       0       0       0       0
2.29373       0       0       0       0       0       0       0       0       0
      0       0       0       0       0 2.38814       0       0       0       0
      0       0       0       0       0       0       0       0       0 2.29075
      0       0       0       0       0  2.4069       0       0       0       0
      0       0  2.3037       0       0       0       0       0       0       0
      0 2.18903       0       0       0       0       0       0       0       0
      0       0 2.28069       0       0       0       0       0       0       0
      0       0       0       0       0       0       0       0       0 2.23192
      0 2.18897       0       0       0       0       0       0       0       0
      0       0       0       0       0       0       0       0       0 2.21451
      0       0       0       0       0       0       0       0       0 2.24579
      0       0       0       0 2.35107       0       0       0       0       0
 2.2003       0       0       0       0       0       0       0       0       0
      0       0       0       0       0       0       0       0 2.28089       0
      0       0       0       0 2.34345       0       0       0       0       0
      0       0       0       0       0 2.36845       0       0       0       0
      0       0 2.31597       0       0       0       0       0       0       0
      0       0       0       0       0       0       0       0       0 2.30359
      0       0 2.30064       0       0       0       0       0       0       0
      0 2.10085       0       0       0       0       0       0       0       0
      0       0 2.25461       0       0       0       0       0       0       0
      0 2.17006       0       0       0       0       0       0       0       0
      0       0       0       0       0       0       0 2.28881       0       0
      0       0       0 2.28866       0       0       0       0       0       0
      0       0       0       0       0       0 2.23844       0       0       0
      0       0       0       0       0       0       0       0 2.31079       0
      0       0       0       0       0       0       0       0 2.31465       0
      0       0       0       0 2.29193       0       0       0       0       0
      0       0       0       0       0       0       0       0       0 2.29288
      0 2.18903       0       0       0       0       0       0       0       0
      0       0       0       0       0       0       0       0       0 2.29149
      0       0       0       0       0       0       0       0 2.32846       0
      0       0       0       0       0   2.411       0       0       0       0
      0       0       0       0       0       0       0 2.30406       0       0
      0       0       0       0       0 2.40285       0       0       0       0
      0 2.18754       0       0       0       0       0       0       0       0
      0 2.16745       0       0       0       0       0       0       0       0
      0       0       0       0       0       0       0       0 2.31256       0
      0       0       0       0       0       0 2.30457       0       0       0
      0       0       0       0       0 2.41178       0       0       0       0
      0       0 2.24197       0       0       0       0       0       0       0
      0       0       0       0 2.29685       0       0       0       0       0
      0       0       0       0 2.19861       0       0       0       0       0
      0       0       0 2.28866       0       0       0       0       0       0
      0       0 2.30876       0       0       0       0       0       0       0
      0       0       0 2.28866       0       0       0       0       0       0
      0       0       0       0       0 2.34289       0       0       0       0
      0       0       0       0       0       0 2.32116       0       0       0
      0       0       0       0       0       0       0       0 2.31785       0
      0       0       0       0       0       0       0       0 2.31256       0
      0       0       0       0       0       0 2.32116       0       0       0
      0       0 2.30621       0       0       0       0       0       0       0
      0       0       0 2.27778       0       0       0       0       0       0
      0 2.18903       0       0       0       0       0       0       0       0
2.35752       0       0       0       0       0       0       0       0       0
      0       0       0       0       0 2.36732       0       0       0       0
      0       0       0       0       0       0       0       0 2.40143       0
      0       0       0       0       0       0       0       0       0 2.29696
      0       0 2.32808       0       0       0       0       0       0       0
      0       0       0       0       0       0       0       0       0 2.29696
      0       0       0       0       0       0 2.27391       0       0       0
      0       0       0       0       0       0       0 2.27381       0       0
2.16288       0       0       0       0       0       0       0       0       0
      0       0       0       0  2.3151       0       0       0       0       0
      0       0       0       0       0       0       0       0 2.31256       0
      0       0       0       0       0       0       0 2.28258       0       0
      0 2.23897       0       0       0       0       0       0       0       0
      0       0       0       0       0       0       0 2.26946       0       0
      0       0       0       0 2.10551       0       0       0       0       0
      0 2.02596       0       0       0       0       0       0       0       0
2.29373       0       0       0       0       0       0       0       0       0
      0       0       0       0       0       0       0       0       0  2.3121
      0       0       0       0       0       0       0 2.27381       0       0
      0       0 2.30621       0       0       0       0       0       0       0
2.20765       0       0       0       0       0       0       0       0       0
2.29373       0       0       0       0       0       0       0       0       0
      0       0       0       0       0       0       0       0       0 2.18437
      0  2.1835       0       0       0       0       0       0       0       0
      0       0       0       0       0       0       0 2.29622       0       0
      0       0       0       0       0       0       0       0 2.31549       0
      0       0       0       0       0       0       0  2.2894       0       0
      0       0       0       0       0       0       0       0 2.31256       0
      0       0       0       0 2.33942       0       0       0       0       0
      0       0       0       0       0       0       0 2.27381       0       0
      0       0 2.09254       0       0       0       0       0       0       0
2.29373       0       0       0       0       0       0       0       0       0
      0       0       0       0 2.30985       0       0       0       0       0
      0       0       0       0       0       0 2.31575       0       0       0
 2.3049       0       0       0       0       0       0       0       0       0
      0       0       0 2.29645       0       0       0       0       0       0
      0  2.1842       0       0       0       0       0       0       0       0
      0 2.17741       0       0       0       0       0       0       0       0
      0       0       0 2.28866       0       0       0       0       0       0
      0       0       0 2.28692       0       0       0       0       0       0
      0       0       0       0       0       0       0       0       0 2.31133
      0       0       0       0       0       0 2.32974       0       0       0
      0       0       0       0       0       0       0 2.26773       0       0
      0       0       0       0  2.3715       0       0       0       0       0
      0 2.12694       0       0       0       0       0       0       0       0
      0       0       0       0       0 2.28644       0       0       0       0
      0       0       0 2.27906       0       0       0       0       0       0
2.28325       0       0       0       0       0       0       0       0       0
      0       0       0       0       0       0       0       0 2.32692       0
      0       0       0       0       0       0       0 2.26016       0       0
      0       0       0 2.28866       0       0       0       0       0       0
      0       0       0       0       0       0       0       0       0 2.29696
      0       0       0       0       0       0  2.2326       0       0       0
      0       0       0       0       0       0       0       0       0 2.29696
      0       0       0 2.15412       0       0       0       0       0       0
      0       0       0       0       0 2.39863       0       0       0       0
2.14257       0       0       0       0       0       0       0       0       0
      0       0 2.30375       0       0       0       0       0       0       0
      0       0       0       0       0       0       0 2.28022       0       0
      0       0       0       0 2.34868       0       0       0       0       0
      0       0       0       0       0 2.28903       0       0       0       0
      0 2.16335       0       0       0       0       0       0       0       0
      0       0       0       0       0       0       0 2.27381       0       0
      0       0       0       0       0 2.41704       0       0       0       0
      0       0       0       0       0       0       0       0  2.2872       0
2.29373       0       0       0       0       0       0       0       0       0
      0       0       0       0       0       0       0       0 2.31256       0
      0       0       0       0       0       0       0       0 2.31041       0
      0 2.18903       0       0       0       0       0       0       0       0
      0       0       0       0       0 2.37434       0       0       0       0
2.26338       0       0       0       0       0       0       0       0       0
      0       0       0 2.26968       0       0       0       0       0       0
2.29373       0       0       0       0       0       0       0       0       0
      0       0       0 2.24308       0       0       0       0       0       0
      0 2.18226       0       0       0       0       0       0       0       0
      0       0       0       0 2.34868       0       0       0       0       0
2.29373       0       0       0       0       0       0       0       0       0
      0       0       0 2.28866       0       0       0       0       0       0
      0       0       0       0       0       0       0 2.25124       0       0
      0       0 2.30621       0       0       0       0       0       0       0
      0       0       0       0       0       0       0 2.14323       0       0
      0 2.28699       0       0       0       0       0       0       0       0
      0       0       0       0       0       0       0       0 2.31256       0
 2.2895       0       0       0       0       0       0       0       0       0
      0       0       0       0       0       0       0 2.24186       0       0
2.21696       0       0       0       0       0       0       0       0       0
      0       0       0       0 2.33936       0       0       0       0       0
      0       0       0 2.28866       0       0       0       0       0       0
      0 2.19399       0       0       0       0       0       0       0       0
      0       0       0       0       0       0       0       0       0 2.29696
      0       0       0       0       0       0       0       0 2.31948       0
      0       0       0       0       0       0       0 2.19403       0       0
      0       0       0       0       0       0       0 2.27085       0       0
      0 2.19636       0       0       0       0       0       0       0       0
      0       0       0       0 2.34775       0       0       0       0       0
      0       0       0       0       0       0       0       0       0 2.29696
      0       0       0       0       0       0       0       0       0 2.29001
      0       0       0  2.2579       0       0       0       0       0       0
      0       0 2.30621       0       0       0       0       0       0       0
      0 2.15275       0       0       0       0       0       0       0       0
      0       0       0       0       0       0       0 2.27381       0       0
      0       0       0       0       0       0       0       0       0 2.29696
2.28574       0       0       0       0       0       0       0       0       0
      0       0 2.18802       0       0       0       0       0       0       0
2.18958       0       0       0       0       0       0       0       0       0
      0       0       0 2.28866       0       0       0       0       0       0
      0       0       0 2.28866       0       0       0       0       0       0
      0       0       0       0       0       0       0 2.26949       0       0
      0       0       0       0       0       0 2.30696       0       0       0
      0       0       0       0       0       0       0       0       0 2.32149
      0       0 2.30621       0       0       0       0       0       0       0
      0       0       0 2.28866       0       0       0       0       0       0
      0       0       0 2.28866       0       0       0       0       0       0
      0       0       0       0       0       0       0 2.25858       0       0
      0       0       0       0       0       0       0 2.27133       0       0
2.10027       0       0       0       0       0       0       0       0       0
2.29373       0       0       0       0       0       0       0       0       0
      0       0       0       0       0       0       0 2.27381       0       0
      0       0       0       0       0 2.36078       0       0       0       0
      0       0 2.30621       0       0       0       0       0       0       0
      0       0       0       0       0       0       0       0       0 2.25634
      0       0       0       0       0       0       0       0 2.32799       0
      0       0       0       0       0       0       0 2.25035       0       0
      0       0       0       0 2.33177       0       0       0       0       0
      0       0       0       0 2.28208       0       0       0       0       0
      0       0 2.25814       0       0       0       0       0       0       0
      0       0       0       0       0       0 2.32116       0       0       0
      0       0       0       0       0       0 2.31952       0       0       0
      0 2.18779       0       0       0       0       0       0       0       0
      0       0       0       0       0       0       0       0       0  2.2924
      0       0       0       0       0       0 2.32065       0       0       0
      0       0       0       0       0       0       0       0 2.31846       0
      0       0 2.30621       0       0       0       0       0       0       0
      0       0       0       0       0       0       0       0       0 2.29696
2.29373       0       0       0       0       0       0       0       0       0
      0       0       0       0       0       0       0       0 2.31256       0
      0       0       0 2.27577       0       0       0       0       0       0
      0 2.22852       0       0       0       0       0       0       0       0
      0 2.16178       0       0       0       0       0       0       0       0
      0       0       0       0       0       0 2.32116       0       0       0
      0       0       0 2.25473       0       0       0       0       0       0
      0       0       0       0       0 2.40907       0       0       0       0
      0 2.18903       0       0       0       0       0       0       0       0
      0 2.08407       0       0       0       0       0       0       0       0
      0 2.16285       0       0       0       0       0       0       0       0
      0       0       0 2.32647       0       0       0       0       0       0
      0 2.18837       0       0       0       0       0       0       0       0
      0       0 2.31485       0       0       0       0       0       0       0
      0       0       0 2.22104       0       0       0       0       0       0
2.29439       0       0       0       0       0       0       0       0       0
      0       0 2.29796       0       0       0       0       0       0       0
2.29373       0       0       0       0       0       0       0       0       0
      0 2.23829       0       0       0       0       0       0       0       0
      0       0       0  2.2993       0       0       0       0       0       0
      0       0       0       0       0 2.40086       0       0       0       0
      0       0       0       0       0 2.40907       0       0       0       0
      0       0       0       0       0       0       0 2.27381       0       0
      0       0       0       0 2.37258       0       0       0       0       0
      0       0       0       0       0       0       0       0 2.31256       0
      0       0       0       0       0       0       0       0       0 2.15544
      0       0       0       0       0       0 2.32116       0       0       0
      0       0       0       0       0       0       0       0       0 2.29696
      0       0       0       0       0       0 2.31083       0       0       0
      0       0       0       0       0       0       0       0  2.3155       0
      0       0       0 2.47618       0       0       0       0       0       0
      0       0       0       0       0       0 2.26083       0       0       0
      0       0       0       0       0       0 2.32116       0       0       0
      0       0       0       0       0       0       0       0 2.31256       0
      0       0       0       0       0 2.40185       0       0       0       0
      0 2.18473       0       0       0       0       0       0       0       0
      0       0       0       0 2.35538       0       0       0       0       0
      0       0 2.30621       0       0       0       0       0       0       0
      0       0       0       0 2.34868       0       0       0       0       0
      0       0       0       0 2.34811       0       0       0       0       0
      0       0       0       0       0 2.37643       0       0       0       0
      0 2.18903       0       0       0       0       0       0       0       0
      0 2.18608       0       0       0       0       0       0       0       0
      0       0       0       0       0       0       0       0       0 2.29162
2.29373       0       0       0       0       0       0       0       0       0
      0       0 2.30621       0       0       0       0       0       0       0
      0       0       0       0 2.34868       0       0       0       0       0
      0       0       0       0       0       0       0       0       0 2.29696
      0       0       0       0       0 2.41002       0       0       0       0
      0       0       0       0       0       0       0 2.27581       0       0
      0 2.18903       0       0       0       0       0       0       0       0
      0       0       0       0       0       0       0       0 2.26596       0
      0       0       0       0       0       0       0       0 2.30653       0
      0       0       0       0       0 2.36363       0       0       0       0
      0       0       0       0       0       0 2.30826       0       0       0
      0       0       0       0       0       0       0       0       0 2.28769
      0       0       0       0       0       0       0       0 2.29621       0
      0       0       0       0       0       0       0 2.29625       0       0
      0 2.18903       0       0       0       0       0       0       0       0
      0  2.1418       0       0       0       0       0       0       0       0
      0       0       0       0       0       0 2.27947       0       0       0
      0       0       0       0       0       0       0 2.27381       0       0
      0       0       0       0       0       0 2.32297       0       0       0
      0       0       0  2.2733       0       0       0       0       0       0
      0       0 2.30621       0       0       0       0       0       0       0
      0       0 2.26923       0       0       0       0       0       0       0
2.26181       0       0       0       0       0       0       0       0       0
      0       0       0       0       0       0       0       0 2.31256       0
      0       0       0       0       0       0       0       0       0 2.29696
      0       0 2.29985       0       0       0       0       0       0       0
      0       0       0       0       0 2.35085       0       0       0       0
      0 2.17192       0       0       0       0       0       0       0       0
2.29107       0       0       0       0       0       0       0       0       0
      0       0       0       0       0       0       0       0 2.30812       0
      0 2.19574       0       0       0       0       0       0       0       0
      0       0       0       0       0       0       0       0       0 2.28687
      0       0       0       0       0 2.42047       0       0       0       0
      0       0       0       0       0       0       0  2.2013       0       0
      0       0       0       0       0       0       0       0       0 2.25852
      0       0       0       0       0       0 2.32116       0       0       0
      0       0       0       0       0       0       0       0       0 2.28677
2.29373       0       0       0       0       0       0       0       0       0
      0       0       0       0       0       0 2.31946       0       0       0
      0 2.18903       0       0       0       0       0       0       0       0
      0       0       0       0       0 2.40907       0       0       0       0
      0       0       0       0       0 2.40558       0       0       0       0
      0       0       0       0       0       0       0       0 2.28647       0
      0       0       0 2.29827       0       0       0       0       0       0
      0       0       0       0       0       0       0       0 2.31256       0
      0       0 2.30621       0       0       0       0       0       0       0
      0       0       0       0       0       0 2.32864       0       0       0
      0       0       0       0       0 2.44225       0       0       0       0
2.30821       0       0       0       0       0       0       0       0       0
      0       0       0       0       0       0       0 2.26894       0       0
      0       0       0       0 2.17594       0       0       0       0       0
      0       0       0       0       0       0 2.32116       0       0       0
      0 2.17667       0       0       0       0       0       0       0       0
      0       0       0  2.1546       0       0       0       0       0       0
      0       0       0       0 2.20314       0       0       0       0       0
      0       0       0       0       0       0       0 2.27381       0       0
      0       0       0 2.30741       0       0       0       0       0       0
      0       0 2.29936       0       0       0       0       0       0       0
      0       0       0 2.24073       0       0       0       0       0       0
      0       0       0       0 2.33453       0       0       0       0       0
      0       0 2.39865       0       0       0       0       0       0       0
      0       0       0       0       0 2.36382       0       0       0       0
      0       0 2.30425       0       0       0       0       0       0       0
      0       0       0       0       0       0       0 2.24616       0       0
      0 2.18395       0       0       0       0       0       0       0       0
      0       0       0       0       0       0       0 2.26619       0       0
      0       0 2.30621       0       0       0       0       0       0       0
      0       0       0       0       0       0 2.32116       0       0       0
      0       0       0       0 2.28939       0       0       0       0       0
      0 2.10719       0       0       0       0       0       0       0       0
      0       0       0       0       0  2.2747       0       0       0       0
      0       0       0       0       0       0       0 2.08757       0       0
      0       0       0       0       0       0       0       0 2.30792       0
      0       0       0       0       0       0 2.38083       0       0       0
2.22801       0       0       0       0       0       0       0       0       0
      0 2.18903       0       0       0       0       0       0       0       0
      0       0       0       0       0       0       0       0 2.31483       0
      0       0 2.30621       0       0       0       0       0       0       0
      0       0       0       0       0 2.34569       0       0       0       0
      0       0       0       0       0       0       0 2.27381       0       0
      0       0       0       0       0       0       0 2.19509       0       0
      0       0       0       0       0       0 2.30367       0       0       0
      0       0       0       0       0       0       0       0       0 2.31149
      0       0       0 2.28866       0       0       0       0       0       0
      0       0       0       0       0 2.31872       0       0       0       0
      0       0       0       0       0       0       0       0 2.31256       0
      0       0       0       0 2.34868       0       0       0       0       0
      0       0 2.26014       0       0       0       0       0       0       0
      0       0       0       0 2.34744       0       0       0       0       0
2.29373       0       0       0       0       0       0       0       0       0
      0       0       0       0       0       0       0       0  2.3122       0
      0       0       0       0       0       0       0       0 2.31137       0
      0       0       0 2.28866       0       0       0       0       0       0
      0       0       0       0 2.33293       0       0       0       0       0
      0       0       0       0       0       0       0       0       0 2.29866
      0       0 2.08568       0       0       0       0       0       0       0
      0       0       0       0       0       0       0 2.27381       0       0
      0       0       0       0       0 2.40907       0       0       0       0
      0       0       0       0       0       0       0       0 2.31628       0
      0       0       0       0       0       0 2.26068       0       0       0
      0       0       0       0       0 2.40907       0       0       0       0
      0       0       0       0       0       0 2.32116       0       0       0
2.29373       0       0       0       0       0       0       0       0       0
      0       0       0       0       0       0       0       0 2.31256       0
      0       0       0       0       0       0 2.32116       0       0       0
      0       0       0       0       0       0       0 2.24315       0       0
      0       0       0 2.30155       0       0       0       0       0       0
      0       0       0       0       0       0 2.28661       0       0       0
      0       0       0       0 2.20157       0       0       0       0       0
      0       0       0       0       0       0       0       0       0 2.28078
      0       0       0       0 2.26459       0       0       0       0       0
      0       0       0       0       0       0 2.32116       0       0       0
      0       0       0       0       0       0 2.33952       0       0       0
      0       0       0 2.28866       0       0       0       0       0       0
      0       0 2.27427       0       0       0       0       0       0       0
      0       0       0       0 2.33446       0       0       0       0       0
      0 2.13973       0       0       0       0       0       0       0       0
2.29373       0       0       0       0       0       0       0       0       0
      0 2.17329       0       0       0       0       0       0       0       0
      0       0       0       0 2.32647       0       0       0       0       0
      0       0       0       0       0       0 2.30841       0       0       0
      0       0 2.30621       0       0       0       0       0       0       0
      0       0       0       0       0       0       0       0       0  2.2948
      0 2.25316       0       0       0       0       0       0       0       0
      0 2.18595       0       0       0       0       0       0       0       0
2.26279       0       0       0       0       0       0       0       0       0
      0       0       0       0       0       0 2.32116       0       0       0
      0       0       0 2.28866       0       0       0       0       0       0
      0       0       0       0       0       0       0       0       0 2.29696
      0       0       0       0       0 2.40907       0       0       0       0
      0       0       0       0       0       0  2.2946       0       0       0
      0       0       0       0       0 2.41709       0       0       0       0
      0       0       0       0       0       0 2.32116       0       0       0
      0       0       0       0       0 2.39163       0       0       0       0
      0       0       0       0       0       0       0       0  2.3148       0
      0       0       0       0 2.34876       0       0       0       0       0
      0       0       0       0       0       0 2.32116       0       0       0
      0       0       0       0 2.31431       0       0       0       0       0
      0       0       0 2.28866       0       0       0       0       0       0
      0       0       0       0       0       0       0       0       0 2.28902
      0 2.15663       0       0       0       0       0       0       0       0
      0       0       0 2.31831       0       0       0       0       0       0
      0       0       0       0 2.34868       0       0       0       0       0
      0 2.12638       0       0       0       0       0       0       0       0
      0       0       0       0       0       0       0       0       0 2.28105
      0 2.18535       0       0       0       0       0       0       0       0
      0       0       0       0       0       0       0 2.27405       0       0
      0 2.18903       0       0       0       0       0       0       0       0
      0 2.18309       0       0       0       0       0       0       0       0
      0       0       0       0       0       0       0       0       0 2.25501
      0       0       0 2.28866       0       0       0       0       0       0
      0       0       0       0       0 2.17944       0       0       0       0
      0       0       0       0 2.29823       0       0       0       0       0
2.27538       0       0       0       0       0       0       0       0       0
      0       0       0       0       0       0       0 2.22571       0       0
      0       0       0 2.23382       0       0       0       0       0       0
      0       0       0       0       0       0 2.32116       0       0       0
      0 2.11164       0       0       0       0       0       0       0       0
      0       0       0       0       0       0       0 2.25523       0       0
      0       0       0       0       0 2.43235       0       0       0       0
      0       0       0       0       0 2.40907       0       0       0       0
      0       0       0 2.28866       0       0       0       0       0       0
      0       0       0 2.27943       0       0       0       0       0       0
2.29182       0       0       0       0       0       0       0       0       0
      0 2.18047       0       0       0       0       0       0       0       0
      0       0       0       0       0 2.36819       0       0       0       0
      0       0       0       0       0       0       0 2.25068       0       0
      0       0       0       0       0 2.38775       0       0       0       0
      0       0       0       0       0       0       0       0 2.31256       0
      0       0       0       0       0       0 2.31514       0       0       0
      0       0       0       0       0 2.40907       0       0       0       0
      0 2.18688       0       0       0       0       0       0       0       0
2.28207       0       0       0       0       0       0       0       0       0
      0       0       0       0 2.41897       0       0       0       0       0
      0       0 2.28769       0       0       0       0       0       0       0
      0       0       0 2.23745       0       0       0       0       0       0
      0       0       0       0 2.34076       0       0       0       0       0
      0       0       0       0       0       0 2.32116       0       0       0
      0       0       0       0       0       0       0 2.27381       0       0
      0       0       0       0       0       0       0       0       0 2.28411
      0       0       0       0       0       0       0       0 2.31256       0
      0 2.19692       0       0       0       0       0       0       0       0
      0       0       0       0       0       0       0       0 2.36819       0
      0       0       0       0 2.37521       0       0       0       0       0
      0       0       0       0       0       0       0       0       0 2.29696
      0       0  2.3057       0       0       0       0       0       0       0
      0       0       0       0       0       0       0       0 2.31256       0
      0       0       0       0       0       0 2.31611       0       0       0
      0       0 2.30621       0       0       0       0       0       0       0
      0       0       0       0       0       0       0 2.12616       0       0
2.29373       0       0       0       0       0       0       0       0       0
2.29373       0       0       0       0       0       0       0       0       0
      0       0       0       0       0       0 2.32116       0       0       0
      0       0       0       0       0       0       0 2.15985       0       0
      0       0       0       0       0 2.40907       0       0       0       0
      0       0       0       0       0       0       0       0 2.31256       0
      0       0       0       0       0       0 2.22932       0       0       0
2.29373       0       0       0       0       0       0       0       0       0
      0       0       0       0       0       0       0       0       0 2.29846
      0       0       0 2.19596       0       0       0       0       0       0
      0       0       0       0       0       0       0 2.25888       0       0
      0 2.09625       0       0       0       0       0       0       0       0
      0       0       0 2.28849       0       0       0       0       0       0
      0       0       0       0       0 2.40907       0       0       0       0
      0       0       0       0 2.30572       0       0       0       0       0
      0       0       0 2.28866       0       0       0       0       0       0
      0       0       0 2.28866       0       0       0       0       0       0
      0       0       0       0       0 2.40907       0       0       0       0
      0       0       0       0       0 2.40907       0       0       0       0
      0       0       0       0       0       0 2.27933       0       0       0
      0       0       0 2.28866       0       0       0       0       0       0
2.29373       0       0       0       0       0       0       0       0       0
      0       0 2.26635       0       0       0       0       0       0       0
      0       0       0 2.28866       0       0       0       0       0       0
      0       0       0       0 2.34549       0       0       0       0       0
      0       0  2.2954       0       0       0       0       0       0       0
      0       0       0 2.30653       0       0       0       0       0       0
2.29373       0       0       0       0       0       0       0       0       0
      0       0       0       0       0       0       0       0       0 2.29696
      0       0       0       0       0       0       0       0       0 2.20733
      0       0       0       0 2.35195       0       0       0       0       0
      0       0       0       0       0       0       0  2.0993       0       0
      0       0 2.30621       0       0       0       0       0       0       0
      0       0       0       0       0       0       0       0 2.34008       0
      0       0       0       0 2.34868       0       0       0       0       0
      0       0       0       0       0       0       0 2.24403       0       0
2.29373       0       0       0       0       0       0       0       0       0
      0       0       0       0       0       0 2.31914       0       0       0
      0       0 2.23136       0       0       0       0       0       0       0
      0       0       0       0       0       0       0       0 2.31256       0
      0       0       0       0       0 2.40734       0       0       0       0
      0       0 2.30621       0       0       0       0       0       0       0
      0       0       0       0       0       0       0       0 2.31565       0
      0       0       0       0       0 2.33623       0       0       0       0
      0       0       0       0       0       0       0 2.27315       0       0
      0       0       0 2.28866       0       0       0       0       0       0
2.29373       0       0       0       0       0       0       0       0       0
      0       0       0       0       0       0       0       0 2.30166       0
      0       0 2.30621       0       0       0       0       0       0       0
      0       0       0 2.29012       0       0       0       0       0       0
      0       0  2.3187       0       0       0       0       0       0       0
      0       0       0       0       0       0       0       0 2.31256       0
      0       0 2.30843       0       0       0       0       0       0       0
      0       0       0       0       0  2.4085       0       0       0       0
      0       0       0       0       0 2.28343       0       0       0       0
      0       0       0       0       0       0       0 2.27381       0       0
      0       0       0       0       0       0 2.33086       0       0       0
      0       0       0       0 2.32444       0       0       0       0       0
      0       0       0       0       0       0  2.2865       0       0       0
      0       0       0       0       0       0       0       0 2.28073       0
      0       0       0       0 2.34868       0       0       0       0       0
      0       0       0       0       0       0       0       0 2.30686       0
      0       0 2.31452       0       0       0       0       0       0       0
      0       0       0       0       0       0       0 2.16923       0       0
      0       0       0       0 2.34868       0       0       0       0       0
      0       0       0       0       0 2.41505       0       0       0       0
      0       0 2.20635       0       0       0       0       0       0       0
2.32562       0       0       0       0       0       0       0       0       0
      0       0       0 2.28866       0       0       0       0       0       0
      0       0       0       0       0       0       0       0       0 2.29696
      0       0       0       0 2.34868       0       0       0       0       0
      0       0       0       0       0       0  2.3147       0       0       0
      0       0       0       0       0       0       0 2.27778       0       0
      0       0 2.30284       0       0       0       0       0       0       0
      0       0       0       0       0 2.29681       0       0       0       0
      0       0       0       0       0       0 2.38124       0       0       0
      0  2.1871       0       0       0       0       0       0       0       0
      0 2.17247       0       0       0       0       0       0       0       0
      0       0 2.30621       0       0       0       0       0       0       0
      0       0       0 2.19932       0       0       0       0       0       0
      0       0       0       0       0       0 2.33754       0       0       0
      0       0       0       0       0       0       0 2.27341       0       0
      0       0       0       0       0       0       0       0 2.31256       0
      0       0       0       0       0       0       0 2.27381       0       0
      0       0       0       0       0       0 2.31284       0       0       0
      0       0       0       0 2.28782       0       0       0       0       0
      0       0       0       0       0       0       0       0 2.31256       0
      0       0       0       0       0       0       0       0       0 2.29696
      0       0       0       0 2.34868       0       0       0       0       0
      0       0       0       0       0       0       0       0 2.31256       0
      0       0       0       0       0       0 2.32116       0       0       0
      0       0       0 2.28866       0       0       0       0       0       0
      0       0       0       0       0       0       0       0 2.31256       0
      0       0       0 2.28866       0       0       0       0       0       0
      0 2.18434       0       0       0       0       0       0       0       0
2.26371       0       0       0       0       0       0       0       0       0
      0       0       0       0       0       0 2.32116       0       0       0
      0       0 2.30621       0       0       0       0       0       0       0
      0       0 2.30621       0       0       0       0       0       0       0
      0       0       0       0       0  2.4094       0       0       0       0
      0       0       0       0       0       0 2.29238       0       0       0
      0       0       0       0       0       0       0       0       0 2.29696
      0       0       0       0       0 2.40907       0       0       0       0
      0       0       0       0       0       0       0       0 2.31256       0
      0 2.17984       0       0       0       0       0       0       0       0
      0       0       0       0 2.34524       0       0       0       0       0
      0 2.17962       0       0       0       0       0       0       0       0
      0       0       0       0       0       0       0 2.26084       0       0
      0       0       0       0       0       0       0       0 2.32087       0
      0       0       0       0 2.16944       0       0       0       0       0
      0       0       0       0       0       0 2.32116       0       0       0
      0 2.11639       0       0       0       0       0       0       0       0
      0       0       0       0       0       0       0       0 2.31256       0
      0       0       0       0 2.26731       0       0       0       0       0
      0       0       0 2.28866       0       0       0       0       0       0
      0 2.17237       0       0       0       0       0       0       0       0
      0       0 2.28232       0       0       0       0       0       0       0
      0       0       0       0       0       0       0       0 2.30694       0
2.29373       0       0       0       0       0       0       0       0       0
      0       0       0       0       0       0       0       0 2.31256       0
      0       0       0       0       0 2.38102       0       0       0       0
      0       0       0       0       0       0       0       0       0 2.26324
      0 2.18903       0       0       0       0       0       0       0       0
      0       0       0       0 2.33653       0       0       0       0       0
      0       0 2.15519       0       0       0       0       0       0       0
2.33235       0       0       0       0       0       0       0       0       0
      0       0 2.23885       0       0       0       0       0       0       0
      0       0       0       0       0       0       0 2.27381       0       0
2.29373       0       0       0       0       0       0       0       0       0
      0       0       0       0       0       0       0       0       0 2.29696
  2.298       0       0       0       0       0       0       0       0       0
      0       0 2.30057       0       0       0       0       0       0       0
      0       0       0       0       0 2.40907       0       0       0       0
      0       0       0       0       0       0       0 2.29916       0       0
      0       0       0       0       0       0 2.32116       0       0       0
      0       0       0       0       0       0       0 2.06754       0       0
      0       0       0       0       0       0       0       0       0 2.25483
      0       0       0       0 2.28627       0       0       0       0       0
      0       0 2.30621       0       0       0       0       0       0       0
      0       0       0       0       0       0 2.36202       0       0       0
      0       0 2.13563       0       0       0       0       0       0       0
      0       0       0       0 2.36813       0       0       0       0       0
      0       0       0       0 2.31969       0       0       0       0       0
      0       0       0       0       0       0       0       0 2.31331       0
2.30546       0       0       0       0       0       0       0       0       0
      0       0       0       0 2.32964       0       0       0       0       0
      0       0       0       0 2.25183       0       0       0       0       0
      0       0       0       0       0 2.29781       0       0       0       0
      0       0       0       0       0       0       0       0 2.31256       0
2.29383       0       0       0       0       0       0       0       0       0
      0       0       0       0       0       0 2.31743       0       0       0
      0       0       0       0       0       0       0       0 2.31256       0
      0       0       0       0       0       0       0       0       0 2.20818
      0       0       0       0       0       0       0       0 2.31256       0
      0       0       0       0       0  2.3874       0       0       0       0
      0       0       0       0       0       0 2.50748       0       0       0
      0       0       0       0       0       0       0       0       0 2.29696
2.29982       0       0       0       0       0       0       0       0       0
      0       0       0       0 2.30315       0       0       0       0       0
      0       0       0       0       0       0       0       0 2.31256       0
      0       0       0       0       0       0       0 2.27381       0       0
      0 2.17096       0       0       0       0       0       0       0       0
      0       0       0 2.32842       0       0       0       0       0       0
      0       0       0       0 2.31792       0       0       0       0       0
      0       0       0       0       0 2.40907       0       0       0       0
      0       0       0       0       0       0       0       0 2.31522       0
2.29373       0       0       0       0       0       0       0       0       0
      0       0       0       0       0       0       0       0       0 2.28413
      0 2.14764       0       0       0       0       0       0       0       0
      0       0       0 2.28642       0       0       0       0       0       0
      0       0       0 2.28866       0       0       0       0       0       0
      0       0       0       0       0       0 2.31546       0       0       0
      0       0       0       0       0       0       0       0       0 2.29696
      0       0       0       0       0       0       0       0 2.31506       0
      0       0       0       0       0       0       0 2.27381       0       0
      0 2.18521       0       0       0       0       0       0       0       0
 2.2934       0       0       0       0       0       0       0       0       0
      0       0       0       0       0 2.40907       0       0       0       0
      0       0       0       0       0       0       0 2.27381       0       0
      0 2.17441       0       0       0       0       0       0       0       0
      0       0       0       0       0       0       0 2.26632       0       0
      0       0       0       0       0 2.40907       0       0       0       0
      0       0 2.30621       0       0       0       0       0       0       0
      0       0       0       0       0       0       0 2.16872       0       0
      0       0       0       0       0       0       0       0       0 2.29696
      0 2.20166       0       0       0       0       0       0       0       0
      0       0       0       0       0       0       0       0 2.31256       0
      0       0       0       0       0 2.40907       0       0       0       0
      0       0 2.32497       0       0       0       0       0       0       0
      0       0       0       0 2.35113       0       0       0       0       0
      0       0       0       0       0       0       0       0       0 2.27727
      0       0       0       0 2.33564       0       0       0       0       0
      0       0       0       0       0       0       0 2.26884       0       0
      0       0 2.27636       0       0       0       0       0       0       0
      0       0 2.14626       0       0       0       0       0       0       0
      0       0       0 2.27455       0       0       0       0       0       0
      0       0       0       0 2.34868       0       0       0       0       0
      0       0       0       0       0       0       0       0       0 2.29696
      0 2.18903       0       0       0       0       0       0       0       0
      0       0       0       0       0       0       0       0       0 2.31112
      0       0 2.29617       0       0       0       0       0       0       0
      0 2.18903       0       0       0       0       0       0       0       0
      0       0       0       0       0       0       0 2.23791       0       0
      0       0       0       0       0       0       0       0       0 2.28616
      0       0       0       0 2.22409       0       0       0       0       0
      0       0       0       0 2.28653       0       0       0       0       0
      0 2.18635       0       0       0       0       0       0       0       0
      0       0       0       0       0       0 2.32116       0       0       0
      0       0       0       0       0       0       0 2.10765       0       0
      0       0 2.33217       0       0       0       0       0       0       0
      0       0       0       0       0       0       0 2.26929       0       0
      0       0       0       0       0       0       0       0 2.31256       0
      0       0       0       0       0       0       0       0 2.31256       0
      0 2.17704       0       0       0       0       0       0       0       0
      0       0       0       0       0       0       0       0       0 2.27995
      0       0       0       0       0       0       0 2.27381       0       0
      0 2.08912       0       0       0       0       0       0       0       0
      0 2.18155       0       0       0       0       0       0       0       0
      0       0       0       0       0       0       0 2.10605       0       0
      0       0       0       0       0  2.3752       0       0       0       0
      0       0       0 2.27344       0       0       0       0       0       0
      0       0       0 2.28866       0       0       0       0       0       0
      0       0       0       0       0 2.40907       0       0       0       0
      0 2.18543       0       0       0       0       0       0       0       0
      0       0       0 2.28407       0       0       0       0       0       0
      0       0       0       0       0       0       0 2.24201       0       0
      0       0       0       0       0       0 2.33201       0       0       0
      0 2.18903       0       0       0       0       0       0       0       0
      0       0       0 2.09615       0       0       0       0       0       0
      0       0       0       0       0       0       0       0 2.33141       0
      0       0       0       0       0       0       0 2.23162       0       0
      0       0       0       0       0 2.40356       0       0       0       0
      0       0       0       0       0       0       0       0       0 2.29696
      0       0       0       0       0       0       0       0       0 2.30163
2.19116       0       0       0       0       0       0       0       0       0
2.17121       0       0       0       0       0       0       0       0       0
      0       0 2.30621       0       0       0       0       0       0       0
      0       0       0       0       0       0       0       0 2.31256       0
      0       0       0       0       0       0       0       0 2.31256       0
      0       0   2.304       0       0       0       0       0       0       0
      0       0       0 2.38848       0       0       0       0       0       0
      0       0       0       0       0       0       0 2.26564       0       0
      0 2.18903       0       0       0       0       0       0       0       0
      0       0       0 2.28866       0       0       0       0       0       0
2.27724       0       0       0       0       0       0       0       0       0
      0       0       0 2.28866       0       0       0       0       0       0
      0       0       0       0 2.32415       0       0       0       0       0
      0       0       0       0 2.34965       0       0       0       0       0
      0       0       0 2.28866       0       0       0       0       0       0
      0       0       0       0       0       0       0       0 2.30786       0
      0       0       0       0       0       0       0       0       0 2.27862
      0       0 2.21796       0       0       0       0       0       0       0
      0       0       0 2.26252       0       0       0       0       0       0
      0       0       0       0       0       0       0       0       0 2.29578
      0       0       0       0       0       0       0 2.23401       0       0
      0 2.22809       0       0       0       0       0       0       0       0
      0 2.18916       0       0       0       0       0       0       0       0
      0       0       0       0       0       0       0 2.25514       0       0
2.31229       0       0       0       0       0       0       0       0       0
      0       0       0       0 2.34885       0       0       0       0       0
      0       0       0       0       0       0       0       0       0 2.31862
      0       0       0       0       0       0 2.32116       0       0       0
      0       0       0       0       0 2.41583       0       0       0       0
      0       0       0       0       0       0       0       0       0 2.25794
      0 2.18332       0       0       0       0       0       0       0       0
      0       0       0       0       0       0       0 2.28402       0       0
2.29373       0       0       0       0       0       0       0       0       0
      0       0 2.30621       0       0       0       0       0       0       0
2.19291       0       0       0       0       0       0       0       0       0
2.30058       0       0       0       0       0       0       0       0       0
      0       0       0       0 2.31948       0       0       0       0       0
      0       0       0       0       0       0 2.34097       0       0       0
      0       0       0       0       0       0       0 2.23027       0       0
2.29339       0       0       0       0       0       0       0       0       0
      0       0       0       0       0       0       0 2.27381       0       0
      0 2.17152       0       0       0       0       0       0       0       0
      0       0       0       0 2.29165       0       0       0       0       0
      0       0       0       0       0       0 2.31651       0       0       0
      0       0       0       0   2.301       0       0       0       0       0
      0       0       0       0       0 2.41502       0       0       0       0
      0       0       0       0 2.34868       0       0       0       0       0
      0       0       0       0       0       0       0       0       0 2.23064
      0       0       0       0       0       0       0       0       0 2.26193
      0 2.18903       0       0       0       0       0       0       0       0
      0       0       0       0       0       0       0 2.25128       0       0
      0       0       0       0       0       0       0       0       0 2.26106
      0       0       0       0       0 2.40907       0       0       0       0
      0       0       0  2.2597       0       0       0       0       0       0
      0       0       0  2.2944       0       0       0       0       0       0
      0       0       0       0       0       0       0       0 2.31256       0
      0       0 2.30621       0       0       0       0       0       0       0
      0       0       0 2.23439       0       0       0       0       0       0
      0       0       0       0       0       0 2.32116       0       0       0
      0       0 2.30621       0       0       0       0       0       0       0
      0       0 2.30719       0       0       0       0       0       0       0
      0 2.18903       0       0       0       0       0       0       0       0
      0 2.14644       0       0       0       0       0       0       0       0
      0 2.18903       0       0       0       0       0       0       0       0
      0 2.18903       0       0       0       0       0       0       0       0
      0 2.16069       0       0       0       0       0       0       0       0
      0       0       0       0       0       0 2.27013       0       0       0
      0       0       0       0       0       0       0       0       0 2.28175
      0       0       0       0       0       0       0       0 2.31256       0
      0       0       0       0 2.34868       0       0       0       0       0
      0       0       0 2.28866       0       0       0       0       0       0
      0       0       0       0       0       0       0 2.20745       0       0
      0 2.23527       0       0       0       0       0       0       0       0
      0       0       0       0       0       0 2.29115       0       0       0
      0       0       0       0 2.29043       0       0       0       0       0
      0       0       0       0       0 2.42986       0       0       0       0
2.38894       0       0       0       0       0       0       0       0       0
      0       0       0       0 2.34868       0       0       0       0       0
      0       0       0       0       0       0       0 2.20788       0       0
      0       0       0       0 2.34855       0       0       0       0       0
      0       0 2.31069       0       0       0       0       0       0       0
      0       0       0       0 2.34868       0       0       0       0       0
2.29373       0       0       0       0       0       0       0       0       0
      0       0       0       0       0       0       0 2.23199       0       0
2.29527       0       0       0       0       0       0       0       0       0
      0 2.18903       0       0       0       0       0       0       0       0
      0       0       0       0       0       0       0       0       0 2.29696
      0       0       0       0       0       0       0       0 2.31566       0
      0       0       0       0       0       0       0       0 2.24885       0
      0       0       0       0       0       0 2.32116       0       0       0
2.30033       0       0       0       0       0       0       0       0       0
2.29373       0       0       0       0       0       0       0       0       0
      0       0       0       0 2.34868       0       0       0       0       0
      0       0       0       0       0       0       0       0       0 2.29496
      0       0       0       0       0       0 2.30367       0       0       0
      0       0       0       0       0       0       0       0 2.31256       0
      0       0 2.30621       0       0       0       0       0       0       0
      0       0 2.30621       0       0       0       0       0       0       0
      0       0       0 2.30499       0       0       0       0       0       0
      0       0       0       0       0       0       0       0 2.31256       0
      0       0       0       0 2.34868       0       0       0       0       0
      0       0       0       0       0       0       0       0 2.32442       0
      0       0 2.30367       0       0       0       0       0       0       0
      0       0 2.29694       0       0       0       0       0       0       0
      0 2.18903       0       0       0       0       0       0       0       0
      0       0       0       0       0       0       0 2.23721       0       0
      0       0       0       0       0  2.2847       0       0       0       0
      0       0       0       0 2.26877       0       0       0       0       0
      0       0       0       0 2.30226       0       0       0       0       0
2.29373       0       0       0       0       0       0       0       0       0
      0       0       0       0 2.34868       0       0       0       0       0
      0       0       0 2.28632       0       0       0       0       0       0
      0       0       0       0       0       0       0       0       0 2.35834
      0       0       0       0       0       0       0  2.2245       0       0
      0       0       0 2.28866       0       0       0       0       0       0
      0 2.18973       0       0       0       0       0       0       0       0
2.29373       0       0       0       0       0       0       0       0       0
      0 2.17507       0       0       0       0       0       0       0       0
      0       0 2.31905       0       0       0       0       0       0       0
      0       0       0       0       0 2.41465       0       0       0       0
      0       0       0       0       0       0       0       0       0 2.29696
      0       0 2.30621       0       0       0       0       0       0       0
      0 2.17891       0       0       0       0       0       0       0       0
2.26423       0       0       0       0       0       0       0       0       0
      0 2.20991       0       0       0       0       0       0       0       0
      0       0       0       0       0       0       0       0 2.31441       0
      0       0       0       0       0       0       0       0       0 2.29696
      0 2.15169       0       0       0       0       0       0       0       0
      0       0       0       0       0       0 2.30125       0       0       0
      0       0       0       0       0       0       0       0 2.31256       0
      0       0       0 2.27613       0       0       0       0       0       0
      0       0       0       0       0       0       0       0 2.31307       0
      0       0       0       0       0       0       0       0       0 2.35564
      0       0       0 2.26526       0       0       0       0       0       0
      0       0       0       0       0       0 2.32116       0       0       0
      0       0 2.30103       0       0       0       0       0       0       0
      0       0       0       0       0       0       0       0 2.34535       0
      0       0       0 2.28866       0       0       0       0       0       0
      0       0 2.24532       0       0       0       0       0       0       0
      0       0 2.30303       0       0       0       0       0       0       0
      0 2.18903       0       0       0       0       0       0       0       0
2.29609       0       0       0       0       0       0       0       0       0
      0       0       0       0 2.34244       0       0       0       0       0
      0       0 2.30676       0       0       0       0       0       0       0
      0       0       0       0       0       0       0       0       0 2.28065
      0       0 2.30621       0       0       0       0       0       0       0
      0       0       0       0 2.34319       0       0       0       0       0
      0       0       0 2.28797       0       0       0       0       0       0
      0       0       0       0       0       0       0 2.27381       0       0
      0       0       0       0       0       0       0       0       0 2.29571
      0 2.18222       0       0       0       0       0       0       0       0
      0       0       0       0       0 2.33809       0       0       0       0
      0       0 2.30355       0       0       0       0       0       0       0
      0       0       0       0 2.30848       0       0       0       0       0
      0       0       0       0       0       0       0       0       0 2.29696
2.36639       0       0       0       0       0       0       0       0       0
      0       0       0  2.2708       0       0       0       0       0       0
      0       0       0       0       0       0       0       0 2.31256       0
      0       0       0       0       0 2.40907       0       0       0       0
      0       0       0 2.28866       0       0       0       0       0       0
      0       0       0       0       0       0 2.32116       0       0       0
2.28728       0       0       0       0       0       0       0       0       0
      0       0       0       0       0       0       0       0       0 2.21617
      0       0       0       0 2.32204       0       0       0       0       0
      0       0       0       0       0       0 2.32116       0       0       0
      0       0 2.29357       0       0       0       0       0       0       0
      0       0       0       0       0 2.40907       0       0       0       0
2.29373       0       0       0       0       0       0       0       0       0
      0       0 2.30621       0       0       0       0       0       0       0
      0       0       0       0       0       0       0 2.25615       0       0
      0       0       0       0 2.34868       0       0       0       0       0
      0       0       0       0       0       0 2.32116       0       0       0
      0       0       0       0       0       0 2.21343       0       0       0
      0       0       0       0       0       0       0       0 2.32673       0
      0       0       0       0       0       0 2.29713       0       0       0
      0       0       0       0       0       0 2.32099       0       0       0
      0       0       0       0       0       0       0       0 2.31839       0
      0       0       0       0       0       0 2.25292       0       0       0
      0       0       0       0       0       0       0       0       0 2.28518
      0 2.18903       0       0       0       0       0       0       0       0
      0       0       0       0       0       0       0 2.27381       0       0
      0       0 2.30621       0       0       0       0       0       0       0
      0       0       0       0       0 2.39119       0       0       0       0
      0       0       0       0       0       0       0       0       0 2.29696
      0       0       0       0       0       0       0       0       0 2.29696
2.19867       0       0       0       0       0       0       0       0       0
      0       0       0       0       0       0       0 2.18664       0       0
      0       0 2.30621       0       0       0       0       0       0       0
      0       0       0       0       0       0       0 2.27381       0       0
      0       0       0       0       0       0 2.30468       0       0       0
      0       0       0       0       0       0       0  2.1863       0       0
2.26969       0       0       0       0       0       0       0       0       0
      0       0       0       0       0       0 2.32026       0       0       0
      0       0       0       0       0 2.32816       0       0       0       0
      0       0 2.30642       0       0       0       0       0       0       0
      0       0       0       0 2.24685       0       0       0       0       0
      0       0       0       0       0       0       0 2.24306       0       0
      0       0 2.30621       0       0       0       0       0       0       0
2.29373       0       0       0       0       0       0       0       0       0
      0       0       0       0       0       0       0       0       0 2.29696
      0       0       0       0       0       0       0       0       0 2.28173
      0       0 2.30621       0       0       0       0       0       0       0
      0       0 2.20661       0       0       0       0       0       0       0
      0       0       0       0       0       0       0       0       0 2.29696
      0       0       0       0 2.31811       0       0       0       0       0
      0       0       0       0 2.11551       0       0       0       0       0
      0       0 2.26609       0       0       0       0       0       0       0
      0       0       0 2.26364       0       0       0       0       0       0
      0       0       0 2.19114       0       0       0       0       0       0
      0       0 2.23733       0       0       0       0       0       0       0
      0 2.09306       0       0       0       0       0       0       0       0
      0       0       0       0       0       0       0 2.27381       0       0
2.29373       0       0       0       0       0       0       0       0       0
      0       0       0       0       0       0       0 2.27381       0       0
      0       0       0       0       0       0 2.22826       0       0       0
      0       0       0       0 2.21387       0       0       0       0       0
      0 2.16199       0       0       0       0       0       0       0       0
      0       0       0 2.27395       0       0       0       0       0       0
      0       0       0       0       0       0       0       0 2.31256       0
      0       0       0       0       0       0       0   2.285       0       0
      0       0       0       0 2.26463       0       0       0       0       0
      0       0       0       0       0 2.40907       0       0       0       0
      0       0       0       0       0       0       0       0       0 2.29696
      0       0 2.30621       0       0       0       0       0       0       0
      0       0       0       0       0 2.40907       0       0       0       0
      0 2.14442       0       0       0       0       0       0       0       0
      0       0       0       0       0       0       0       0 2.26026       0
      0       0       0       0       0       0       0  2.2108       0       0
      0       0       0 2.28866       0       0       0       0       0       0
      0       0       0       0       0       0       0 2.21304       0       0
      0 2.17556       0       0       0       0       0       0       0       0
      0       0       0       0       0 2.40907       0       0       0       0
      0       0       0       0       0 2.40907       0       0       0       0
2.28628       0       0       0       0       0       0       0       0       0
      0       0       0       0       0       0       0       0       0 2.29905
      0 2.18903       0       0       0       0       0       0       0       0
      0       0       0       0 2.36101       0       0       0       0       0
2.29373       0       0       0       0       0       0       0       0       0
      0       0       0       0       0       0 2.31036       0       0       0
      0       0       0 2.24577       0       0       0       0       0       0
      0       0       0 2.28866       0       0       0       0       0       0
      0       0       0       0       0       0 2.32116       0       0       0
2.29373       0       0       0       0       0       0       0       0       0
      0       0       0       0 2.30636       0       0       0       0       0
      0       0       0       0       0       0       0       0       0 2.29808
      0       0       0       0       0       0       0 2.25522       0       0
      0       0       0       0       0 2.40907       0       0       0       0
      0 2.18663       0       0       0       0       0       0       0       0
      0       0       0       0       0       0 2.35269       0       0       0
      0       0       0       0       0       0       0       0 2.36701       0
      0       0       0       0       0       0       0       0       0 2.27075
      0       0       0       0       0 2.40907       0       0       0       0
      0       0       0       0       0 2.40912       0       0       0       0
      0       0       0       0       0       0       0 2.27381       0       0
      0       0       0       0       0       0       0       0       0 2.29696
      0       0       0 2.28866       0       0       0       0       0       0
      0       0       0       0       0       0       0       0 2.31256       0
      0       0       0 2.26264       0       0       0       0       0       0
      0       0       0       0       0       0       0       0 2.31284       0
      0 2.18903       0       0       0       0       0       0       0       0
      0       0       0       0       0 2.23182       0       0       0       0
      0       0       0 2.28866       0       0       0       0       0       0
      0       0       0       0       0  2.4141       0       0       0       0
2.29373       0       0       0       0       0       0       0       0       0
      0       0       0       0       0 2.33516       0       0       0       0
      0       0       0       0       0 2.41209       0       0       0       0
      0       0       0 2.25119       0       0       0       0       0       0
      0       0       0       0       0       0       0       0 2.31255       0
      0       0       0       0       0       0 2.32116       0       0       0
      0       0       0       0       0       0       0 2.25505       0       0
      0       0       0       0       0       0       0 2.27665       0       0
      0       0       0       0       0       0       0 2.24948       0       0
      0       0       0 2.29959       0       0       0       0       0       0
      0       0       0       0       0       0       0 2.27381       0       0
2.12635       0       0       0       0       0       0       0       0       0
      0       0       0       0       0 2.40907       0       0       0       0
      0       0       0       0       0       0       0       0       0 2.29696
2.29678       0       0       0       0       0       0       0       0       0
      0       0 2.30073       0       0       0       0       0       0       0
      0       0       0       0       0 2.40907       0       0       0       0
      0       0       0       0       0 2.46033       0       0       0       0
      0       0       0 2.25912       0       0       0       0       0       0
      0 2.10088       0       0       0       0       0       0       0       0
      0       0       0       0       0       0       0  2.2559       0       0
      0       0       0       0       0       0       0 2.29839       0       0
      0       0       0       0       0       0       0       0 2.31256       0
      0       0       0       0       0       0 2.29794       0       0       0
      0       0       0       0       0 2.30581       0       0       0       0
      0       0       0       0       0       0       0       0       0 2.29696
      0       0       0 2.31934       0       0       0       0       0       0
      0       0       0       0       0       0       0       0 2.31256       0
      0       0       0       0       0       0       0       0       0  2.3003
      0       0       0       0       0 2.40907       0       0       0       0
      0       0       0 2.24825       0       0       0       0       0       0
      0       0       0       0       0       0       0 2.20946       0       0
      0       0       0       0       0       0       0       0       0 2.29696
      0 2.18903       0       0       0       0       0       0       0       0
      0       0       0       0       0       0       0 2.23888       0       0
2.29373       0       0       0       0       0       0       0       0       0
2.28626       0       0       0       0       0       0       0       0       0
      0       0       0 2.28866       0       0       0       0       0       0
      0       0       0       0       0       0       0 2.21942       0       0
      0       0 2.30621       0       0       0       0       0       0       0
      0       0       0       0       0 2.39943       0       0       0       0
      0       0       0       0       0       0       0       0 2.31256       0
      0  2.1889       0       0       0       0       0       0       0       0
      0       0       0       0       0       0       0       0 2.31256       0
      0       0       0       0       0       0 2.31206       0       0       0
      0       0 2.30621       0       0       0       0       0       0       0
      0       0       0       0       0       0       0       0       0 2.29696
      0       0       0       0       0 2.40907       0       0       0       0
      0       0       0       0       0       0       0  2.1747       0       0
      0       0       0       0       0 2.40907       0       0       0       0
      0       0       0       0       0       0       0 2.27381       0       0
      0       0       0       0       0       0       0       0 2.31256       0
      0       0       0       0       0       0 2.32454       0       0       0
      0       0  2.2987       0       0       0       0       0       0       0
      0       0       0       0       0 2.39902       0       0       0       0
      0 2.15173       0       0       0       0       0       0       0       0
      0       0       0       0 2.34844       0       0       0       0       0
      0       0       0       0       0       0       0       0 2.31256       0
      0       0       0       0 2.32344       0       0       0       0       0
      0       0       0       0       0 2.22951       0       0       0       0
      0       0       0       0       0       0       0       0 2.31256       0
      0       0       0 2.28737       0       0       0       0       0       0
2.29373       0       0       0       0       0       0       0       0       0
      0       0       0       0       0       0 2.32116       0       0       0
      0       0 2.30621       0       0       0       0       0       0       0
      0       0       0       0       0       0       0 2.24616       0       0
      0       0       0 2.28866       0       0       0       0       0       0
      0       0       0 2.28663       0       0       0       0       0       0
      0       0 2.30621       0       0       0       0       0       0       0
      0  2.1808       0       0       0       0       0       0       0       0
2.29373       0       0       0       0       0       0       0       0       0
      0       0       0       0       0       0       0 2.27381       0       0
      0       0       0 2.27073       0       0       0       0       0       0
      0       0       0       0 2.34868       0       0       0       0       0
2.30848       0       0       0       0       0       0       0       0       0
      0       0       0 2.27464       0       0       0       0       0       0
      0       0       0       0       0       0       0       0       0 2.29696
      0       0       0 2.30736       0       0       0       0       0       0
      0       0 2.30636       0       0       0       0       0       0       0
      0       0       0       0       0       0       0       0 2.28823       0
      0       0       0       0       0       0       0       0       0  2.2973
2.29459       0       0       0       0       0       0       0       0       0
      0       0       0 2.28513       0       0       0       0       0       0
      0       0       0       0       0       0       0       0 2.31908       0
2.25552       0       0       0       0       0       0       0       0       0
      0       0       0       0       0       0       0 2.27278       0       0
      0       0       0       0       0       0 2.31956       0       0       0
      0       0       0       0       0 2.40766       0       0       0       0
      0       0       0       0 2.33737       0       0       0       0       0
      0       0       0       0       0       0       0  2.2555       0       0
      0       0       0 2.29939       0       0       0       0       0       0
      0       0       0       0       0       0       0       0       0 2.29696
2.29373       0       0       0       0       0       0       0       0       0
      0       0       0       0       0       0       0       0 2.32174       0
      0       0       0       0       0       0 2.32116       0       0       0
      0       0 2.30621       0       0       0       0       0       0       0
      0       0       0       0       0 2.40907       0       0       0       0
      0       0       0       0       0       0 2.32733       0       0       0
      0 2.19292       0       0       0       0       0       0       0       0
2.17509       0       0       0       0       0       0       0       0       0
2.29373       0       0       0       0       0       0       0       0       0
      0       0       0       0 2.34868       0       0       0       0       0
      0       0       0       0 2.32467       0       0       0       0       0
2.22419       0       0       0       0       0       0       0       0       0
      0 2.17748       0       0       0       0       0       0       0       0
      0       0 2.30621       0       0       0       0       0       0       0
      0       0       0 2.25129       0       0       0       0       0       0
      0       0 2.23554       0       0       0       0       0       0       0
      0       0       0       0       0       0       0 2.27585       0       0
      0       0       0       0       0       0       0 2.24086       0       0
      0       0       0       0       0       0       0       0 2.31256       0
      0       0       0       0       0 2.40907       0       0       0       0
      0       0 2.30621       0       0       0       0       0       0       0
      0       0       0       0       0 2.41088       0       0       0       0
      0       0       0       0       0       0       0  2.1302       0       0
      0       0       0       0       0       0 2.32116       0       0       0
      0       0       0       0       0       0       0       0       0 2.26583
      0 2.13185       0       0       0       0       0       0       0       0
      0       0       0       0 2.32407       0       0       0       0       0
      0 2.18596       0       0       0       0       0       0       0       0
      0       0       0       0       0       0 2.32116       0       0       0
      0       0       0       0 2.34417       0       0       0       0       0
      0       0 2.28433       0       0       0       0       0       0       0
      0       0       0       0 2.34732       0       0       0       0       0
      0       0       0 2.31239       0       0       0       0       0       0
      0       0       0       0       0 2.40907       0       0       0       0
      0       0       0       0 2.34868       0       0       0       0       0
      0       0       0 2.22517       0       0       0       0       0       0
      0       0       0       0       0       0       0       0       0 2.29696
      0       0       0       0       0 2.41519       0       0       0       0
2.28398       0       0       0       0       0       0       0       0       0
      0 2.16194       0       0       0       0       0       0       0       0
      0       0       0       0       0 2.36455       0       0       0       0
      0       0       0 2.28896       0       0       0       0       0       0
      0       0       0       0       0       0       0       0 2.31256       0
      0       0       0       0       0       0       0       0       0 2.26114
      0 2.18903       0       0       0       0       0       0       0       0
      0       0       0       0       0       0       0       0       0 2.21615
      0       0       0       0       0       0       0  2.2024       0       0
      0       0       0       0       0       0       0       0       0  2.3068
      0       0       0       0       0 2.39298       0       0       0       0
      0       0       0       0       0 2.33182       0       0       0       0
      0       0 2.31942       0       0       0       0       0       0       0
      0       0       0       0       0       0       0 1.99643       0       0
      0       0       0       0 2.27877       0       0       0       0       0
      0       0       0       0       0       0 2.31933       0       0       0
2.32043       0       0       0       0       0       0       0       0       0
      0 2.12285       0       0       0       0       0       0       0       0
      0 2.18903       0       0       0       0       0       0       0       0
      0 2.13448       0       0       0       0       0       0       0       0
2.29373       0       0       0       0       0       0       0       0       0
      0       0       0       0 2.20743       0       0       0       0       0
      0       0       0       0 2.32199       0       0       0       0       0
      0       0       0       0       0       0       0 2.23037       0       0
      0       0       0       0       0       0 2.25812       0       0       0
      0       0       0 2.28866       0       0       0       0       0       0
2.29373       0       0       0       0       0       0       0       0       0
 2.2913       0       0       0       0       0       0       0       0       0
      0       0       0       0 2.34868       0       0       0       0       0
      0       0       0 2.28866       0       0       0       0       0       0
2.24382       0       0       0       0       0       0       0       0       0
      0       0       0       0       0       0 2.32116       0       0       0
      0 2.17898       0       0       0       0       0       0       0       0
      0       0       0       0       0       0       0       0       0 2.29696
      0       0       0       0       0       0 2.24901       0       0       0
      0 2.11071       0       0       0       0       0       0       0       0
      0       0       0 2.27287       0       0       0       0       0       0
      0       0       0       0       0       0       0       0 2.24244       0
      0 2.18953       0       0       0       0       0       0       0       0
      0       0 2.30621       0       0       0       0       0       0       0
      0       0       0       0       0 2.40907       0       0       0       0
      0       0       0       0       0       0 2.32116       0       0       0
      0       0 2.30621       0       0       0       0       0       0       0
      0       0       0       0       0       0       0 2.26971       0       0
      0       0       0 2.28866       0       0       0       0       0       0
      0       0       0       0       0       0 2.27917       0       0       0
2.29373       0       0       0       0       0       0       0       0       0
      0 2.18028       0       0       0       0       0       0       0       0
      0       0       0       0       0       0       0       0       0 2.29357
      0       0       0       0       0       0       0 2.21066       0       0
      0       0       0       0       0       0 2.32051       0       0       0
      0       0       0       0       0       0 2.32116       0       0       0
      0       0       0       0       0       0       0       0 2.32968       0
      0       0       0       0       0       0       0       0       0 2.29696
      0       0 2.30621       0       0       0       0       0       0       0
      0       0       0       0       0       0       0       0       0 2.27334
      0       0       0       0       0 2.38466       0       0       0       0
      0       0       0       0       0       0       0       0 2.31256       0
      0       0       0 2.28866       0       0       0       0       0       0
      0 2.20475       0       0       0       0       0       0       0       0
2.29373       0       0       0       0       0       0       0       0       0
2.25385       0       0       0       0       0       0       0       0       0
      0       0       0       0       0       0       0 2.21406       0       0
      0       0       0       0       0       0 2.33191       0       0       0
      0       0       0       0       0       0  2.3213       0       0       0
      0       0 2.26937       0       0       0       0       0       0       0
      0 2.19659       0       0       0       0       0       0       0       0
      0       0       0       0       0       0 2.26612       0       0       0
      0       0       0       0       0       0       0       0       0 2.28287
      0       0       0  2.2487       0       0       0       0       0       0
      0 2.16309       0       0       0       0       0       0       0       0
      0       0       0       0       0       0       0       0 2.31256       0
      0       0       0       0       0       0 2.30851       0       0       0
      0       0       0       0       0       0       0       0       0 2.29132
2.29373       0       0       0       0       0       0       0       0       0
      0       0       0       0       0       0 2.28171       0       0       0
2.29373       0       0       0       0       0       0       0       0       0
2.29373       0       0       0       0       0       0       0       0       0
2.29373       0       0       0       0       0       0       0       0       0
      0       0       0       0       0       0 2.26881       0       0       0
      0       0       0  2.2606       0       0       0       0       0       0
      0       0       0       0       0 2.40907       0       0       0       0
      0       0       0       0       0       0       0       0       0  2.2392
      0       0       0 2.28929       0       0       0       0       0       0
      0       0       0       0 2.21662       0       0       0       0       0
      0       0       0       0       0 2.35712       0       0       0       0
      0       0       0       0       0 2.40907       0       0       0       0
      0       0       0       0       0       0       0       0 2.31256       0
      0       0       0       0       0 2.38981       0       0       0       0
      0       0       0 2.26622       0       0       0       0       0       0
 2.2958       0       0       0       0       0       0       0       0       0
      0       0       0       0 2.25602       0       0       0       0       0
2.27674       0       0       0       0       0       0       0       0       0
      0       0 2.30621       0       0       0       0       0       0       0
      0       0       0       0       0       0       0       0       0 2.29696
      0       0       0       0       0       0 2.32116       0       0       0
      0       0       0       0       0       0       0       0 2.31256       0
      0       0 2.30621       0       0       0       0       0       0       0
      0       0       0 2.28866       0       0       0       0       0       0
      0 2.00166       0       0       0       0       0       0       0       0
      0       0 2.24651       0       0       0       0       0       0       0
      0 2.15148       0       0       0       0       0       0       0       0
      0 2.16605       0       0       0       0       0       0       0       0
      0       0       0       0       0 2.41143       0       0       0       0
      0       0       0       0       0       0 2.32116       0       0       0
      0       0       0       0       0       0       0       0       0 2.24735
      0       0       0       0       0       0       0       0 2.31188       0
 2.2901       0       0       0       0       0       0       0       0       0
      0       0       0       0       0       0 2.32116       0       0       0
      0       0       0       0       0       0 2.23253       0       0       0
      0       0       0       0       0 2.41459       0       0       0       0
      0       0       0       0       0 2.30862       0       0       0       0
      0       0       0 2.28817       0       0       0       0       0       0
      0       0       0       0       0       0       0       0 2.31256       0
      0       0       0       0       0       0 2.32116       0       0       0
      0       0 2.30621       0       0       0       0       0       0       0
      0  2.1174       0       0       0       0       0       0       0       0
      0       0       0       0 2.27869       0       0       0       0       0
      0       0       0       0       0 2.40907       0       0       0       0
      0       0       0       0 2.36598       0       0       0       0       0
      0       0       0 2.28866       0       0       0       0       0       0
      0       0       0       0       0       0       0 2.27381       0       0
      0       0       0       0       0       0       0       0 2.31256       0
      0       0       0       0       0 2.40907       0       0       0       0
2.33095       0       0       0       0       0       0       0       0       0
      0       0       0       0       0       0       0       0       0 2.29961
      0       0       0 2.16758       0       0       0       0       0       0
      0       0       0       0       0 2.40907       0       0       0       0
      0 2.16085       0       0       0       0       0       0       0       0
      0  2.1674       0       0       0       0       0       0       0       0
2.29373       0       0       0       0       0       0       0       0       0
      0       0       0       0 2.36241       0       0       0       0       0
      0       0       0       0 2.34868       0       0       0       0       0
      0       0       0       0       0       0       0 2.24174       0       0
2.29184       0       0       0       0       0       0       0       0       0
      0 2.18903       0       0       0       0       0       0       0       0
      0       0       0       0       0       0       0 2.27678       0       0
2.29373       0       0       0       0       0       0       0       0       0
      0  2.1877       0       0       0       0       0       0       0       0
      0       0       0       0       0       0 2.34298       0       0       0
      0 2.15706       0       0       0       0       0       0       0       0
      0       0       0       0 2.34868       0       0       0       0       0
      0       0       0       0       0 2.40907       0       0       0       0
      0       0       0       0       0       0 2.32116       0       0       0
      0       0       0       0       0       0 2.32116       0       0       0
      0       0       0       0       0 2.40907       0       0       0       0
      0       0       0       0       0       0       0 2.22638       0       0
      0       0       0       0       0       0       0       0 2.31256       0
      0       0       0       0 2.32589       0       0       0       0       0
      0       0       0       0 2.26904       0       0       0       0       0
      0       0       0       0       0       0       0 2.27381       0       0
      0       0 2.30621       0       0       0       0       0       0       0
      0       0       0       0       0 2.40907       0       0       0       0
      0       0       0 2.34312       0       0       0       0       0       0
      0       0       0       0       0       0       0 2.27381       0       0
2.29412       0       0       0       0       0       0       0       0       0
      0       0       0       0       0       0       0 2.27381       0       0
      0       0       0       0       0       0       0 2.27381       0       0
      0       0       0       0       0       0       0       0       0 2.29696
      0       0       0       0       0       0 2.32116       0       0       0
      0       0       0       0 2.33952       0       0       0       0       0
      0       0 2.26256       0       0       0       0       0       0       0
      0       0       0       0       0       0       0       0 2.31256       0
      0       0       0       0       0 2.39352       0       0       0       0
      0       0       0       0       0       0       0 2.25245       0       0
      0       0       0       0       0       0       0       0 2.32682       0
      0       0       0 2.28866       0       0       0       0       0       0
      0       0       0       0       0       0       0       0       0 2.29696
      0       0       0       0       0 2.40907       0       0       0       0
      0       0       0       0       0       0       0       0 2.31256       0
      0       0       0       0       0       0       0       0       0 2.26975
      0       0       0       0       0       0       0       0       0 2.29696
      0       0       0       0       0       0       0       0 2.31256       0
      0       0       0       0       0       0 2.32116       0       0       0
      0       0 2.30216       0       0       0       0       0       0       0
      0       0       0       0       0       0       0       0 2.31256       0
      0       0       0       0       0       0       0       0       0  2.2724
      0       0 2.27981       0       0       0       0       0       0       0
      0       0       0 2.17079       0       0       0       0       0       0
      0       0       0       0       0       0 2.17945       0       0       0
      0 2.20269       0       0       0       0       0       0       0       0
      0 2.17479       0       0       0       0       0       0       0       0
      0       0       0       0       0       0       0       0  2.3185       0
      0       0       0       0       0       0       0       0       0 2.29696
      0       0       0 2.28866       0       0       0       0       0       0
      0       0       0       0 2.34868       0       0       0       0       0
2.28506       0       0       0       0       0       0       0       0       0
      0       0       0       0       0       0       0 2.26797       0       0
      0       0       0       0       0       0       0       0       0 2.29656
      0       0       0       0       0       0 2.32116       0       0       0
      0       0       0       0 2.33048       0       0       0       0       0
      0 2.18903       0       0       0       0       0       0       0       0
      0       0       0       0 2.34868       0       0       0       0       0
      0 2.17206       0       0       0       0       0       0       0       0
      0       0       0 2.23959       0       0       0       0       0       0
      0       0       0       0 2.37821       0       0       0       0       0
      0       0       0       0       0       0       0       0       0 2.28776
      0       0       0 2.25021       0       0       0       0       0       0
      0  2.1696       0       0       0       0       0       0       0       0
      0       0       0       0 2.34868       0       0       0       0       0
      0       0       0       0       0       0       0 2.26792       0       0
      0       0       0       0       0       0       0 2.27381       0       0
      0       0       0       0 2.32089       0       0       0       0       0
      0       0       0       0       0       0       0 2.22257       0       0
      0       0 2.30621       0       0       0       0       0       0       0
      0       0       0       0       0       0       0       0       0 2.29696
      0       0       0 2.20549       0       0       0       0       0       0
2.29042       0       0       0       0       0       0       0       0       0
      0       0       0       0       0       0       0       0 2.31256       0
      0       0       0       0       0       0       0       0 2.37118       0
      0       0       0       0       0       0       0       0 2.35947       0
      0       0       0       0 2.27505       0       0       0       0       0
2.29373       0       0       0       0       0       0       0       0       0
      0       0       0       0 2.34868       0       0       0       0       0
      0       0       0       0 2.34868       0       0       0       0       0
      0 2.18903       0       0       0       0       0       0       0       0
      0       0       0       0       0 2.40322       0       0       0       0
      0       0 2.28142       0       0       0       0       0       0       0
      0       0       0       0       0       0       0       0 2.31202       0
      0       0       0 2.28866       0       0       0       0       0       0
      0       0       0       0 2.34868       0       0       0       0       0
      0       0       0       0       0       0       0       0       0 2.29696
      0       0       0       0       0 2.39474       0       0       0       0
      0       0   2.365       0       0       0       0       0       0       0
      0       0       0       0       0       0       0       0 2.31256       0
      0 2.24437       0       0       0       0       0       0       0       0
      0       0       0       0       0 2.36294       0       0       0       0
      0       0       0 2.28866       0       0       0       0       0       0
      0       0       0       0       0       0       0 2.27381       0       0
      0       0       0       0       0       0       0       0       0 2.29776
      0       0       0       0 2.29284       0       0       0       0       0
      0       0 2.30621       0       0       0       0       0       0       0
      0       0       0       0       0 2.44209       0       0       0       0
      0       0       0       0       0       0 2.11867       0       0       0
      0       0       0 2.28974       0       0       0       0       0       0
      0       0       0       0       0  2.4085       0       0       0       0
      0       0       0       0       0       0       0       0       0 2.29428
      0       0       0 2.28496       0       0       0       0       0       0
      0       0       0       0       0 2.38903       0       0       0       0
      0       0       0       0       0       0       0       0       0 2.25879
      0       0       0 2.29812       0       0       0       0       0       0
      0 2.19023       0       0       0       0       0       0       0       0
      0       0       0       0       0       0       0       0       0 2.29545
      0       0       0       0       0  2.3205       0       0       0       0
      0       0       0 2.28866       0       0       0       0       0       0
2.22528       0       0       0       0       0       0       0       0       0
      0       0       0       0       0       0 2.31384       0       0       0
      0       0       0       0       0       0       0       0       0 2.24849
      0       0       0       0       0       0       0       0 2.31256       0
      0       0       0       0 2.34868       0       0       0       0       0
2.29373       0       0       0       0       0       0       0       0       0
      0       0       0       0 2.34868       0       0       0       0       0
      0       0       0       0       0       0       0       0       0 2.29099
      0       0 2.30621       0       0       0       0       0       0       0
      0       0       0       0       0       0       0       0       0 2.27484
2.29373       0       0       0       0       0       0       0       0       0
      0 2.19221       0       0       0       0       0       0       0       0
2.30399       0       0       0       0       0       0       0       0       0
      0       0       0 2.28866       0       0       0       0       0       0
      0 2.18954       0       0       0       0       0       0       0       0
      0       0       0       0       0       0 2.31088       0       0       0
      0       0       0       0       0 2.37814       0       0       0       0
      0       0       0       0       0       0       0       0 2.31231       0
      0 2.18655       0       0       0       0       0       0       0       0
      0       0       0       0       0 2.40907       0       0       0       0
      0       0       0 2.28866       0       0       0       0       0       0
      0       0       0 2.28866       0       0       0       0       0       0
2.25928       0       0       0       0       0       0       0       0       0
      0       0       0 2.28866       0       0       0       0       0       0
      0       0       0       0       0 2.38281       0       0       0       0
      0       0       0       0       0 2.33839       0       0       0       0
      0       0       0       0       0       0       0       0       0 2.29286
      0       0 2.30229       0       0       0       0       0       0       0
      0       0       0       0       0       0       0       0 2.31256       0
      0       0       0       0       0       0       0 2.23324       0       0
2.29373       0       0       0       0       0       0       0       0       0
      0       0       0       0 2.29343       0       0       0       0       0
      0       0       0       0       0       0       0       0       0 2.30128
      0 2.18903       0       0       0       0       0       0       0       0
      0       0       0       0       0       0       0       0       0 2.28946
      0       0       0       0       0       0       0 2.27381       0       0
      0       0       0       0       0       0       0 2.21732       0       0
      0       0       0       0       0 2.40697       0       0       0       0
      0       0       0       0       0 2.47531       0       0       0       0
      0       0  2.2914       0       0       0       0       0       0       0
2.29373       0       0       0       0       0       0       0       0       0
      0       0       0       0       0       0       0       0       0 2.29781
      0 2.17783       0       0       0       0       0       0       0       0
      0       0       0       0       0       0       0       0  2.3013       0
      0       0       0       0       0       0 2.32116       0       0       0
      0       0 2.30621       0       0       0       0       0       0       0
      0       0       0 2.28866       0       0       0       0       0       0
      0       0       0       0       0       0       0       0       0 2.30083
      0       0       0       0       0       0 2.31262       0       0       0
      0       0 2.30621       0       0       0       0       0       0       0
      0 2.18094       0       0       0       0       0       0       0       0
      0       0       0       0       0       0       0       0       0 2.29696
      0 2.19869       0       0       0       0       0       0       0       0
      0       0       0  2.2766       0       0       0       0       0       0
      0       0       0       0       0  2.3627       0       0       0       0
      0       0       0       0       0 2.32835       0       0       0       0
2.28855       0       0       0       0       0       0       0       0       0
      0       0       0  2.3635       0       0       0       0       0       0
      0       0       0       0       0       0       0       0 2.32081       0
      0       0       0 2.28866       0       0       0       0       0       0
      0       0       0 2.30381       0       0       0       0       0       0
      0       0       0       0       0       0       0 2.27381       0       0
      0       0       0       0       0       0 2.29501       0       0       0
      0       0       0       0       0       0 2.32116       0       0       0
2.29373       0       0       0       0       0       0       0       0       0
      0 2.19354       0       0       0       0       0       0       0       0
      0       0       0       0 2.36572       0       0       0       0       0
2.29373       0       0       0       0       0       0       0       0       0
      0       0       0       0       0       0 2.31886       0       0       0
      0       0       0       0       0       0       0       0       0 2.29696
      0       0       0       0       0       0       0       0 2.33362       0
      0 2.15848       0       0       0       0       0       0       0       0
      0       0 2.30621       0       0       0       0       0       0       0
      0       0       0       0       0       0       0       0       0 2.30975
      0       0       0       0       0       0       0       0       0 2.16919
      0       0       0       0       0 2.32966       0       0       0       0
      0       0       0       0       0       0       0       0       0 2.29679
      0       0       0       0       0       0       0 2.27298       0       0
      0       0       0 2.26344       0       0       0       0       0       0
      0       0       0       0       0       0       0 2.22719       0       0
      0       0       0       0       0       0       0       0 2.31256       0
2.29373       0       0       0       0       0       0       0       0       0
      0  2.1904       0       0       0       0       0       0       0       0
      0       0       0 2.28866       0       0       0       0       0       0
2.29373       0       0       0       0       0       0       0       0       0
      0       0       0       0 2.27298       0       0       0       0       0
      0       0       0       0       0       0 2.32116       0       0       0
      0 2.18291       0       0       0       0       0       0       0       0
2.18264       0       0       0       0       0       0       0       0       0
      0       0 2.30621       0       0       0       0       0       0       0
      0       0       0       0       0 2.40907       0       0       0       0
      0       0       0       0       0       0       0       0 2.31256       0
      0       0       0       0 2.25598       0       0       0       0       0
      0       0       0       0 2.34868       0       0       0       0       0
      0 2.20384       0       0       0       0       0       0       0       0
      0 2.14775       0       0       0       0       0       0       0       0
      0       0       0       0       0 2.40907       0       0       0       0
      0       0       0       0 2.24408       0       0       0       0       0
      0       0       0       0       0       0 2.34133       0       0       0
      0       0       0       0       0       0 2.35073       0       0       0
2.29373       0       0       0       0       0       0       0       0       0
      0       0       0       0       0       0 2.32706       0       0       0
      0       0       0       0       0       0       0       0       0 2.29696
      0       0  2.2057       0       0       0       0       0       0       0
      0       0       0       0       0       0 2.32335       0       0       0
      0       0 2.30621       0       0       0       0       0       0       0
      0       0       0       0       0       0       0 2.23234       0       0
      0 2.16221       0       0       0       0       0       0       0       0
      0       0       0       0       0       0       0 2.27381       0       0
      0       0       0       0       0       0       0       0       0 2.29696
      0       0       0       0 2.34868       0       0       0       0       0
2.27382       0       0       0       0       0       0       0       0       0
2.29073       0       0       0       0       0       0       0       0       0
      0       0       0 2.28354       0       0       0       0       0       0
      0       0       0       0       0       0       0       0 2.31975       0
      0       0 2.30621       0       0       0       0       0       0       0
      0       0 2.24329       0       0       0       0       0       0       0
      0       0       0 2.28866       0       0       0       0       0       0
      0 2.18903       0       0       0       0       0       0       0       0
      0       0       0       0       0       0 2.30487       0       0       0
2.29373       0       0       0       0       0       0       0       0       0
      0       0       0       0       0 2.40907       0       0       0       0
      0       0       0       0       0       0       0 2.27381       0       0
      0       0       0       0       0       0       0 2.27818       0       0
      0       0       0       0       0       0       0       0       0 2.20959
      0       0 2.26074       0       0       0       0       0       0       0
      0       0       0       0       0       0 2.29429       0       0       0
      0       0       0       0       0       0       0 2.19584       0       0
      0       0       0       0       0       0       0       0       0 2.34677
      0       0       0       0       0       0       0 2.25901       0       0
      0       0       0       0       0       0       0       0 2.31509       0
      0       0       0       0       0       0 2.30322       0       0       0
      0       0       0       0       0       0       0       0 2.31256       0
      0       0       0       0       0       0       0       0 2.33044       0
      0       0       0       0 2.22713       0       0       0       0       0
      0       0       0       0       0       0 2.29599       0       0       0
      0       0       0       0       0       0       0       0 2.31591       0
      0       0       0       0 2.34404       0       0       0       0       0
      0 2.15747       0       0       0       0       0       0       0       0
      0       0 2.30621       0       0       0       0       0       0       0
      0       0       0       0       0       0       0       0 2.31256       0
      0 2.18903       0       0       0       0       0       0       0       0
      0       0       0 2.27823       0       0       0       0       0       0
      0       0       0       0       0       0       0       0       0 2.29696
      0       0       0       0 2.34868       0       0       0       0       0
2.23827       0       0       0       0       0       0       0       0       0
      0       0       0 2.33546       0       0       0       0       0       0
      0       0       0       0       0       0       0 2.27381       0       0
      0       0       0 2.29016       0       0       0       0       0       0
      0       0 2.30621       0       0       0       0       0       0       0
      0       0       0 2.28866       0       0       0       0       0       0
      0       0       0 2.28698       0       0       0       0       0       0
      0       0       0       0       0       0       0 2.27381       0       0
      0       0       0 2.24003       0       0       0       0       0       0
      0       0       0       0 2.24642       0       0       0       0       0
2.29373       0       0       0       0       0       0       0       0       0
      0       0       0       0       0       0 2.32116       0       0       0
      0       0 2.22433       0       0       0       0       0       0       0
2.29373       0       0       0       0       0       0       0       0       0
      0       0       0       0       0       0       0       0 2.31256       0
      0 2.18861       0       0       0       0       0       0       0       0
      0       0       0       0       0 2.19351       0       0       0       0
      0       0       0 2.33269       0       0       0       0       0       0
      0       0       0       0       0 2.40924       0       0       0       0
      0       0       0       0 2.34868       0       0       0       0       0
      0 2.18175       0       0       0       0       0       0       0       0
      0       0       0       0       0       0       0 2.27381       0       0
      0 2.08243       0       0       0       0       0       0       0       0
      0       0       0       0       0 2.43258       0       0       0       0
      0       0       0       0       0       0       0 2.27381       0       0
      0       0       0       0       0 2.39371       0       0       0       0
      0       0       0       0       0       0       0 2.14054       0       0
      0       0       0 2.30206       0       0       0       0       0       0
      0       0 2.30621       0       0       0       0       0       0       0
      0       0 2.30621       0       0       0       0       0       0       0
      0       0       0       0       0       0       0 2.26517       0       0
      0       0       0 2.31024       0       0       0       0       0       0
      0       0       0       0       0       0       0 2.30072       0       0
      0       0       0 2.31602       0       0       0       0       0       0
      0       0       0       0       0       0       0 2.18114       0       0
      0       0       0       0       0       0       0       0 2.31082       0
      0       0       0       0       0 2.24342       0       0       0       0
      0       0       0       0 2.25716       0       0       0       0       0
      0       0       0       0       0 2.41167       0       0       0       0
      0       0 2.29408       0       0       0       0       0       0       0
      0       0       0       0       0 2.39367       0       0       0       0
      0       0       0       0       0       0 2.32116       0       0       0
      0       0       0       0       0 2.40907       0       0       0       0
      0       0       0 2.28866       0       0       0       0       0       0
      0       0       0       0       0       0 2.29548       0       0       0
      0       0       0       0       0       0       0 2.27973       0       0
      0       0       0       0 2.34831       0       0       0       0       0
      0 2.18903       0       0       0       0       0       0       0       0
      0       0       0       0       0       0       0 2.27381       0       0
      0 2.18903       0       0       0       0       0       0       0       0
      0       0       0       0       0 2.41507       0       0       0       0
      0       0 2.24652       0       0       0       0       0       0       0
      0       0       0 2.28866       0       0       0       0       0       0
      0       0       0       0       0       0 2.29998       0       0       0
      0       0       0 2.26557       0       0       0       0       0       0
      0 2.18903       0       0       0       0       0       0       0       0
      0       0       0       0 2.34868       0       0       0       0       0
      0       0 2.30621       0       0       0       0       0       0       0
      0       0       0       0       0       0 2.32116       0       0       0
      0       0       0       0       0       0       0 2.18195       0       0
      0       0       0       0 2.34868       0       0       0       0       0
      0       0       0 2.33987       0       0       0       0       0       0
      0       0       0       0       0       0       0       0 2.31256       0
2.29373       0       0       0       0       0       0       0       0       0
      0       0       0       0       0       0 2.31891       0       0       0
      0       0 2.30621       0       0       0       0       0       0       0
      0 2.16263       0       0       0       0       0       0       0       0
      0       0       0       0       0       0 2.31853       0       0       0
      0       0       0       0       0 2.35622       0       0       0       0
      0       0       0   2.315       0       0       0       0       0       0
      0       0       0       0       0       0       0       0       0 2.29849
      0 2.13088       0       0       0       0       0       0       0       0
      0       0       0       0       0       0       0       0       0 2.22051
      0       0       0 2.30484       0       0       0       0       0       0
      0       0 2.24424       0       0       0       0       0       0       0
      0 2.16689       0       0       0       0       0       0       0       0
      0       0       0       0       0       0       0       0 2.31137       0
      0       0       0       0 2.34868       0       0       0       0       0
      0       0       0       0 2.31905       0       0       0       0       0
      0       0       0       0       0       0 2.32116       0       0       0
      0       0       0       0       0 2.37473       0       0       0       0
      0       0       0       0       0       0       0       0 2.31256       0
      0       0       0       0       0       0 2.32126       0       0       0
      0       0       0       0       0       0       0       0       0 2.29702
      0       0       0       0       0       0       0 2.21111       0       0
      0       0       0       0       0       0       0 2.27475       0       0
      0       0       0       0       0       0       0       0 2.32319       0
      0       0       0       0       0       0 2.32116       0       0       0
      0       0       0       0       0       0       0       0       0 2.25157
      0       0       0       0       0       0       0 2.27649       0       0
      0       0       0 2.32751       0       0       0       0       0       0
      0       0       0       0       0       0       0       0       0 2.29696
      0       0       0       0 2.18158       0       0       0       0       0
2.26676       0       0       0       0       0       0       0       0       0
      0       0       0       0       0 2.40907       0       0       0       0
      0       0       0       0 2.34514       0       0       0       0       0
      0       0       0       0       0       0 2.25257       0       0       0
      0       0       0       0 2.34868       0       0       0       0       0
      0 2.17899       0       0       0       0       0       0       0       0
      0       0 2.30621       0       0       0       0       0       0       0
      0       0       0  2.2916       0       0       0       0       0       0
2.29373       0       0       0       0       0       0       0       0       0
2.29373       0       0       0       0       0       0       0       0       0
      0       0  2.1223       0       0       0       0       0       0       0
      0       0       0       0       0       0 2.38072       0       0       0
      0       0       0       0       0       0 2.29792       0       0       0
      0       0       0       0       0 2.40351       0       0       0       0
      0       0       0       0       0       0       0 2.25773       0       0
2.28356       0       0       0       0       0       0       0       0       0
      0       0       0       0       0       0       0       0 2.27705       0
      0       0       0       0       0       0 2.32116       0       0       0
      0       0       0       0 2.33476       0       0       0       0       0
      0       0       0       0       0       0       0 2.30381       0       0
      0       0       0       0       0       0       0       0       0 2.29696
2.36184       0       0       0       0       0       0       0       0       0
      0       0       0       0       0       0       0 2.20477       0       0
      0       0       0 2.09102       0       0       0       0       0       0
      0       0       0       0 2.34868       0       0       0       0       0
      0       0 2.11012       0       0       0       0       0       0       0
      0 2.16462       0       0       0       0       0       0       0       0
      0       0       0       0       0       0       0       0 2.31256       0
      0       0       0       0       0       0       0       0 2.31256       0
      0       0       0       0       0 2.36057       0       0       0       0
      0       0       0       0       0       0       0       0       0 2.29696
      0       0 2.29826       0       0       0       0       0       0       0
      0       0       0       0       0       0       0 2.25596       0       0
      0 2.15556       0       0       0       0       0       0       0       0
      0       0       0       0       0       0       0       0 2.31256       0
      0       0       0       0       0       0       0       0 2.35429       0
      0       0       0       0       0       0       0       0 2.30984       0
      0       0  2.3172       0       0       0       0       0       0       0
      0       0       0       0       0       0       0 2.26723       0       0
      0       0       0       0       0       0 2.32116       0       0       0
2.29373       0       0       0       0       0       0       0       0       0
      0 2.18653       0       0       0       0       0       0       0       0
      0       0 2.30621       0       0       0       0       0       0       0
      0       0       0       0       0       0       0 2.24486       0       0
      0 2.16094       0       0       0       0       0       0       0       0
2.29373       0       0       0       0       0       0       0       0       0
      0       0       0       0       0       0       0       0 2.31817       0
      0       0       0 2.27873       0       0       0       0       0       0
      0       0       0       0       0       0 2.26874       0       0       0
2.29317       0       0       0       0       0       0       0       0       0
      0       0       0       0       0 2.40907       0       0       0       0
      0       0       0 2.28718       0       0       0       0       0       0
      0       0       0       0       0       0 2.20456       0       0       0
      0       0 2.28352       0       0       0       0       0       0       0
      0       0       0       0       0       0       0       0 2.31256       0
      0       0       0       0       0       0       0 2.27813       0       0
2.29373       0       0       0       0       0       0       0       0       0
      0 2.15222       0       0       0       0       0       0       0       0
      0       0       0       0 2.34868       0       0       0       0       0
      0       0 2.30621       0       0       0       0       0       0       0
      0 2.17255       0       0       0       0       0       0       0       0
      0 2.18903       0       0       0       0       0       0       0       0
      0       0       0       0 2.28981       0       0       0       0       0
      0       0       0       0 2.28371       0       0       0       0       0
      0       0       0       0 2.36466       0       0       0       0       0
      0       0       0       0 2.34458       0       0       0       0       0
      0       0       0       0       0       0       0 2.26705       0       0
      0 2.07185       0       0       0       0       0       0       0       0
      0       0       0       0       0       0 2.31767       0       0       0
      0       0 2.30621       0       0       0       0       0       0       0
      0       0       0       0       0       0       0       0       0 2.30202
      0       0       0       0       0       0       0       0       0 2.29696
2.18343       0       0       0       0       0       0       0       0       0
2.26259       0       0       0       0       0       0       0       0       0
      0 2.18104       0       0       0       0       0       0       0       0
      0       0       0       0       0       0       0       0 2.31256       0
      0       0       0       0       0       0       0       0 2.30277       0
      0       0       0       0 2.33256       0       0       0       0       0
      0       0       0 2.28866       0       0       0       0       0       0
      0       0       0       0 2.34868       0       0       0       0       0
      0       0 2.30109       0       0       0       0       0       0       0
2.17228       0       0       0       0       0       0       0       0       0
      0       0       0       0       0       0 2.34454       0       0       0
      0 2.17318       0       0       0       0       0       0       0       0
      0       0       0       0       0       0 2.36097       0       0       0
      0 2.18903       0       0       0       0       0       0       0       0
      0       0 2.30621       0       0       0       0       0       0       0
      0       0 2.12853       0       0       0       0       0       0       0
      0       0 2.25915       0       0       0       0       0       0       0
      0 2.15084       0       0       0       0       0       0       0       0
      0       0 2.30621       0       0       0       0       0       0       0
      0       0       0 2.28866       0       0       0       0       0       0
      0       0       0       0       0       0       0 2.24475       0       0
      0       0       0       0       0       0       0       0 2.31256       0
      0 2.18903       0       0       0       0       0       0       0       0
2.29373       0       0       0       0       0       0       0       0       0
2.29373       0       0       0       0       0       0       0       0       0
      0       0 2.30793       0       0       0       0       0       0       0
      0 2.12914       0       0       0       0       0       0       0       0
      0       0       0       0       0       0 2.32108       0       0       0
      0       0       0       0       0       0 2.31773       0       0       0
 2.2219       0       0       0       0       0       0       0       0       0
      0 2.17535       0       0       0       0       0       0       0       0
      0       0       0       0       0       0 2.32116       0       0       0
      0       0 2.25009       0       0       0       0       0       0       0
      0       0       0       0       0 2.34157       0       0       0       0
      0  2.1868       0       0       0       0       0       0       0       0
      0       0       0       0       0       0       0 2.25575       0       0
      0       0       0       0 2.22126       0       0       0       0       0
      0       0       0       0       0       0       0       0 2.31256       0
      0       0 2.30621       0       0       0       0       0       0       0
      0 2.23619       0       0       0       0       0       0       0       0
      0       0       0       0 2.34612       0       0       0       0       0
      0       0       0 2.30545       0       0       0       0       0       0
      0       0       0       0       0       0       0       0 2.31256       0
      0       0       0 2.28866       0       0       0       0       0       0
      0       0       0       0       0       0       0       0       0 2.20922
      0       0       0       0       0       0       0       0       0 2.29696
      0       0       0       0 2.34868       0       0       0       0       0
      0       0       0       0       0       0       0       0 2.31256       0
      0       0       0 2.28866       0       0       0       0       0       0
      0       0       0       0 2.34868       0       0       0       0       0
      0       0       0       0       0       0       0 2.23257       0       0
      0       0 2.27564       0       0       0       0       0       0       0
      0       0       0       0       0       0       0 2.27381       0       0
      0       0       0       0       0 2.40242       0       0       0       0
      0       0       0       0       0       0       0 2.27381       0       0
2.23874       0       0       0       0       0       0       0       0       0
      0       0       0       0 2.34868       0       0       0       0       0
      0       0       0 2.27598       0       0       0       0       0       0
      0       0       0 2.36824       0       0       0       0       0       0
      0       0  2.3223       0       0       0       0       0       0       0
      0       0       0       0       0       0 2.30471       0       0       0
      0       0       0       0       0       0       0  2.2527       0       0
      0       0       0       0       0       0 2.33357       0       0       0
2.28239       0       0       0       0       0       0       0       0       0
2.29373       0       0       0       0       0       0       0       0       0
      0       0       0       0       0       0 2.29137       0       0       0
      0       0       0       0       0       0       0 2.26659       0       0
      0       0       0       0       0       0       0 2.27381       0       0
2.28954       0       0       0       0       0       0       0       0       0
      0       0       0       0       0 2.41191       0       0       0       0
      0       0       0       0       0 2.39632       0       0       0       0
      0       0       0       0       0       0       0       0 2.31256       0
      0 2.18903       0       0       0       0       0       0       0       0
2.28291       0       0       0       0       0       0       0       0       0
      0       0       0       0       0       0       0 2.27381       0       0
2.29373       0       0       0       0       0       0       0       0       0
      0       0 2.30621       0       0       0       0       0       0       0
      0       0       0       0       0       0       0       0 2.31256       0
      0 2.17676       0       0       0       0       0       0       0       0
      0       0       0       0       0 2.40907       0       0       0       0
2.29373       0       0       0       0       0       0       0       0       0
      0       0       0       0       0       0       0       0 2.31256       0
      0       0       0       0       0       0       0       0 2.33194       0
2.29373       0       0       0       0       0       0       0       0       0
      0       0       0 2.28166       0       0       0       0       0       0
      0       0 2.30621       0       0       0       0       0       0       0
      0       0       0       0       0       0       0 2.27029       0       0
      0       0       0       0       0       0       0 2.27381       0       0
      0       0 2.31166       0       0       0       0       0       0       0
      0       0       0       0       0       0 2.32116       0       0       0
      0       0       0       0 2.22268       0       0       0       0       0
      0       0       0       0       0       0       0 2.27169       0       0
      0       0       0       0       0 2.25044       0       0       0       0
      0       0       0       0       0 2.36803       0       0       0       0
      0       0       0       0       0 2.36225       0       0       0       0
      0       0 2.30621       0       0       0       0       0       0       0
      0       0       0       0       0       0       0       0       0  2.2892
      0       0 2.26941       0       0       0       0       0       0       0
      0       0       0       0       0       0       0       0 2.31256       0
      0       0       0       0 2.34639       0       0       0       0       0
      0       0       0       0       0       0 2.32116       0       0       0
      0       0       0       0       0       0       0       0 2.32563       0
      0       0       0       0       0       0 2.33489       0       0       0
      0       0       0       0       0 2.34952       0       0       0       0
2.29373       0       0       0       0       0       0       0       0       0
2.13607       0       0       0       0       0       0       0       0       0
      0       0       0       0       0       0       0       0 2.31256       0
      0       0       0       0       0       0       0 2.25712       0       0
      0       0       0       0       0       0 2.29457       0       0       0
      0 2.14245       0       0       0       0       0       0       0       0
      0       0       0       0       0       0       0 2.27381       0       0
      0 2.13493       0       0       0       0       0       0       0       0
      0 2.18903       0       0       0       0       0       0       0       0
      0       0 2.30621       0       0       0       0       0       0       0
      0       0       0       0       0       0       0 2.20535       0       0
      0       0       0       0 2.34868       0       0       0       0       0
2.29373       0       0       0       0       0       0       0       0       0
2.29373       0       0       0       0       0       0       0       0       0
      0       0       0       0       0       0       0 2.24939       0       0
      0       0       0       0       0       0       0 2.26519       0       0
      0       0       0       0       0       0 2.32116       0       0       0
      0       0       0 2.28866       0       0       0       0       0       0
      0       0       0       0       0       0       0       0 2.31256       0
      0       0       0       0       0       0 2.27183       0       0       0
      0       0       0       0 2.36108       0       0       0       0       0
      0       0 2.30621       0       0       0       0       0       0       0
2.29373       0       0       0       0       0       0       0       0       0
      0       0       0       0       0       0       0       0       0 2.30025
      0       0       0       0 2.33912       0       0       0       0       0
2.29373       0       0       0       0       0       0       0       0       0
      0       0       0       0       0 2.40907       0       0       0       0
      0       0       0       0       0       0       0 2.18241       0       0
      0       0       0       0       0       0       0       0 2.31256       0
      0       0 2.29123       0       0       0       0       0       0       0
      0       0       0       0       0       0       0  2.2517       0       0
      0       0       0       0 2.34868       0       0       0       0       0
      0       0       0       0       0       0       0 2.26569       0       0
      0 2.16928       0       0       0       0       0       0       0       0
      0 2.15605       0       0       0       0       0       0       0       0
      0       0       0 2.28866       0       0       0       0       0       0
      0       0       0       0       0       0 2.32116       0       0       0
      0       0       0       0       0       0 2.32116       0       0       0
      0       0 2.03155       0       0       0       0       0       0       0
      0       0       0       0       0       0       0       0       0 2.32868
      0 2.18589       0       0       0       0       0       0       0       0
      0       0       0       0       0       0       0       0       0 2.26979
      0       0       0       0 2.34653       0       0       0       0       0
      0       0       0       0       0       0       0       0 2.31256       0
      0       0       0 2.28866       0       0       0       0       0       0
      0       0       0       0       0       0 2.32116       0       0       0
      0       0       0       0       0       0       0       0       0 2.29696
      0       0       0       0       0 2.29728       0       0       0       0
      0       0       0       0       0       0       0       0       0 2.33192
      0       0       0       0       0       0 2.32116       0       0       0
      0       0 2.24921       0       0       0       0       0       0       0
      0       0       0       0 2.34921       0       0       0       0       0
      0       0       0       0       0       0 2.32248       0       0       0
      0       0       0       0       0       0       0 2.22631       0       0
      0       0       0       0       0       0       0 2.26886       0       0
2.28823       0       0       0       0       0       0       0       0       0
      0       0       0       0       0       0 2.32116       0       0       0
      0       0       0       0       0       0 2.27982       0       0       0
      0       0       0       0       0       0       0       0       0 2.25791
      0       0       0       0 2.31193       0       0       0       0       0
      0       0       0       0       0       0       0       0 2.31256       0
      0       0       0 2.28866       0       0       0       0       0       0
      0       0       0       0       0 2.40907       0       0       0       0
      0       0       0 2.28866       0       0       0       0       0       0
      0       0       0       0 2.34868       0       0       0       0       0
      0       0       0       0       0       0       0       0       0 2.29696
2.18052       0       0       0       0       0       0       0       0       0
2.29373       0       0       0       0       0       0       0       0       0
      0       0       0       0       0 2.40907       0       0       0       0
      0       0 2.25654       0       0       0       0       0       0       0
      0       0       0       0       0 2.40853       0       0       0       0
 2.2724       0       0       0       0       0       0       0       0       0
      0       0       0       0       0       0       0  2.2434       0       0
      0 2.14151       0       0       0       0       0       0       0       0
      0 2.15547       0       0       0       0       0       0       0       0
      0 2.17175       0       0       0       0       0       0       0       0
      0       0       0       0       0       0 2.32116       0       0       0
      0       0       0       0       0       0       0 2.27381       0       0
      0       0       0       0       0       0 2.32116       0       0       0
      0       0       0       0       0       0       0 2.22921       0       0
      0       0       0       0       0       0       0       0       0 2.27601
      0       0       0       0       0       0 2.32148       0       0       0
      0       0       0       0       0       0 2.35599       0       0       0
      0       0       0       0 2.34868       0       0       0       0       0
      0  2.1192       0       0       0       0       0       0       0       0
      0       0       0       0 2.26623       0       0       0       0       0
      0       0       0 2.28701       0       0       0       0       0       0
      0 2.17646       0       0       0       0       0       0       0       0
      0 2.16242       0       0       0       0       0       0       0       0
      0       0 2.26083       0       0       0       0       0       0       0
      0       0 2.30782       0       0       0       0       0       0       0
      0       0       0       0 2.34868       0       0       0       0       0
      0 2.18197       0       0       0       0       0       0       0       0
2.29373       0       0       0       0       0       0       0       0       0
      0       0       0       0       0       0       0       0 2.32021       0
      0       0       0       0       0       0       0 2.29531       0       0
      0       0       0       0       0       0 2.33949       0       0       0
      0       0       0 2.28866       0       0       0       0       0       0
      0       0       0       0 2.34868       0       0       0       0       0
2.29373       0       0       0       0       0       0       0       0       0
 2.2387       0       0       0       0       0       0       0       0       0
      0       0       0       0       0       0 2.32116       0       0       0
      0       0       0 2.29692       0       0       0       0       0       0
      0       0       0 2.17092       0       0       0       0       0       0
2.29373       0       0       0       0       0       0       0       0       0
      0       0       0       0       0       0       0 2.25876       0       0
      0 2.18951       0       0       0       0       0       0       0       0
      0       0       0       0       0       0       0 2.30546       0       0
      0 2.18903       0       0       0       0       0       0       0       0
      0 2.16915       0       0       0       0       0       0       0       0
      0       0       0 2.28866       0       0       0       0       0       0
      0 2.18903       0       0       0       0       0       0       0       0
2.29373       0       0       0       0       0       0       0       0       0
      0       0       0       0       0       0       0       0       0  2.2992
      0       0       0       0       0       0       0       0       0 2.35206
      0       0       0       0       0       0       0 2.18036       0       0
      0       0       0       0       0 2.35944       0       0       0       0
      0       0       0       0 2.34868       0       0       0       0       0
      0 2.18903       0       0       0       0       0       0       0       0
      0       0       0       0 2.29575       0       0       0       0       0
      0       0       0       0       0       0       0       0  2.2997       0
      0       0       0       0       0       0       0       0       0 2.29696
      0       0       0       0       0 2.40907       0       0       0       0
      0       0       0 2.28866       0       0       0       0       0       0
      0       0       0       0       0 2.40907       0       0       0       0
      0 2.18903       0       0       0       0       0       0       0       0
      0       0       0       0       0       0       0       0       0 2.23072
      0       0       0       0       0       0       0       0 2.31256       0
      0       0 2.23194       0       0       0       0       0       0       0
      0       0       0 2.29336       0       0       0       0       0       0
      0       0       0 2.33026       0       0       0       0       0       0
      0       0       0       0       0       0       0       0       0 2.29696
      0       0       0       0       0       0       0       0       0 2.29696
 2.2704       0       0       0       0       0       0       0       0       0
      0 2.18903       0       0       0       0       0       0       0       0
2.29373       0       0       0       0       0       0       0       0       0
      0       0 2.30621       0       0       0       0       0       0       0
      0       0       0       0       0       0       0       0       0 2.31263
      0       0       0 2.28117       0       0       0       0       0       0
      0       0       0       0       0       0       0       0       0 2.29696
      0       0       0 2.28856       0       0       0       0       0       0
      0       0       0 2.28866       0       0       0       0       0       0
      0       0       0       0       0       0 2.32116       0       0       0
      0       0 2.30621       0       0       0       0       0       0       0
      0       0       0       0   2.343       0       0       0       0       0
      0       0       0       0       0       0       0       0       0 2.26366
      0       0       0       0       0       0       0       0 2.31256       0
      0       0       0 2.21404       0       0       0       0       0       0
      0       0       0       0       0       0       0 2.31779       0       0
      0       0       0       0  2.3508       0       0       0       0       0
2.29373       0       0       0       0       0       0       0       0       0
      0       0       0       0 2.16883       0       0       0       0       0
      0       0       0       0       0       0       0 2.24075       0       0
      0       0       0       0       0       0       0       0 2.31256       0
      0       0       0       0  2.3305       0       0       0       0       0
      0       0       0       0       0       0       0       0       0 2.11833
      0       0       0       0       0       0       0       0 2.31256       0
      0       0       0       0       0       0       0       0       0 2.36233
      0       0       0       0       0       0       0       0       0 2.27823
      0       0       0       0       0       0       0 2.24486       0       0
      0       0       0       0       0 2.40826       0       0       0       0
      0       0       0       0       0       0       0       0       0 2.29696
      0       0 2.30621       0       0       0       0       0       0       0
      0       0       0       0       0       0       0       0 2.31256       0
      0       0 2.31092       0       0       0       0       0       0       0
      0       0 2.30621       0       0       0       0       0       0       0
2.29373       0       0       0       0       0       0       0       0       0
      0       0 2.30621       0       0       0       0       0       0       0
      0       0 2.30621       0       0       0       0       0       0       0
      0       0       0 2.28866       0       0       0       0       0       0
      0       0       0       0       0       0       0       0 2.30412       0
      0       0       0       0 2.26371       0       0       0       0       0
      0       0       0       0       0       0 2.32097       0       0       0
      0       0       0       0       0       0       0       0 2.16188       0
      0       0       0       0       0       0 2.22889       0       0       0
      0       0       0       0       0       0       0       0 2.31256       0
      0       0 2.30621       0       0       0       0       0       0       0
      0       0       0       0 2.34868       0       0       0       0       0
      0       0       0       0       0       0 2.32116       0       0       0
      0       0       0       0       0       0       0 2.26984       0       0
      0       0       0       0       0       0       0       0       0 2.29696
      0       0       0 2.29745       0       0       0       0       0       0
      0       0       0 2.29788       0       0       0       0       0       0
      0       0       0       0       0       0       0       0       0  2.1066
      0       0       0       0 2.34868       0       0       0       0       0
      0       0       0  2.2629       0       0       0       0       0       0
      0 2.12147       0       0       0       0       0       0       0       0
      0       0       0       0  2.3318       0       0       0       0       0
      0       0       0       0 2.34868       0       0       0       0       0
      0       0       0       0       0       0       0 2.27381       0       0
2.28772       0       0       0       0       0       0       0       0       0
      0       0       0       0       0 2.40907       0       0       0       0
      0       0       0       0       0       0       0       0       0 2.28792
      0       0       0       0       0       0 2.32116       0       0       0
2.26899       0       0       0       0       0       0       0       0       0
      0       0       0       0 2.33221       0       0       0       0       0
      0       0       0       0 2.34608       0       0       0       0       0
      0       0       0       0 2.34868       0       0       0       0       0
      0       0       0       0 2.30016       0       0       0       0       0
      0       0       0       0       0       0 2.32116       0       0       0
      0 2.17241       0       0       0       0       0       0       0       0
      0       0 2.29495       0       0       0       0       0       0       0
      0       0       0 2.30833       0       0       0       0       0       0
      0       0       0 2.28866       0       0       0       0       0       0
      0       0       0       0       0       0 2.32116       0       0       0
      0       0       0       0 2.29385       0       0       0       0       0
      0       0       0       0       0 2.21744       0       0       0       0
      0       0       0       0       0       0       0       0       0 2.28863
      0       0       0       0       0       0 2.32116       0       0       0
      0       0       0       0       0       0       0       0 2.31256       0
      0       0       0       0       0 2.30021       0       0       0       0
      0       0       0       0       0       0  2.3215       0       0       0
      0       0       0       0       0 2.40907       0       0       0       0
      0       0       0       0       0       0       0       0 2.29806       0
      0       0       0       0       0       0 2.32116       0       0       0
      0       0       0       0 2.32777       0       0       0       0       0
      0 2.18883       0       0       0       0       0       0       0       0
      0       0       0       0       0       0       0       0 2.31256       0
      0       0       0       0       0       0 2.33115       0       0       0
      0       0       0       0       0 2.42181       0       0       0       0
      0       0 2.30621       0       0       0       0       0       0       0
      0       0       0       0       0       0       0       0 2.30776       0
      0       0       0       0 2.31731       0       0       0       0       0
      0       0       0       0       0  2.3983       0       0       0       0
      0       0       0       0       0 2.40907       0       0       0       0
      0       0       0       0 2.13671       0       0       0       0       0
      0       0       0       0       0       0       0 2.24207       0       0
      0       0       0       0       0       0       0 2.27411       0       0
2.30946       0       0       0       0       0       0       0       0       0
      0       0       0       0       0       0       0  2.2748       0       0
      0       0       0       0       0       0       0       0 2.31256       0
      0       0 2.04647       0       0       0       0       0       0       0
      0       0 2.30885       0       0       0       0       0       0       0
      0       0       0 2.28866       0       0       0       0       0       0
      0       0       0       0       0       0       0 2.27381       0       0
2.29373       0       0       0       0       0       0       0       0       0
      0 2.11307       0       0       0       0       0       0       0       0
      0       0       0       0       0       0       0       0 2.31256       0
2.29373       0       0       0       0       0       0       0       0       0
      0       0       0       0       0       0       0 2.11961       0       0
      0 2.18903       0       0       0       0       0       0       0       0
      0       0       0       0       0       0       0       0       0 2.29696
      0       0       0       0       0       0       0       0 2.31256       0
      0       0       0       0       0       0       0 2.11917       0       0
      0       0       0       0       0 2.37428       0       0       0       0
      0       0       0       0       0 2.37736       0       0       0       0
      0       0       0       0       0       0       0       0       0 2.30024
      0 2.18903       0       0       0       0       0       0       0       0
      0       0       0       0       0       0       0 2.27381       0       0
      0       0       0       0       0 2.40554       0       0       0       0
      0       0       0       0  2.3571       0       0       0       0       0
      0       0       0       0       0       0       0       0       0 2.30171
      0 2.15066       0       0       0       0       0       0       0       0
      0       0 2.30818       0       0       0       0       0       0       0
      0       0 2.30621       0       0       0       0       0       0       0
      0 2.15687       0       0       0       0       0       0       0       0
      0       0       0       0       0       0 2.32116       0       0       0
      0       0       0       0       0       0 2.32116       0       0       0
      0       0       0       0       0       0       0 2.27381       0       0
      0 2.18903       0       0       0       0       0       0       0       0
      0 2.08818       0       0       0       0       0       0       0       0
      0       0       0       0 2.13735       0       0       0       0       0
2.29373       0       0       0       0       0       0       0       0       0
      0       0       0       0       0       0       0 2.10047       0       0
      0       0       0       0 2.27084       0       0       0       0       0
      0       0 2.30621       0       0       0       0       0       0       0
      0       0       0       0 2.20666       0       0       0       0       0
2.28947       0       0       0       0       0       0       0       0       0
      0       0       0       0       0       0 2.25589       0       0       0
      0       0       0       0 2.28449       0       0       0       0       0
      0       0       0       0       0       0       0 2.27246       0       0
      0       0       0       0       0       0 2.36084       0       0       0
      0       0       0       0       0       0       0       0       0 2.30149
      0       0       0       0       0 2.40907       0       0       0       0
      0       0       0 2.28866       0       0       0       0       0       0
      0       0       0       0 2.34868       0       0       0       0       0
      0       0       0       0       0       0 2.32116       0       0       0
      0       0       0       0       0 2.24914       0       0       0       0
2.29373       0       0       0       0       0       0       0       0       0
      0 2.16164       0       0       0       0       0       0       0       0
      0       0       0       0       0       0       0       0 2.31161       0
      0       0       0       0       0       0       0       0 2.31831       0
      0       0 2.30621       0       0       0       0       0       0       0
      0       0       0       0       0       0       0       0 2.31256       0
      0       0       0 2.28866       0       0       0       0       0       0
      0       0       0       0       0 2.37506       0       0       0       0
      0       0       0       0       0       0       0 2.18696       0       0
      0       0       0       0       0       0       0       0 2.31256       0
2.29204       0       0       0       0       0       0       0       0       0
      0       0       0       0       0       0       0       0 2.31256       0
      0       0       0       0       0 2.40293       0       0       0       0
      0       0       0       0       0       0       0 2.27381       0       0
      0 2.19284       0       0       0       0       0       0       0       0
      0 2.18046       0       0       0       0       0       0       0       0
2.25231       0       0       0       0       0       0       0       0       0
      0 2.18415       0       0       0       0       0       0       0       0
      0       0       0 2.28866       0       0       0       0       0       0
      0       0       0       0       0       0       0 2.25309       0       0
      0       0       0       0       0       0       0       0 2.31256       0
      0       0       0       0       0 2.40499       0       0       0       0
2.30894       0       0       0       0       0       0       0       0       0
      0       0       0       0       0       0       0 2.29053       0       0
      0 2.17887       0       0       0       0       0       0       0       0
      0 2.11232       0       0       0       0       0       0       0       0
2.29373       0       0       0       0       0       0       0       0       0
      0 2.17564       0       0       0       0       0       0       0       0
      0 2.10657       0       0       0       0       0       0       0       0
      0       0       0       0 2.23792       0       0       0       0       0
      0       0       0       0       0 2.51992       0       0       0       0
      0       0 2.27162       0       0       0       0       0       0       0
      0       0       0       0       0       0       0 2.27001       0       0
      0       0       0       0       0       0 2.32116       0       0       0
      0       0 2.30621       0       0       0       0       0       0       0
      0       0       0 2.28866       0       0       0       0       0       0
2.29373       0       0       0       0       0       0       0       0       0
      0       0 2.30621       0       0       0       0       0       0       0
      0       0       0       0       0       0       0       0 2.31256       0
      0       0       0       0       0 2.32789       0       0       0       0
      0       0       0       0       0       0       0       0       0 2.29015
      0       0       0       0       0       0 2.32593       0       0       0
      0       0       0       0       0       0       0       0       0 2.28319
      0       0       0       0       0       0       0 2.27381       0       0
      0       0 2.30621       0       0       0       0       0       0       0
      0  2.1355       0       0       0       0       0       0       0       0
      0       0       0 2.29325       0       0       0       0       0       0
      0       0       0       0       0       0 2.32116       0       0       0
      0       0       0       0 2.34616       0       0       0       0       0
      0 2.18903       0       0       0       0       0       0       0       0
      0       0       0       0       0       0       0       0 2.32757       0
      0       0 2.30621       0       0       0       0       0       0       0
      0       0       0       0 2.33504       0       0       0       0       0
2.29373       0       0       0       0       0       0       0       0       0
      0       0       0       0       0 2.36795       0       0       0       0
      0 2.17044       0       0       0       0       0       0       0       0
2.29373       0       0       0       0       0       0       0       0       0
      0       0 2.38534       0       0       0       0       0       0       0
      0       0 2.30531       0       0       0       0       0       0       0
      0       0       0       0       0       0 2.24002       0       0       0
      0       0       0       0 2.35254       0       0       0       0       0
      0       0       0       0 2.36989       0       0       0       0       0
      0       0       0 2.30202       0       0       0       0       0       0
      0       0       0       0       0       0       0       0       0 2.29696
      0       0       0       0       0       0 2.31571       0       0       0
      0 2.18606       0       0       0       0       0       0       0       0
      0       0       0       0       0       0 2.21637       0       0       0
      0       0       0       0       0 2.40907       0       0       0       0
      0       0       0       0       0       0       0 2.28352       0       0
      0       0       0       0       0       0       0       0       0 2.24689
      0       0 2.29399       0       0       0       0       0       0       0
2.29373       0       0       0       0       0       0       0       0       0
      0       0 2.34725       0       0       0       0       0       0       0
      0       0       0       0       0       0 2.32116       0       0       0
2.29516       0       0       0       0       0       0       0       0       0
      0 2.17024       0       0       0       0       0       0       0       0
      0       0       0       0 2.34384       0       0       0       0       0
      0       0       0 2.26755       0       0       0       0       0       0
      0       0       0       0       0 2.36921       0       0       0       0
      0       0   2.301       0       0       0       0       0       0       0
      0       0       0       0       0       0       0       0 2.31233       0
      0       0       0       0       0       0       0       0 2.30517       0
2.29373       0       0       0       0       0       0       0       0       0
      0       0       0       0       0       0       0       0 2.28978       0
      0       0       0       0       0       0       0       0 2.33476       0
      0       0       0       0       0       0       0       0       0 2.29305
2.25324       0       0       0       0       0       0       0       0       0
      0       0       0       0       0       0       0       0       0 2.29696
      0       0       0       0       0       0 2.28862       0       0       0
      0       0       0       0       0       0       0 2.27643       0       0
      0       0       0       0       0       0 2.32116       0       0       0
      0       0       0 2.28866       0       0       0       0       0       0
      0       0       0       0       0       0       0       0       0 2.28482
      0       0       0 2.28909       0       0       0       0       0       0
      0       0       0       0 2.01881       0       0       0       0       0
      0       0       0       0       0       0       0 2.25164       0       0
      0       0       0       0       0       0       0 2.25543       0       0
      0       0       0       0       0       0       0 2.27381       0       0
      0       0       0       0 2.34155       0       0       0       0       0
      0       0       0       0       0       0       0       0       0 2.29696
2.29373       0       0       0       0       0       0       0       0       0
      0       0       0       0       0       0 2.18472       0       0       0
      0       0       0       0 2.36383       0       0       0       0       0
      0       0       0       0       0       0       0       0 2.32679       0
      0       0       0       0 2.33485       0       0       0       0       0
      0       0 2.30621       0       0       0       0       0       0       0
      0       0       0       0       0       0       0 2.27381       0       0
      0       0 2.30621       0       0       0       0       0       0       0
      0       0       0       0       0       0       0       0 2.31256       0
      0 2.18012       0       0       0       0       0       0       0       0
2.31033       0       0       0       0       0       0       0       0       0
2.19605       0       0       0       0       0       0       0       0       0
      0       0       0       0       0       0       0 2.27381       0       0
      0       0       0       0       0       0       0       0 2.31256       0
      0       0       0 2.29262       0       0       0       0       0       0
      0       0       0 2.35735       0       0       0       0       0       0
      0       0       0 2.30959       0       0       0       0       0       0
      0 2.15158       0       0       0       0       0       0       0       0
      0       0       0  2.2654       0       0       0       0       0       0
      0       0       0       0       0       0       0 2.27381       0       0
      0       0       0       0       0       0 2.32116       0       0       0
      0 2.16844       0       0       0       0       0       0       0       0
      0       0       0 2.27368       0       0       0       0       0       0
      0 2.14242       0       0       0       0       0       0       0       0
      0       0       0       0       0       0 2.32005       0       0       0
      0       0       0       0       0       0 2.42399       0       0       0
      0       0       0       0       0 2.21864       0       0       0       0
      0       0       0       0       0       0       0 2.28617       0       0
      0       0       0       0  2.2697       0       0       0       0       0
      0       0       0       0       0       0       0 2.27381       0       0
      0       0       0       0       0 2.40841       0       0       0       0
      0       0       0       0       0       0       0       0       0 2.29696
      0       0       0       0       0 2.40462       0       0       0       0
      0       0       0       0       0       0       0       0 2.33579       0
      0       0       0       0 2.33968       0       0       0       0       0
      0       0       0       0       0       0       0       0       0 2.28973
      0       0       0       0       0       0       0       0       0 2.32525
      0 2.11494       0       0       0       0       0       0       0       0
      0       0       0       0       0       0 2.29847       0       0       0
      0       0       0       0       0 2.30773       0       0       0       0
1.99679       0       0       0       0       0       0       0       0       0
      0 2.14608       0       0       0       0       0       0       0       0
      0       0       0 2.28866       0       0       0       0       0       0
      0       0       0       0       0       0       0  2.2708       0       0
2.29373       0       0       0       0       0       0       0       0       0
      0       0       0 2.28866       0       0       0       0       0       0
      0       0       0       0 2.34868       0       0       0       0       0
      0       0       0       0       0       0       0       0 2.33334       0
      0       0 2.30621       0       0       0       0       0       0       0
      0       0 2.49877       0       0       0       0       0       0       0
2.29574       0       0       0       0       0       0       0       0       0
      0       0 2.30621       0       0       0       0       0       0       0
      0       0       0       0       0 2.40785       0       0       0       0
      0 2.03872       0       0       0       0       0       0       0       0
      0       0       0       0       0 2.46197       0       0       0       0
      0  2.1762       0       0       0       0       0       0       0       0
      0       0       0       0 2.34868       0       0       0       0       0
      0       0       0       0       0       0       0       0 2.32772       0
      0       0       0       0       0       0       0       0 2.31256       0
      0       0       0       0       0       0       0       0       0 2.29696
      0 2.13893       0       0       0       0       0       0       0       0
      0       0  2.3064       0       0       0       0       0       0       0
      0 2.17421       0       0       0       0       0       0       0       0
      0       0       0 2.28866       0       0       0       0       0       0
      0       0       0       0       0 2.33252       0       0       0       0
      0 2.18903       0       0       0       0       0       0       0       0
2.29373       0       0       0       0       0       0       0       0       0
      0       0       0       0       0       0       0       0       0 2.29938
      0       0       0       0  2.3746       0       0       0       0       0
      0       0       0       0 2.32124       0       0       0       0       0
      0       0       0       0       0       0       0       0 2.31256       0
      0       0       0 2.33557       0       0       0       0       0       0
      0       0 2.29628       0       0       0       0       0       0       0
      0       0       0       0       0 2.40907       0       0       0       0
      0       0       0       0       0       0       0       0       0 2.29335
      0       0       0       0       0       0       0 2.19029       0       0
      0       0       0       0       0       0 2.34946       0       0       0
      0       0       0       0       0       0 2.33304       0       0       0
      0       0 2.15166       0       0       0       0       0       0       0
2.29373       0       0       0       0       0       0       0       0       0
2.28686       0       0       0       0       0       0       0       0       0
2.29373       0       0       0       0       0       0       0       0       0
      0       0       0       0       0 2.36245       0       0       0       0
      0       0       0       0       0       0       0       0 2.31256       0
      0       0       0       0       0       0       0 2.26981       0       0
      0 2.16923       0       0       0       0       0       0       0       0
      0       0       0       0       0 2.40192       0       0       0       0
      0       0 2.26972       0       0       0       0       0       0       0
      0       0       0 2.28866       0       0       0       0       0       0
      0       0       0       0       0       0       0       0 2.30775       0
      0       0       0       0       0 2.37122       0       0       0       0
      0 2.18903       0       0       0       0       0       0       0       0
      0       0       0       0       0       0       0       0 2.31256       0
      0       0 2.30621       0       0       0       0       0       0       0
2.19044       0       0       0       0       0       0       0       0       0
      0       0       0       0   2.351       0       0       0       0       0
      0       0       0       0       0       0       0       0       0 2.27538
      0       0       0       0       0       0       0       0       0 2.29696
      0       0       0       0       0       0 2.32785       0       0       0
      0       0 2.30621       0       0       0       0       0       0       0
      0       0       0  2.2959       0       0       0       0       0       0
      0       0       0 2.27114       0       0       0       0       0       0
      0       0       0       0       0  2.1594       0       0       0       0
      0       0       0       0       0       0  2.2444       0       0       0
      0       0       0       0 2.13196       0       0       0       0       0
      0       0       0       0       0       0       0       0 2.31256       0
2.28231       0       0       0       0       0       0       0       0       0
      0       0       0       0       0       0       0       0       0 2.29696
      0       0 2.34185       0       0       0       0       0       0       0
      0       0       0       0       0       0       0       0 2.33119       0
      0       0       0 2.28866       0       0       0       0       0       0
      0       0       0       0       0       0 2.33828       0       0       0
      0       0       0       0       0       0       0 2.21504       0       0
      0       0       0       0       0 2.40459       0       0       0       0
      0       0       0       0       0       0       0 2.27112       0       0
      0       0 2.30621       0       0       0       0       0       0       0
      0       0       0       0       0       0       0       0       0 2.29696
      0       0       0       0 2.11979       0       0       0       0       0
      0       0       0       0       0       0       0       0       0 2.27672
      0 2.16021       0       0       0       0       0       0       0       0
      0       0 2.28054       0       0       0       0       0       0       0
      0       0       0       0       0       0       0       0 2.31256       0
      0       0       0       0       0       0 2.38946       0       0       0
2.16014       0       0       0       0       0       0       0       0       0
      0       0       0       0       0       0       0 2.27381       0       0
2.27567       0       0       0       0       0       0       0       0       0
      0       0       0       0       0       0       0       0       0 2.29124
      0 2.05597       0       0       0       0       0       0       0       0
      0 2.18865       0       0       0       0       0       0       0       0
      0       0       0       0       0       0 2.60151       0       0       0
      0       0       0       0       0       0       0 2.27038       0       0
      0       0       0       0       0  2.3714       0       0       0       0
      0       0       0       0       0       0       0       0       0 2.25113
      0       0       0       0       0       0       0       0       0 2.29696
      0 2.16118       0       0       0       0       0       0       0       0
      0       0       0       0       0       0       0       0       0 2.26463
      0       0       0       0       0 2.39904       0       0       0       0
      0       0       0       0       0       0       0       0       0 2.27526
      0       0 2.30621       0       0       0       0       0       0       0
      0       0       0       0       0 2.30227       0       0       0       0
2.29373       0       0       0       0       0       0       0       0       0
      0       0       0       0 2.34868       0       0       0       0       0
      0 2.18903       0       0       0       0       0       0       0       0
2.29277       0       0       0       0       0       0       0       0       0
      0       0       0       0       0       0       0       0 2.31256       0
      0       0       0       0       0       0       0       0       0 2.29696
2.29558       0       0       0       0       0       0       0       0       0
      0       0       0       0       0       0       0       0 2.31579       0
      0       0       0       0       0       0       0       0       0 2.29696
      0       0       0       0       0       0       0       0 2.31355       0
      0       0       0       0       0       0       0       0       0  2.2148
      0       0       0       0 2.25625       0       0       0       0       0
      0       0 2.30783       0       0       0       0       0       0       0
      0       0       0       0       0 2.20814       0       0       0       0
      0       0       0       0       0       0       0  2.2638       0       0
      0       0       0       0       0       0       0       0       0 2.27161
      0       0       0       0       0       0       0       0 2.31256       0
      0       0       0       0       0       0       0       0       0 2.23291
      0       0       0       0       0       0       0       0 2.31256       0
 2.2248       0       0       0       0       0       0       0       0       0
      0       0       0       0       0       0       0       0       0  2.3401
      0       0       0       0       0       0       0       0       0 2.29696
      0       0       0       0       0       0 2.32116       0       0       0
      0       0       0       0       0       0       0       0 2.31256       0
      0       0       0       0       0       0       0       0       0 2.29696
      0       0       0       0       0       0       0       0       0 2.29696
      0       0       0       0       0 2.40907       0       0       0       0
      0       0       0       0       0       0       0       0       0 2.31676
      0       0       0       0       0       0       0       0 2.34528       0
      0       0       0       0       0 2.37045       0       0       0       0
      0 2.17695       0       0       0       0       0       0       0       0
2.30503       0       0       0       0       0       0       0       0       0
      0       0       0 2.28512       0       0       0       0       0       0
      0       0       0 2.29085       0       0       0       0       0       0
      0       0       0       0       0 2.39661       0       0       0       0
      0       0 2.25087       0       0       0       0       0       0       0
      0 2.18903       0       0       0       0       0       0       0       0
      0       0       0       0       0       0 2.27363       0       0       0
      0       0       0       0       0 2.39324       0       0       0       0
2.29373       0       0       0       0       0       0       0       0       0
      0       0 2.30621       0       0       0       0       0       0       0
      0       0       0       0       0       0       0       0  2.3139       0
      0 2.19346       0       0       0       0       0       0       0       0
      0       0       0       0       0 2.36717       0       0       0       0
      0       0       0       0       0       0 2.32116       0       0       0
      0       0 2.30621       0       0       0       0       0       0       0
      0       0       0 2.28866       0       0       0       0       0       0
2.29473       0       0       0       0       0       0       0       0       0
      0       0 2.33224       0       0       0       0       0       0       0
      0       0 2.37183       0       0       0       0       0       0       0
      0       0       0       0       0       0 2.30366       0       0       0
      0       0       0       0 2.35047       0       0       0       0       0
      0       0       0 2.28866       0       0       0       0       0       0
      0       0       0       0       0 2.40907       0       0       0       0
      0       0       0       0       0 2.31772       0       0       0       0
      0 2.18726       0       0       0       0       0       0       0       0
      0       0       0       0       0       0       0 2.15921       0       0
      0       0 2.30621       0       0       0       0       0       0       0
      0 2.18903       0       0       0       0       0       0       0       0
      0       0       0       0       0       0 2.32116       0       0       0
      0       0       0       0       0       0       0       0       0 2.29579
      0 2.13492       0       0       0       0       0       0       0       0
      0       0       0       0       0       0       0       0       0 2.29696
      0       0       0       0       0       0       0       0       0   2.291
      0       0       0       0       0 2.40907       0       0       0       0
      0       0       0       0       0 2.40887       0       0       0       0
      0 2.18903       0       0       0       0       0       0       0       0
      0       0       0       0       0       0 2.32508       0       0       0
      0       0 2.22641       0       0       0       0       0       0       0
      0       0 2.20644       0       0       0       0       0       0       0
      0       0       0       0       0       0       0       0 2.31202       0
      0       0       0       0       0       0 2.32219       0       0       0
      0       0       0       0       0       0       0 2.21427       0       0
      0 2.16003       0       0       0       0       0       0       0       0
      0       0       0       0 2.34868       0       0       0       0       0
      0       0       0       0       0       0 2.31092       0       0       0
2.26973       0       0       0       0       0       0       0       0       0
      0       0       0       0 2.31254       0       0       0       0       0
2.32088       0       0       0       0       0       0       0       0       0
      0       0       0 2.25824       0       0       0       0       0       0
      0       0       0 2.28866       0       0       0       0       0       0
      0       0 2.30621       0       0       0       0       0       0       0
      0       0  2.3206       0       0       0       0       0       0       0
      0       0       0 2.28866       0       0       0       0       0       0
      0       0       0       0       0       0  2.3495       0       0       0
      0       0       0       0       0       0       0       0 2.31256       0
      0       0       0       0       0       0       0       0       0 2.29511
      0       0       0       0       0       0       0       0 2.31256       0
      0       0       0       0       0 2.40907       0       0       0       0
      0       0       0 2.28437       0       0       0       0       0       0
      0       0       0       0       0       0       0       0 2.31256       0
      0       0       0       0       0 2.42641       0       0       0       0
      0       0       0       0 2.33975       0       0       0       0       0
      0       0       0       0       0 2.40941       0       0       0       0
      0       0 2.24117       0       0       0       0       0       0       0
2.29373       0       0       0       0       0       0       0       0       0
      0       0       0       0       0 2.28635       0       0       0       0
      0       0       0       0       0       0 2.32116       0       0       0
      0       0       0 2.30843       0       0       0       0       0       0
      0       0 2.30908       0       0       0       0       0       0       0
      0       0       0       0       0       0       0       0 2.31256       0
      0       0       0 2.27215       0       0       0       0       0       0
      0       0       0       0       0       0       0       0       0 2.29696
      0       0       0       0       0       0       0       0       0 2.16482
      0       0       0       0       0 2.30101       0       0       0       0
      0       0       0       0       0       0       0 2.27381       0       0
      0       0       0       0       0       0       0       0       0 2.29369
      0       0       0       0 2.35054       0       0       0       0       0
      0       0       0       0       0       0 2.30742       0       0       0
      0       0       0       0       0       0       0 2.26934       0       0
      0  2.1258       0       0       0       0       0       0       0       0
      0       0       0 2.28866       0       0       0       0       0       0
      0       0       0       0       0       0       0 2.31878       0       0
      0       0       0 2.28901       0       0       0       0       0       0
      0       0       0       0       0       0 2.32335       0       0       0
      0       0       0       0       0       0  2.3186       0       0       0
2.29373       0       0       0       0       0       0       0       0       0
      0       0       0       0       0       0       0       0       0 2.29696
2.29373       0       0       0       0       0       0       0       0       0
      0 2.21743       0       0       0       0       0       0       0       0
      0       0       0       0       0       0       0       0       0 2.29696
      0       0       0       0       0       0       0       0       0 2.28106
      0       0 2.30621       0       0       0       0       0       0       0
      0       0       0       0       0       0       0       0 2.31256       0
      0       0       0       0       0       0       0       0 2.38403       0
2.29758       0       0       0       0       0       0       0       0       0
      0 2.20122       0       0       0       0       0       0       0       0
      0       0       0       0       0       0 2.31471       0       0       0
      0       0       0       0       0       0       0       0       0 2.28563
      0       0       0       0       0       0       0 2.27381       0       0
      0       0       0       0       0 2.42027       0       0       0       0
      0       0       0 2.28866       0       0       0       0       0       0
      0       0       0       0 2.31828       0       0       0       0       0
      0       0       0       0       0       0       0  2.0733       0       0
      0       0       0       0 2.30935       0       0       0       0       0
      0       0       0       0       0       0       0       0       0 2.29665
      0       0       0       0       0       0       0       0       0 2.29696
      0       0       0       0 2.30123       0       0       0       0       0
      0       0       0 2.28866       0       0       0       0       0       0
      0       0       0       0       0       0 2.32116       0       0       0
      0       0       0 2.16729       0       0       0       0       0       0
      0 2.14807       0       0       0       0       0       0       0       0
      0 2.21432       0       0       0       0       0       0       0       0
      0       0       0       0       0       0       0 2.28316       0       0
      0       0       0       0       0       0 2.32116       0       0       0
      0       0       0       0       0       0       0       0       0 2.29696
      0 2.18158       0       0       0       0       0       0       0       0
      0       0       0       0       0       0       0       0 2.31256       0
      0       0       0       0 2.30497       0       0       0       0       0
      0 2.18903       0       0       0       0       0       0       0       0
      0 2.18903       0       0       0       0       0       0       0       0
      0       0       0       0       0       0       0       0       0 2.29696
      0       0       0       0       0       0       0       0       0 2.27464
      0       0       0       0 2.32234       0       0       0       0       0
      0       0       0 2.31557       0       0       0       0       0       0
      0       0       0       0       0       0 2.32116       0       0       0
      0       0       0       0       0       0       0       0 2.31256       0
      0 2.18903       0       0       0       0       0       0       0       0
      0       0       0       0       0       0 2.32116       0       0       0
2.29071       0       0       0       0       0       0       0       0       0
      0       0       0       0 2.34868       0       0       0       0       0
      0 2.14997       0       0       0       0       0       0       0       0
      0       0       0 2.29499       0       0       0       0       0       0
      0       0       0       0       0       0       0 2.25077       0       0
      0       0       0       0       0       0       0 2.16173       0       0
      0       0       0       0 2.28752       0       0       0       0       0
      0       0       0       0       0       0       0       0       0 2.29791
      0       0       0       0       0 2.27342       0       0       0       0
      0 2.18951       0       0       0       0       0       0       0       0
2.29373       0       0       0       0       0       0       0       0       0
2.29373       0       0       0       0       0       0       0       0       0
      0 2.16075       0       0       0       0       0       0       0       0
      0  2.1792       0       0       0       0       0       0       0       0
      0       0       0       0       0       0 2.32845       0       0       0
      0       0 2.28925       0       0       0       0       0       0       0
      0 2.15671       0       0       0       0       0       0       0       0
      0       0       0       0       0       0       0       0       0 2.29696
      0       0       0       0       0       0       0       0 2.32476       0
      0       0       0       0 2.35336       0       0       0       0       0
2.20926       0       0       0       0       0       0       0       0       0
      0       0       0 2.28866       0       0       0       0       0       0
      0       0       0       0       0       0 2.25346       0       0       0
      0       0       0       0 2.34678       0       0       0       0       0
      0       0       0       0       0       0       0       0       0 2.29696
2.22292       0       0       0       0       0       0       0       0       0
      0       0       0       0       0       0       0 2.26714       0       0
      0 2.18275       0       0       0       0       0       0       0       0
      0       0       0       0       0       0 2.32116       0       0       0
      0       0       0       0       0 2.41638       0       0       0       0
      0       0       0       0       0       0       0  2.2154       0       0
      0       0       0       0       0 2.40907       0       0       0       0
      0       0 2.30621       0       0       0       0       0       0       0
      0       0       0       0       0 2.38499       0       0       0       0
      0 2.14068       0       0       0       0       0       0       0       0
      0       0       0       0       0       0       0       0 2.31256       0
      0       0       0       0       0 2.34693       0       0       0       0
      0       0       0       0 2.33472       0       0       0       0       0
      0       0       0       0       0       0       0 2.26002       0       0
2.29373       0       0       0       0       0       0       0       0       0
      0       0       0       0       0       0 2.34831       0       0       0
      0       0       0       0       0       0       0 2.27381       0       0
2.14967       0       0       0       0       0       0       0       0       0
      0       0  2.2227       0       0       0       0       0       0       0
      0       0       0       0       0 2.39157       0       0       0       0
      0       0       0       0       0       0       0       0 2.27894       0
      0 2.17473       0       0       0       0       0       0       0       0
2.29373       0       0       0       0       0       0       0       0       0
      0       0       0       0 2.35071       0       0       0       0       0
      0       0       0       0       0 2.40559       0       0       0       0
      0       0       0       0       0       0       0 2.22109       0       0
      0 2.07246       0       0       0       0       0       0       0       0
      0       0       0       0       0       0       0       0 2.31256       0
      0       0       0       0       0 2.33326       0       0       0       0
      0 2.13608       0       0       0       0       0       0       0       0
      0       0       0       0       0       0       0       0       0 2.29696
2.19246       0       0       0       0       0       0       0       0       0
2.29451       0       0       0       0       0       0       0       0       0
      0       0       0       0       0       0 2.32116       0       0       0
2.29137       0       0       0       0       0       0       0       0       0
      0       0       0       0       0       0       0 2.25368       0       0
      0       0       0 2.20975       0       0       0       0       0       0
      0 2.18168       0       0       0       0       0       0       0       0
      0       0       0       0       0       0       0       0 2.31458       0
      0       0       0 2.28805       0       0       0       0       0       0
      0       0       0       0       0       0       0       0       0 2.29696
      0       0       0       0       0       0       0 2.27381       0       0
2.28452       0       0       0       0       0       0       0       0       0
2.31035       0       0       0       0       0       0       0       0       0
      0       0       0       0       0       0       0       0  2.3165       0
      0       0       0       0       0       0       0       0       0 2.29696
      0       0       0       0       0 2.35331       0       0       0       0
      0       0       0       0       0       0       0       0       0 2.29696
      0       0       0       0       0       0       0       0 2.26078       0
      0       0       0 2.28866       0       0       0       0       0       0
      0       0 2.30621       0       0       0       0       0       0       0
      0       0       0       0       0       0       0 2.27381       0       0
      0       0 2.30621       0       0       0       0       0       0       0
      0       0       0       0       0       0       0       0       0 2.29696
      0       0       0       0       0       0       0 2.27583       0       0
      0       0 2.30622       0       0       0       0       0       0       0
      0 2.18903       0       0       0       0       0       0       0       0
      0 2.17877       0       0       0       0       0       0       0       0
      0       0       0  2.2834       0       0       0       0       0       0
      0       0       0       0       0       0       0 2.27381       0       0
      0       0       0       0       0 2.29331       0       0       0       0
      0       0       0 2.29099       0       0       0       0       0       0
      0 2.13924       0       0       0       0       0       0       0       0
      0       0       0       0       0       0       0       0       0 2.27604
      0       0       0       0       0       0       0       0 2.31256       0
      0       0 2.30621       0       0       0       0       0       0       0
      0       0 2.30621       0       0       0       0       0       0       0
      0       0 2.30621       0       0       0       0       0       0       0
      0       0       0       0       0       0       0       0 2.31377       0
      0       0       0       0       0       0       0       0 2.31256       0
      0       0       0       0       0 2.45271       0       0       0       0
      0       0       0       0       0       0       0  2.2807       0       0
      0       0       0 2.29051       0       0       0       0       0       0
      0       0       0       0       0       0       0       0   2.311       0
      0       0       0       0       0       0       0       0       0 2.29011
      0       0       0       0       0       0       0       0 2.26747       0
      0       0       0       0       0       0       0       0 2.30752       0
      0       0       0       0       0       0 2.32116       0       0       0
      0       0       0       0       0       0       0       0  2.3093       0
      0       0 2.25265       0       0       0       0       0       0       0
      0       0       0 2.28555       0       0       0       0       0       0
      0       0       0       0       0       0       0       0       0 2.30853
      0       0       0       0       0       0       0 2.27381       0       0
      0       0       0       0       0 2.40446       0       0       0       0
      0       0       0       0       0       0 2.32116       0       0       0
      0       0 2.29668       0       0       0       0       0       0       0
      0       0       0       0       0       0       0       0       0 2.29765
      0       0  2.3882       0       0       0       0       0       0       0
      0       0       0       0       0       0       0       0 2.31256       0
      0       0       0       0       0       0       0       0 2.31256       0
      0 2.19332       0       0       0       0       0       0       0       0
      0       0       0       0       0       0 2.24365       0       0       0
      0       0       0       0       0       0       0       0 2.30751       0
      0       0       0       0       0       0       0       0 2.31256       0
      0       0       0       0       0       0       0 2.25033       0       0
      0       0       0       0       0       0       0       0       0 2.29696
      0 2.17258       0       0       0       0       0       0       0       0
      0       0       0       0       0       0       0       0 2.31256       0
2.24095       0       0       0       0       0       0       0       0       0
      0 2.18792       0       0       0       0       0       0       0       0
      0       0       0       0       0       0       0 2.25734       0       0
      0       0 2.29601       0       0       0       0       0       0       0
2.29373       0       0       0       0       0       0       0       0       0
      0       0       0       0       0       0       0 2.23949       0       0
      0       0       0       0       0  2.3092       0       0       0       0
      0 2.18372       0       0       0       0       0       0       0       0
      0       0       0       0       0       0       0       0       0 2.29557
2.29373       0       0       0       0       0       0       0       0       0
      0       0 2.30621       0       0       0       0       0       0       0
2.29373       0       0       0       0       0       0       0       0       0
      0       0       0       0       0       0       0       0       0 2.29696
      0       0       0       0       0       0       0       0 2.31124       0
      0       0       0       0       0       0 2.32116       0       0       0
      0       0 2.30145       0       0       0       0       0       0       0
      0       0       0 2.28167       0       0       0       0       0       0
      0       0       0       0       0       0       0       0       0 2.25539
      0       0       0 2.25135       0       0       0       0       0       0
      0       0       0       0       0       0       0       0 2.33065       0
2.29373       0       0       0       0       0       0       0       0       0
      0       0 2.19365       0       0       0       0       0       0       0
      0 2.18903       0       0       0       0       0       0       0       0
      0  2.1794       0       0       0       0       0       0       0       0
      0 2.04315       0       0       0       0       0       0       0       0
      0 2.18903       0       0       0       0       0       0       0       0
      0       0       0       0 2.33063       0       0       0       0       0
      0       0 2.30621       0       0       0       0       0       0       0
      0       0       0       0       0       0       0       0       0 2.29696
      0       0       0       0       0       0       0 2.25859       0       0
      0       0 2.32781       0       0       0       0       0       0       0
      0       0       0       0       0 2.40907       0       0       0       0
      0 2.13495       0       0       0       0       0       0       0       0
      0 2.18903       0       0       0       0       0       0       0       0
      0       0 2.30712       0       0       0       0       0       0       0
      0 2.13469       0       0       0       0       0       0       0       0
      0       0       0       0       0       0       0       0       0 2.28137
      0       0       0       0       0       0       0       0       0 2.28515
      0       0       0       0       0       0       0       0       0 2.13947
      0 2.22087       0       0       0       0       0       0       0       0
2.29373       0       0       0       0       0       0       0       0       0
      0       0 2.28177       0       0       0       0       0       0       0
2.29301       0       0       0       0       0       0       0       0       0
      0       0 2.32248       0       0       0       0       0       0       0
      0 2.18842       0       0       0       0       0       0       0       0
      0 2.25977       0       0       0       0       0       0       0       0
      0       0       0       0 2.32352       0       0       0       0       0
      0       0       0       0       0       0 2.33378       0       0       0
      0       0       0       0 2.32607       0       0       0       0       0
      0 2.17206       0       0       0       0       0       0       0       0
      0       0       0       0       0 2.39927       0       0       0       0
      0       0       0       0 2.25413       0       0       0       0       0
      0       0       0       0       0       0       0       0       0 2.29696
      0       0       0       0       0       0       0 2.13122       0       0
      0       0       0       0       0       0       0 2.26367       0       0
      0 2.18704       0       0       0       0       0       0       0       0
      0       0       0       0       0 2.40907       0       0       0       0
      0       0       0       0       0       0 2.31422       0       0       0
      0       0 2.30621       0       0       0       0       0       0       0
      0       0 2.32498       0       0       0       0       0       0       0
      0       0 2.20147       0       0       0       0       0       0       0
      0       0       0       0       0       0       0       0 2.31444       0
2.28974       0       0       0       0       0       0       0       0       0
      0       0       0       0       0       0 2.31368       0       0       0
      0       0       0       0       0       0       0       0       0 2.23018
      0       0       0       0       0       0 2.29651       0       0       0
      0 2.18903       0       0       0       0       0       0       0       0
      0       0       0       0       0       0       0       0       0 2.29696
      0       0       0       0       0       0       0 2.17302       0       0
      0       0       0       0       0       0       0 2.26014       0       0
      0 2.16107       0       0       0       0       0       0       0       0
      0       0       0       0 2.34922       0       0       0       0       0
      0       0       0       0       0       0       0       0 2.31256       0
      0       0       0       0       0 2.39486       0       0       0       0
      0       0       0 2.28866       0       0       0       0       0       0
      0       0       0       0 2.27974       0       0       0       0       0
      0       0       0 2.28866       0       0       0       0       0       0
      0       0       0       0 2.34868       0       0       0       0       0
      0       0       0       0       0       0       0       0       0 2.14296
      0       0       0       0       0       0       0 2.26693       0       0
      0       0       0       0       0 2.40907       0       0       0       0
2.29373       0       0       0       0       0       0       0       0       0
      0       0       0       0       0       0       0 2.27381       0       0
      0       0       0       0 2.25882       0       0       0       0       0
      0       0       0       0       0       0       0       0 2.27935       0
      0       0       0       0       0       0       0       0 2.32748       0
      0  2.1305       0       0       0       0       0       0       0       0
      0       0       0       0       0 2.23098       0       0       0       0
      0       0       0 2.28854       0       0       0       0       0       0
      0       0       0       0       0       0       0       0       0  2.2799
      0       0       0       0       0 2.31723       0       0       0       0
      0       0       0       0       0       0       0       0       0 2.29696
      0       0       0       0       0       0       0 2.29257       0       0
      0       0       0       0       0       0 2.32116       0       0       0
      0       0       0       0       0       0       0       0       0  2.3011
2.29373       0       0       0       0       0       0       0       0       0
      0       0       0 2.28866       0       0       0       0       0       0
      0       0       0       0       0       0 2.32116       0       0       0
      0       0       0 2.28866       0       0       0       0       0       0
      0       0       0       0       0       0       0       0       0 2.29696
      0       0       0       0       0       0       0       0 2.31233       0
      0       0 2.28992       0       0       0       0       0       0       0
      0       0 2.32469       0       0       0       0       0       0       0
      0 2.12962       0       0       0       0       0       0       0       0
      0       0 2.29134       0       0       0       0       0       0       0
      0       0       0       0       0       0       0       0 2.31256       0
      0       0       0       0       0       0 2.32116       0       0       0
      0       0       0       0       0       0       0       0 2.31121       0
      0       0       0       0       0 2.33074       0       0       0       0
      0       0       0       0       0 2.40907       0       0       0       0
      0       0       0 2.28866       0       0       0       0       0       0
      0       0       0       0       0       0       0       0       0 2.29696
      0       0       0       0 2.25443       0       0       0       0       0
      0       0       0       0       0       0       0       0       0 2.28394
      0       0 2.30621       0       0       0       0       0       0       0
      0       0       0       0       0 2.43413       0       0       0       0
      0 2.16822       0       0       0       0       0       0       0       0
      0       0       0       0       0 2.40749       0       0       0       0
      0 2.17568       0       0       0       0       0       0       0       0
      0       0       0       0 2.35955       0       0       0       0       0
      0       0       0       0 2.32037       0       0       0       0       0
      0 2.18903       0       0       0       0       0       0       0       0
      0       0       0       0 2.27855       0       0       0       0       0
      0       0       0       0 2.31469       0       0       0       0       0
      0       0       0 2.29035       0       0       0       0       0       0
      0       0       0       0       0 2.28392       0       0       0       0
      0       0       0       0       0       0       0       0       0 2.29696
      0 2.17927       0       0       0       0       0       0       0       0
      0       0 2.30621       0       0       0       0       0       0       0
      0       0 2.30621       0       0       0       0       0       0       0
      0       0       0 2.29351       0       0       0       0       0       0
      0       0       0 2.34021       0       0       0       0       0       0
2.29373       0       0       0       0       0       0       0       0       0
      0       0 2.30621       0       0       0       0       0       0       0
      0       0       0       0       0       0       0       0       0 2.25626
2.29373       0       0       0       0       0       0       0       0       0
2.29373       0       0       0       0       0       0       0       0       0
      0       0       0       0       0       0       0       0       0 2.30115
      0       0       0       0       0       0       0       0       0 2.27725
      0       0       0       0       0       0 2.32116       0       0       0
2.11049       0       0       0       0       0       0       0       0       0
      0       0       0       0       0       0       0       0       0 2.29696
      0       0       0 2.30742       0       0       0       0       0       0
      0       0 2.31275       0       0       0       0       0       0       0
      0       0       0       0       0       0       0       0 2.30226       0
      0       0       0       0 2.30197       0       0       0       0       0
      0 2.17345       0       0       0       0       0       0       0       0
      0       0       0       0       0       0       0       0       0 2.29696
      0       0       0       0       0       0       0       0       0 2.28056
      0       0       0       0       0       0       0 2.26134       0       0
      0       0 2.30621       0       0       0       0       0       0       0
      0       0       0       0       0       0       0 2.27381       0       0
      0       0       0       0       0       0       0       0       0  2.2578
      0       0       0       0       0       0       0       0       0 2.29696
      0       0       0       0       0 2.40907       0       0       0       0
      0       0       0       0       0       0       0       0       0 2.30545
      0       0       0       0       0 2.40499       0       0       0       0
      0 2.15879       0       0       0       0       0       0       0       0
      0 2.23405       0       0       0       0       0       0       0       0
      0       0       0       0       0       0       0       0 2.31256       0
      0       0       0  2.2675       0       0       0       0       0       0
      0       0       0       0       0 2.38546       0       0       0       0
      0 2.23135       0       0       0       0       0       0       0       0
      0       0       0       0       0       0       0       0       0  2.2755
      0       0       0       0       0  2.3762       0       0       0       0
      0       0       0 2.25421       0       0       0       0       0       0
      0       0       0       0       0 2.38596       0       0       0       0
      0       0       0       0 2.34263       0       0       0       0       0
      0       0       0       0       0       0       0       0       0 2.25142
      0       0       0       0       0 2.40907       0       0       0       0
      0       0       0       0       0       0       0       0       0 2.23154
      0       0       0 2.28866       0       0       0       0       0       0
      0 2.15833       0       0       0       0       0       0       0       0
      0       0       0       0       0       0       0       0       0 2.29696
2.29373       0       0       0       0       0       0       0       0       0
      0       0       0       0       0       0       0       0       0 2.29696
      0       0       0       0       0       0       0 2.27381       0       0
      0       0       0       0       0 2.40735       0       0       0       0
      0       0       0       0 2.21358       0       0       0       0       0
      0       0       0       0       0       0       0       0       0   2.297
      0       0 2.24669       0       0       0       0       0       0       0
2.15199       0       0       0       0       0       0       0       0       0
      0 2.18903       0       0       0       0       0       0       0       0
2.22443       0       0       0       0       0       0       0       0       0
      0       0       0       0       0 2.39808       0       0       0       0
      0 2.11453       0       0       0       0       0       0       0       0
      0       0       0       0 2.28876       0       0       0       0       0
      0       0       0       0       0       0       0       0       0 2.29696
      0       0       0 2.28866       0       0       0       0       0       0
      0       0       0 2.25004       0       0       0       0       0       0
      0       0       0       0       0       0 2.25644       0       0       0
      0 2.18368       0       0       0       0       0       0       0       0
      0       0       0       0       0 2.40897       0       0       0       0
      0       0 2.29446       0       0       0       0       0       0       0
      0       0       0       0       0 2.37566       0       0       0       0
      0       0   2.309       0       0       0       0       0       0       0
      0       0 2.30621       0       0       0       0       0       0       0
2.27702       0       0       0       0       0       0       0       0       0
      0       0       0       0       0       0       0       0       0 2.31555
      0       0  2.3067       0       0       0       0       0       0       0
      0       0       0       0       0       0 2.31704       0       0       0
      0       0       0       0       0       0 2.31615       0       0       0
2.29373       0       0       0       0       0       0       0       0       0
      0 2.18903       0       0       0       0       0       0       0       0
      0       0 2.54926       0       0       0       0       0       0       0
2.29373       0       0       0       0       0       0       0       0       0
      0       0       0 2.19717       0       0       0       0       0       0
2.29373       0       0       0       0       0       0       0       0       0
      0       0 2.30621       0       0       0       0       0       0       0
      0       0       0       0       0 2.40907       0       0       0       0
      0       0       0       0       0 2.35408       0       0       0       0
      0       0       0       0       0       0       0 2.27218       0       0
      0       0       0       0       0       0       0       0       0 2.29696
      0       0       0       0       0 2.32499       0       0       0       0
      0       0       0       0       0 2.40907       0       0       0       0
2.29373       0       0       0       0       0       0       0       0       0
      0       0       0       0       0       0       0       0 2.31256       0
      0       0       0       0       0       0       0       0       0 2.29696
      0       0       0       0       0 2.36211       0       0       0       0
2.26891       0       0       0       0       0       0       0       0       0
      0       0       0 2.28626       0       0       0       0       0       0
      0       0 2.29023       0       0       0       0       0       0       0
      0       0       0       0       0  2.3783       0       0       0       0
      0       0       0       0       0       0       0       0       0 2.30351
 2.3132       0       0       0       0       0       0       0       0       0
      0       0       0       0       0       0       0       0 2.31256       0
      0       0       0       0       0       0       0       0 2.31256       0
      0       0       0       0 2.34868       0       0       0       0       0
      0       0       0       0       0 2.40446       0       0       0       0
      0       0       0       0       0       0       0       0 2.31256       0
      0       0       0       0       0       0       0       0 2.31256       0
      0       0       0       0 2.26688       0       0       0       0       0
      0       0       0       0       0 2.39148       0       0       0       0
      0       0       0       0 2.34696       0       0       0       0       0
      0       0       0       0       0       0       0       0 2.31256       0
      0       0       0       0       0 2.40907       0       0       0       0
      0       0       0       0 2.34868       0       0       0       0       0
      0       0       0       0       0       0       0       0       0 2.28507
      0       0 2.32867       0       0       0       0       0       0       0
      0       0 2.30621       0       0       0       0       0       0       0
      0 2.18537       0       0       0       0       0       0       0       0
      0       0 2.27027       0       0       0       0       0       0       0
      0       0       0       0       0       0  2.3194       0       0       0
      0       0       0       0       0       0       0       0 2.28924       0
      0       0       0       0       0       0       0       0 2.31256       0
      0       0       0       0       0       0       0  2.2746       0       0
2.27889       0       0       0       0       0       0       0       0       0
      0       0       0 2.28866       0       0       0       0       0       0
      0       0       0       0       0       0 2.31793       0       0       0
      0       0       0       0       0       0 2.32116       0       0       0
      0       0       0       0 2.20505       0       0       0       0       0
      0       0       0 2.28866       0       0       0       0       0       0
      0       0       0       0       0       0       0       0 2.31256       0
      0       0       0       0       0       0       0       0 2.31256       0
      0       0       0       0       0       0       0  2.1761       0       0
      0       0 2.30608       0       0       0       0       0       0       0
      0       0 2.30621       0       0       0       0       0       0       0
2.17847       0       0       0       0       0       0       0       0       0
2.27805       0       0       0       0       0       0       0       0       0
      0       0       0       0       0       0       0       0       0 2.29605
      0       0       0 2.28866       0       0       0       0       0       0
      0       0       0       0       0       0       0       0       0 2.29262
      0       0       0       0       0       0       0       0       0 2.16421
      0 2.18903       0       0       0       0       0       0       0       0
      0       0       0       0       0       0       0       0       0 2.26091
      0       0       0       0       0       0       0       0 2.31256       0
      0       0       0       0       0       0 2.32116       0       0       0
      0       0       0       0       0       0 2.32116       0       0       0
      0       0       0       0 2.34868       0       0       0       0       0
      0       0 2.30621       0       0       0       0       0       0       0
      0       0       0       0       0       0 2.24015       0       0       0
      0       0       0       0       0       0       0       0       0 2.22497
      0       0 2.28178       0       0       0       0       0       0       0
      0       0       0       0       0       0       0       0 2.31347       0
      0       0       0       0       0 2.40907       0       0       0       0
      0       0       0       0 2.29149       0       0       0       0       0
      0       0       0       0       0 2.41196       0       0       0       0
      0       0       0       0       0       0       0 2.24187       0       0
      0       0       0       0       0       0       0       0       0 2.27089
      0       0       0       0       0       0       0       0       0 2.29696
      0       0       0       0       0       0       0       0       0 2.29344
      0       0 2.26084       0       0       0       0       0       0       0
      0 2.16487       0       0       0       0       0       0       0       0
      0       0       0       0       0       0       0       0 2.31256       0
      0       0       0 2.25387       0       0       0       0       0       0
      0       0       0       0 2.35113       0       0       0       0       0
2.29287       0       0       0       0       0       0       0       0       0
      0       0       0       0       0       0       0 2.26922       0       0
      0       0       0       0       0       0       0       0 2.31256       0
      0       0       0 2.39159       0       0       0       0       0       0
      0       0       0       0       0       0       0       0       0 2.28702
      0       0       0 2.19111       0       0       0       0       0       0
      0       0       0       0 2.34725       0       0       0       0       0
      0       0       0       0       0       0  2.3186       0       0       0
      0       0       0       0       0 2.40907       0       0       0       0
      0       0       0       0       0       0  2.2585       0       0       0
      0       0 2.30621       0       0       0       0       0       0       0
      0       0       0 2.15304       0       0       0       0       0       0
      0       0       0       0       0       0       0       0       0 2.29696
      0       0 2.30604       0       0       0       0       0       0       0
      0       0       0       0       0       0 2.32104       0       0       0
2.29373       0       0       0       0       0       0       0       0       0
2.29373       0       0       0       0       0       0       0       0       0
      0       0       0       0       0       0 2.23309       0       0       0
      0 2.05823       0       0       0       0       0       0       0       0
      0       0 2.24211       0       0       0       0       0       0       0
      0       0       0       0       0       0       0       0 2.30716       0
      0       0       0       0       0       0       0 2.27381       0       0
      0       0       0       0       0       0       0       0       0 2.29696
      0       0       0       0       0       0       0       0 2.31256       0
      0       0 2.30621       0       0       0       0       0       0       0
2.29373       0       0       0       0       0       0       0       0       0
      0       0       0       0 2.34742       0       0       0       0       0
      0       0       0       0       0       0       0 2.27381       0       0
      0       0       0       0       0       0       0 2.26472       0       0
      0       0       0       0       0   2.218       0       0       0       0
2.29373       0       0       0       0       0       0       0       0       0
      0       0       0       0       0 2.35578       0       0       0       0
      0       0       0       0       0       0 2.39991       0       0       0
      0       0       0       0 2.26212       0       0       0       0       0
      0       0       0       0       0       0 2.21078       0       0       0
      0       0       0       0       0       0       0 2.27256       0       0
      0       0       0       0 2.34868       0       0       0       0       0
      0       0       0 2.30227       0       0       0       0       0       0
2.29373       0       0       0       0       0       0       0       0       0
      0       0       0       0       0       0       0 2.27381       0       0
      0       0       0       0       0  2.3051       0       0       0       0
2.29373       0       0       0       0       0       0       0       0       0
      0       0       0       0       0       0       0 2.26742       0       0
      0       0       0       0 2.34884       0       0       0       0       0
      0       0 2.30621       0       0       0       0       0       0       0
2.36158       0       0       0       0       0       0       0       0       0
      0       0       0       0       0       0       0       0 2.31348       0
      0       0       0       0       0       0       0       0       0 2.29696
      0       0       0       0       0       0       0       0       0 2.28265
      0       0       0       0 2.39112       0       0       0       0       0
      0       0 2.30513       0       0       0       0       0       0       0
      0       0       0       0 2.30389       0       0       0       0       0
      0       0       0       0       0       0 2.32116       0       0       0
      0       0       0       0       0       0       0 2.27381       0       0
      0       0       0       0       0       0       0       0 2.31256       0
      0       0       0       0       0       0       0 2.27858       0       0
      0       0       0       0       0       0  2.3241       0       0       0
      0       0       0       0       0       0       0       0       0 2.29696
      0       0       0       0 2.28265       0       0       0       0       0
      0 2.13622       0       0       0       0       0       0       0       0
      0       0       0 2.27886       0       0       0       0       0       0
      0       0       0       0       0       0       0 2.23151       0       0
      0       0       0 2.28866       0       0       0       0       0       0
2.29373       0       0       0       0       0       0       0       0       0
      0       0       0       0       0       0       0       0 2.31256       0
      0       0       0       0       0       0       0       0 2.31316       0
      0       0       0       0       0       0       0 2.27381       0       0
      0       0       0       0       0       0 2.32116       0       0       0
      0       0       0       0       0       0       0       0       0 2.25091
      0       0       0 2.28866       0       0       0       0       0       0
      0       0       0       0       0       0       0       0       0 2.29696
      0       0 2.30729       0       0       0       0       0       0       0
      0       0 2.30618       0       0       0       0       0       0       0
      0       0       0       0       0       0       0       0       0 2.29696
      0       0 2.16321       0       0       0       0       0       0       0
      0 2.30195       0       0       0       0       0       0       0       0
      0       0       0       0       0       0       0       0 2.30359       0
      0       0       0 2.27957       0       0       0       0       0       0
      0       0 2.30621       0       0       0       0       0       0       0
      0       0       0       0       0       0       0       0       0 2.29602
      0       0       0       0       0       0 2.29967       0       0       0
      0       0       0       0       0       0       0       0 2.31256       0
      0       0       0       0 2.29896       0       0       0       0       0
2.29373       0       0       0       0       0       0       0       0       0
      0 2.16578       0       0       0       0       0       0       0       0
      0       0 2.26582       0       0       0       0       0       0       0
      0       0       0       0       0       0       0       0 2.31256       0
      0       0       0       0 2.33467       0       0       0       0       0
      0       0       0       0       0 2.40872       0       0       0       0
      0       0  2.2829       0       0       0       0       0       0       0
      0       0       0       0       0       0       0 2.26835       0       0
      0       0       0       0       0       0       0       0 2.31256       0
      0 2.18903       0       0       0       0       0       0       0       0
      0 2.16375       0       0       0       0       0       0       0       0
      0       0       0 2.28967       0       0       0       0       0       0
2.29157       0       0       0       0       0       0       0       0       0
      0       0       0 2.28866       0       0       0       0       0       0
      0       0       0       0       0 2.37814       0       0       0       0
      0       0       0       0       0       0       0 2.04022       0       0
2.29373       0       0       0       0       0       0       0       0       0
      0       0       0 2.28853       0       0       0       0       0       0
      0 2.21165       0       0       0       0       0       0       0       0
      0       0       0       0       0       0       0       0       0 2.29696
      0       0       0 2.28866       0       0       0       0       0       0
      0       0       0       0       0       0 2.33178       0       0       0
      0       0       0 2.28866       0       0       0       0       0       0
      0 2.14166       0       0       0       0       0       0       0       0
      0       0       0       0       0       0       0 2.27381       0       0
      0       0       0       0       0       0       0 2.27381       0       0
      0       0       0 2.28926       0       0       0       0       0       0
2.28556       0       0       0       0       0       0       0       0       0
      0       0       0       0       0       0       0       0 2.31256       0
      0       0       0       0 2.28295       0       0       0       0       0
      0       0       0       0       0       0       0       0 2.31211       0
      0       0 2.24792       0       0       0       0       0       0       0
      0       0       0       0       0       0 2.33416       0       0       0
      0       0       0       0       0 2.38932       0       0       0       0
      0       0 2.30621       0       0       0       0       0       0       0
      0       0       0       0       0       0       0       0       0 2.29696
      0       0       0       0       0       0       0 2.20338       0       0
      0       0       0 2.28866       0       0       0       0       0       0
      0       0       0       0       0       0       0       0       0 2.29696
2.26561       0       0       0       0       0       0       0       0       0
      0       0       0       0       0       0       0       0       0 2.29696
      0       0       0       0       0       0       0       0       0 2.26749
      0       0       0       0       0       0 2.31046       0       0       0
      0       0       0       0 2.34868       0       0       0       0       0
      0       0 2.30621       0       0       0       0       0       0       0
      0       0       0       0       0       0       0       0       0 2.13407
      0       0       0       0       0       0       0 2.25737       0       0
      0       0 2.26455       0       0       0       0       0       0       0
      0 2.18903       0       0       0       0       0       0       0       0
      0 2.19004       0       0       0       0       0       0       0       0
      0       0       0       0       0       0 2.32501       0       0       0
      0       0       0       0       0       0       0 2.35278       0       0
      0       0       0       0 2.37924       0       0       0       0       0
      0       0       0       0       0       0       0 2.26529       0       0
      0       0       0       0       0 2.40907       0       0       0       0
      0       0       0       0       0       0       0       0       0 2.23672
      0       0       0       0       0       0 2.32116       0       0       0
      0       0       0       0       0       0       0       0 2.30924       0
      0       0 2.29684       0       0       0       0       0       0       0
      0 2.18903       0       0       0       0       0       0       0       0
      0       0       0       0 2.34868       0       0       0       0       0
      0       0       0       0 2.34868       0       0       0       0       0
      0       0       0       0       0 2.33592       0       0       0       0
      0       0       0       0       0       0       0 2.27858       0       0
      0       0       0       0       0       0 2.29679       0       0       0
      0 2.18903       0       0       0       0       0       0       0       0
      0       0       0 2.31034       0       0       0       0       0       0
      0       0 2.30621       0       0       0       0       0       0       0
      0       0       0       0       0 2.37981       0       0       0       0
      0       0       0       0       0       0       0       0       0 2.30439
      0       0       0       0       0       0       0       0       0 2.30013
      0       0       0 2.28967       0       0       0       0       0       0
      0       0       0       0       0       0 2.32116       0       0       0
      0 2.16061       0       0       0       0       0       0       0       0
      0 2.28617       0       0       0       0       0       0       0       0
      0       0       0       0 2.34348       0       0       0       0       0
      0       0       0       0       0       0 2.32116       0       0       0
      0       0       0       0       0       0       0       0       0 2.29696
      0       0       0       0       0       0       0 2.27983       0       0
      0       0 2.30829       0       0       0       0       0       0       0
      0 2.18903       0       0       0       0       0       0       0       0
      0       0       0       0       0 2.40907       0       0       0       0
      0 2.18907       0       0       0       0       0       0       0       0
      0       0       0       0 2.32171       0       0       0       0       0
      0       0       0       0       0       0 2.39241       0       0       0
      0       0       0 2.29104       0       0       0       0       0       0
      0       0       0       0       0       0       0       0 2.32691       0
      0 2.19681       0       0       0       0       0       0       0       0
      0 2.18828       0       0       0       0       0       0       0       0
2.29373       0       0       0       0       0       0       0       0       0
      0       0       0 2.28866       0       0       0       0       0       0
      0 2.20159       0       0       0       0       0       0       0       0
      0       0       0       0       0       0   2.319       0       0       0
      0       0       0       0       0       0       0       0 2.31256       0
      0       0       0       0 2.34149       0       0       0       0       0
      0       0       0       0       0       0       0       0       0 2.29696
2.29373       0       0       0       0       0       0       0       0       0
      0       0       0       0       0       0       0 2.26801       0       0
      0       0       0 2.28866       0       0       0       0       0       0
2.29373       0       0       0       0       0       0       0       0       0
      0       0 2.30621       0       0       0       0       0       0       0
      0       0       0       0       0       0       0       0       0 2.25075
2.29448       0       0       0       0       0       0       0       0       0
      0       0       0       0       0       0 2.32116       0       0       0
      0       0       0       0       0       0 2.32116       0       0       0
      0       0       0       0       0       0 2.34103       0       0       0
      0       0       0 2.28866       0       0       0       0       0       0
      0       0       0       0       0       0 2.34846       0       0       0
      0       0       0       0       0       0       0  2.2125       0       0
      0       0       0       0       0       0       0 2.19176       0       0
      0       0 2.22659       0       0       0       0       0       0       0
      0       0       0       0       0       0       0       0 2.31246       0
      0       0       0       0       0       0 2.32131       0       0       0
2.26088       0       0       0       0       0       0       0       0       0
      0       0       0       0       0       0       0       0 2.31256       0
      0       0       0 2.28925       0       0       0       0       0       0
2.29373       0       0       0       0       0       0       0       0       0
      0       0 2.26406       0       0       0       0       0       0       0
      0       0       0       0       0       0       0       0       0 2.29021
      0       0       0       0       0       0       0       0 2.31256       0
      0       0       0 2.28866       0       0       0       0       0       0
      0       0 2.28496       0       0       0       0       0       0       0
      0       0       0       0       0 2.34815       0       0       0       0
      0       0       0 2.28866       0       0       0       0       0       0
      0       0       0       0       0       0       0       0 2.31256       0
      0       0       0       0       0       0       0       0 2.31256       0
2.26521       0       0       0       0       0       0       0       0       0
2.29373       0       0       0       0       0       0       0       0       0
      0 2.18903       0       0       0       0       0       0       0       0
      0       0       0       0       0       0       0       0       0 2.29696
      0       0       0       0       0 2.40907       0       0       0       0
      0 2.06258       0       0       0       0       0       0       0       0
      0       0       0 2.28866       0       0       0       0       0       0
      0       0       0       0       0       0       0       0       0 2.25347
      0       0       0       0       0       0 2.30934       0       0       0
2.28003       0       0       0       0       0       0       0       0       0
      0 2.18125       0       0       0       0       0       0       0       0
      0       0       0       0 2.33492       0       0       0       0       0
      0 2.19909       0       0       0       0       0       0       0       0
      0       0       0       0       0       0       0 2.26682       0       0
      0 2.14374       0       0       0       0       0       0       0       0
      0       0 2.30391       0       0       0       0       0       0       0
      0       0       0 2.31221       0       0       0       0       0       0
      0       0       0       0       0       0       0 2.27381       0       0
      0       0       0       0       0       0       0       0       0 2.29696
      0       0       0       0       0       0       0 2.22931       0       0
      0       0       0       0  2.3118       0       0       0       0       0
      0       0       0       0       0       0       0       0       0 2.29696
      0       0       0       0       0       0       0       0       0 2.29696
      0       0       0 2.29329       0       0       0       0       0       0
      0       0       0       0       0       0       0       0       0 2.34125
      0       0 2.28917       0       0       0       0       0       0       0
      0       0       0       0       0       0       0       0 2.31256       0
      0       0 2.30621       0       0       0       0       0       0       0
      0       0       0       0       0       0       0 2.26851       0       0
      0 2.17619       0       0       0       0       0       0       0       0
      0       0       0       0       0       0       0       0 2.29858       0
2.29373       0       0       0       0       0       0       0       0       0
      0       0       0       0       0       0       0       0       0 2.29696
      0 2.16524       0       0       0       0       0       0       0       0
2.29001       0       0       0       0       0       0       0       0       0
      0 2.24746       0       0       0       0       0       0       0       0
      0       0       0       0       0       0       0 2.27381       0       0
      0       0       0       0       0       0       0 2.18431       0       0
      0       0       0       0       0       0       0       0       0 2.29696
      0       0       0       0       0       0 2.32116       0       0       0
      0       0       0       0       0       0       0       0       0 2.29696
      0       0       0       0       0       0       0       0       0 2.11853
      0       0       0       0       0       0       0       0       0  2.1771
      0       0 2.27775       0       0       0       0       0       0       0
      0 2.14826       0       0       0       0       0       0       0       0
      0       0       0       0       0       0 2.26116       0       0       0
      0 2.16456       0       0       0       0       0       0       0       0
      0       0       0 2.33318       0       0       0       0       0       0
      0       0       0       0       0 2.40907       0       0       0       0
      0       0       0       0       0       0       0 2.27381       0       0
      0 2.18903       0       0       0       0       0       0       0       0
      0       0       0       0       0       0       0       0       0 2.26843
      0       0       0       0       0       0       0 2.18329       0       0
      0       0       0       0       0       0 2.32116       0       0       0
      0       0       0       0 2.34867       0       0       0       0       0
      0       0       0       0       0 2.41296       0       0       0       0
      0       0       0       0       0       0       0 2.27381       0       0
      0       0       0       0       0       0 2.32116       0       0       0
      0       0       0       0       0       0 2.28309       0       0       0
      0       0       0       0       0       0       0       0       0 2.29696
      0       0       0       0       0       0       0       0       0 2.29696
      0       0       0       0       0       0 2.25018       0       0       0
      0       0       0 2.20054       0       0       0       0       0       0
      0       0       0       0       0       0 2.32116       0       0       0
      0       0 2.28432       0       0       0       0       0       0       0
      0       0       0       0       0       0       0       0       0 2.29024
      0       0       0       0       0       0       0       0 2.24768       0
      0  2.1865       0       0       0       0       0       0       0       0
      0       0 2.30621       0       0       0       0       0       0       0
      0       0 2.30621       0       0       0       0       0       0       0
      0       0       0       0       0 2.26542       0       0       0       0
      0       0       0       0       0 2.41365       0       0       0       0
      0       0 2.06627       0       0       0       0       0       0       0
      0       0       0  2.2764       0       0       0       0       0       0
      0       0       0       0       0       0       0 2.27893       0       0
      0       0 2.30621       0       0       0       0       0       0       0
      0 2.19188       0       0       0       0       0       0       0       0
2.29359       0       0       0       0       0       0       0       0       0
      0 2.19475       0       0       0       0       0       0       0       0
2.29352       0       0       0       0       0       0       0       0       0
      0       0       0       0 2.31705       0       0       0       0       0
      0       0       0       0       0 2.38487       0       0       0       0
      0       0 2.29494       0       0       0       0       0       0       0
      0       0       0       0       0       0       0       0 2.31256       0
      0       0 2.30621       0       0       0       0       0       0       0
      0       0       0       0       0       0       0       0 2.31256       0
      0       0       0 2.22839       0       0       0       0       0       0
      0       0       0       0       0 2.36646       0       0       0       0
      0 2.16953       0       0       0       0       0       0       0       0
      0       0       0       0       0       0       0 2.25416       0       0
      0       0       0       0       0       0       0       0 2.31256       0
      0 2.19716       0       0       0       0       0       0       0       0
      0 2.18068       0       0       0       0       0       0       0       0
      0       0 2.27139       0       0       0       0       0       0       0
      0       0       0       0       0       0       0       0       0 2.27617
      0       0       0       0       0       0       0 2.24063       0       0
      0       0       0       0       0       0       0       0 2.31256       0
      0       0       0       0 2.34991       0       0       0       0       0
2.25948       0       0       0       0       0       0       0       0       0
      0       0       0 2.27876       0       0       0       0       0       0
2.27331       0       0       0       0       0       0       0       0       0
      0       0       0       0       0       0       0 2.26293       0       0
      0       0       0       0       0       0       0       0 2.31256       0
      0       0       0       0       0       0       0       0 2.33399       0
      0       0       0       0 2.34868       0       0       0       0       0
      0       0       0       0       0       0       0 2.27703       0       0
      0       0       0       0       0       0       0 2.26351       0       0
      0       0       0       0       0       0       0       0 2.31256       0
      0       0       0       0       0  2.3903       0       0       0       0
      0       0       0       0       0       0       0       0 2.31256       0
      0       0       0       0 2.35203       0       0       0       0       0
      0       0       0       0       0       0       0       0       0  2.2713
      0       0       0       0       0       0       0       0 2.30257       0
      0 2.18903       0       0       0       0       0       0       0       0
      0       0       0 2.28878       0       0       0       0       0       0
      0       0       0       0       0       0       0       0 2.30381       0
2.29373       0       0       0       0       0       0       0       0       0
      0       0       0 2.29077       0       0       0       0       0       0
      0 2.25431       0       0       0       0       0       0       0       0
      0       0       0       0       0       0       0  2.2393       0       0
      0       0       0       0       0       0       0       0       0 2.24696
      0       0       0       0       0 2.40907       0       0       0       0
      0       0       0       0       0 2.38714       0       0       0       0
      0 2.17437       0       0       0       0       0       0       0       0
      0       0       0       0       0       0 2.32984       0       0       0
      0       0       0       0       0 2.37517       0       0       0       0
      0       0       0       0       0       0       0 2.14857       0       0
      0       0       0       0 2.32223       0       0       0       0       0
      0       0       0       0       0       0       0       0       0 2.27353
      0       0       0 2.28866       0       0       0       0       0       0
      0       0       0       0       0 2.35953       0       0       0       0
      0       0       0       0 2.34868       0       0       0       0       0
      0       0       0       0       0       0       0 2.26684       0       0
      0  2.1884       0       0       0       0       0       0       0       0
      0       0 2.17185       0       0       0       0       0       0       0
2.29373       0       0       0       0       0       0       0       0       0
      0       0       0       0       0       0       0       0  2.3122       0
      0 2.13026       0       0       0       0       0       0       0       0
      0       0       0       0       0       0 2.34635       0       0       0
2.31124       0       0       0       0       0       0       0       0       0
      0       0       0       0       0       0       0  2.2686       0       0
      0       0       0 2.28866       0       0       0       0       0       0
      0       0       0       0 2.34868       0       0       0       0       0
      0       0       0       0       0       0       0 2.25394       0       0
      0       0       0 2.28866       0       0       0       0       0       0
      0       0       0       0       0       0       0       0       0 2.29696
      0       0       0       0       0       0 2.32116       0       0       0
2.29373       0       0       0       0       0       0       0       0       0
      0       0       0       0       0       0       0       0 2.31256       0
      0       0       0       0       0       0 2.29336       0       0       0
      0       0       0       0 2.31342       0       0       0       0       0
      0       0       0       0       0       0       0       0 2.30476       0
      0       0       0       0       0       0       0 2.27013       0       0
      0       0       0       0       0       0       0 2.27607       0       0
      0       0       0       0       0       0       0       0       0 2.29696
      0       0       0 2.28048       0       0       0       0       0       0
      0       0       0       0       0       0       0       0 2.31256       0
      0       0       0       0       0       0 2.31363       0       0       0
      0       0       0       0       0       0       0       0       0 2.29517
      0       0       0       0       0       0       0 2.27289       0       0
      0       0 2.29374       0       0       0       0       0       0       0
      0       0       0 2.25565       0       0       0       0       0       0
      0       0       0       0 2.34026       0       0       0       0       0
2.29373       0       0       0       0       0       0       0       0       0
      0       0 2.28331       0       0       0       0       0       0       0
      0 2.11694       0       0       0       0       0       0       0       0
      0       0       0       0       0       0       0       0 2.31256       0
      0       0       0 2.29859       0       0       0       0       0       0
      0       0       0       0       0 2.40907       0       0       0       0
      0       0       0       0       0 2.41635       0       0       0       0
      0       0       0       0       0       0       0 2.27381       0       0
      0       0 2.30621       0       0       0       0       0       0       0
      0       0       0       0 2.32964       0       0       0       0       0
      0       0       0       0       0       0 2.30534       0       0       0
      0       0       0       0       0       0       0  2.1413       0       0
      0       0 2.29989       0       0       0       0       0       0       0
      0       0       0       0       0       0       0       0 2.30422       0
      0       0       0 2.29193       0       0       0       0       0       0
2.29736       0       0       0       0       0       0       0       0       0
      0       0       0       0       0       0       0       0 2.31252       0
      0       0       0       0       0       0       0  2.2154       0       0
      0       0       0       0       0       0       0       0 2.32642       0
      0       0       0       0       0       0       0       0       0 2.30536
2.31171       0       0       0       0       0       0       0       0       0
      0       0       0       0       0       0       0       0 2.28358       0
      0       0       0       0 2.22259       0       0       0       0       0
      0       0       0       0 2.34868       0       0       0       0       0
      0       0       0       0       0 2.33003       0       0       0       0
      0       0       0       0       0       0       0       0 2.31256       0
      0       0       0       0       0 2.40907       0       0       0       0
      0       0       0       0       0       0 2.32116       0       0       0
      0       0       0       0       0       0 2.32116       0       0       0
      0       0       0 2.28866       0       0       0       0       0       0
2.34479       0       0       0       0       0       0       0       0       0
      0       0       0       0       0       0       0       0       0 2.29696
      0       0       0 2.28866       0       0       0       0       0       0
      0       0       0       0       0       0       0 2.27381       0       0
      0       0       0       0       0       0 2.31337       0       0       0
      0       0       0       0       0       0       0       0 2.31256       0
      0       0       0       0       0       0       0       0       0 2.23126
      0       0       0 2.28866       0       0       0       0       0       0
      0       0       0       0 2.34868       0       0       0       0       0
      0       0       0       0       0       0       0       0       0 2.29385
      0       0       0       0       0 2.40907       0       0       0       0
      0       0       0       0       0       0       0       0 2.30924       0
      0       0       0       0       0       0       0       0       0 2.29469
      0 2.21555       0       0       0       0       0       0       0       0
      0       0 2.29425       0       0       0       0       0       0       0
      0       0       0       0       0       0       0       0 2.31519       0
      0       0       0       0       0       0       0       0 2.31256       0
      0       0       0       0       0       0 2.31663       0       0       0
      0       0       0       0       0       0       0       0 2.30239       0
      0 2.18797       0       0       0       0       0       0       0       0
      0       0       0 2.28866       0       0       0       0       0       0
      0       0       0       0       0       0       0 2.27381       0       0
      0       0       0       0       0       0       0       0       0 2.21593
2.35035       0       0       0       0       0       0       0       0       0
      0 2.19527       0       0       0       0       0       0       0       0
      0 2.18813       0       0       0       0       0       0       0       0
      0       0       0       0 2.34868       0       0       0       0       0
      0       0       0       0       0       0       0 2.24546       0       0
2.26728       0       0       0       0       0       0       0       0       0
      0       0       0       0       0       0       0       0 2.31256       0
      0 2.09257       0       0       0       0       0       0       0       0
      0       0       0       0       0       0       0  2.2651       0       0
      0       0       0       0 2.34868       0       0       0       0       0
      0       0       0       0       0 2.38627       0       0       0       0
      0       0       0       0       0       0       0 2.31505       0       0
      0 2.18903       0       0       0       0       0       0       0       0
      0       0 2.30621       0       0       0       0       0       0       0
      0 2.24191       0       0       0       0       0       0       0       0
      0 2.17492       0       0       0       0       0       0       0       0
      0       0       0 2.28823       0       0       0       0       0       0
      0       0       0       0       0       0       0       0       0 2.27709
      0       0       0       0       0       0 2.32116       0       0       0
      0       0 2.21529       0       0       0       0       0       0       0
      0 2.13072       0       0       0       0       0       0       0       0
      0       0 2.21283       0       0       0       0       0       0       0
      0       0       0       0       0       0       0       0 2.30951       0
2.29373       0       0       0       0       0       0       0       0       0
      0       0       0       0       0       0       0 2.15646       0       0
      0       0       0       0       0       0 2.32116       0       0       0
      0       0       0       0       0       0 2.20141       0       0       0
      0       0       0       0       0       0       0       0       0 2.29696
      0       0       0 2.32238       0       0       0       0       0       0
      0       0       0       0       0       0       0 2.27381       0       0
2.29373       0       0       0       0       0       0       0       0       0
      0       0       0       0       0 2.29678       0       0       0       0
      0       0 2.20216       0       0       0       0       0       0       0
      0       0       0       0       0       0       0       0 2.29688       0
2.27825       0       0       0       0       0       0       0       0       0
      0       0       0       0       0 2.32478       0       0       0       0
      0       0       0       0  2.3161       0       0       0       0       0
      0       0       0 2.28649       0       0       0       0       0       0
      0       0       0       0       0       0       0       0 2.31256       0
      0       0       0       0 2.34868       0       0       0       0       0
      0       0       0       0       0       0 2.32116       0       0       0
      0       0       0       0       0       0 2.32566       0       0       0
      0       0 2.22823       0       0       0       0       0       0       0
      0       0       0       0       0       0       0 2.25977       0       0
      0       0       0       0       0       0       0       0       0 2.25884
      0       0       0       0       0 2.39419       0       0       0       0
      0 2.18903       0       0       0       0       0       0       0       0
      0       0       0 2.28866       0       0       0       0       0       0
      0       0 2.19617       0       0       0       0       0       0       0
      0       0       0       0 2.30667       0       0       0       0       0
      0       0       0 2.27275       0       0       0       0       0       0
      0       0       0       0       0       0 2.32116       0       0       0
      0 2.04886       0       0       0       0       0       0       0       0
      0       0       0       0       0       0       0       0       0 2.27083
      0       0       0       0 2.34868       0       0       0       0       0
      0       0       0       0 2.34868       0       0       0       0       0
      0       0       0       0       0       0       0 2.24566       0       0
      0       0       0       0       0       0 2.27564       0       0       0
      0       0       0       0       0 2.40907       0       0       0       0
      0       0       0       0 2.33907       0       0       0       0       0
      0  2.1886       0       0       0       0       0       0       0       0
      0       0       0       0       0       0       0       0       0 2.30174
      0       0       0       0       0       0       0       0       0 2.29779
      0       0 2.30621       0       0       0       0       0       0       0
      0       0       0       0       0       0       0 2.22449       0       0
      0       0       0       0       0       0       0       0 2.30981       0
2.28747       0       0       0       0       0       0       0       0       0
      0  2.1312       0       0       0       0       0       0       0       0
      0       0       0 2.28866       0       0       0       0       0       0
      0       0       0       0       0       0  2.3159       0       0       0
      0 2.18706       0       0       0       0       0       0       0       0
      0       0       0 2.29319       0       0       0       0       0       0
      0       0       0       0 2.27614       0       0       0       0       0
      0 2.13674       0       0       0       0       0       0       0       0
      0 2.18267       0       0       0       0       0       0       0       0
      0 2.18725       0       0       0       0       0       0       0       0
      0       0       0       0       0 2.40907       0       0       0       0
      0       0       0       0       0       0 2.32116       0       0       0
2.29373       0       0       0       0       0       0       0       0       0
      0       0       0       0       0       0       0 2.27381       0       0
2.30513       0       0       0       0       0       0       0       0       0
      0       0       0       0       0       0       0 2.27381       0       0
      0       0 2.30621       0       0       0       0       0       0       0
      0       0       0 2.22396       0       0       0       0       0       0
      0       0 2.24925       0       0       0       0       0       0       0
      0       0       0       0       0 2.38969       0       0       0       0
      0       0 2.33902       0       0       0       0       0       0       0
      0       0 2.30621       0       0       0       0       0       0       0
      0       0       0       0       0       0       0       0       0 2.29696
      0       0       0       0 2.35325       0       0       0       0       0
      0       0       0       0       0       0       0       0       0 2.25733
      0       0       0       0       0       0       0       0 2.31256       0
      0 2.17588       0       0       0       0       0       0       0       0
      0       0 2.17015       0       0       0       0       0       0       0
      0 2.22196       0       0       0       0       0       0       0       0
      0       0       0       0       0       0 2.32116       0       0       0
      0 2.16834       0       0       0       0       0       0       0       0
      0       0 2.30621       0       0       0       0       0       0       0
      0       0       0       0       0       0       0 2.24939       0       0
      0       0       0       0       0       0       0       0 2.31256       0
2.29373       0       0       0       0       0       0       0       0       0
2.29373       0       0       0       0       0       0       0       0       0
2.29373       0       0       0       0       0       0       0       0       0
      0       0       0       0       0       0       0       0 2.31256       0
      0       0 2.17489       0       0       0       0       0       0       0
      0       0 2.31206       0       0       0       0       0       0       0
      0       0       0       0       0       0       0       0       0 2.23818
      0       0 2.31032       0       0       0       0       0       0       0
      0       0 2.28854       0       0       0       0       0       0       0
      0       0       0       0       0       0       0 2.17475       0       0
      0       0       0       0       0       0       0       0       0 2.30134
      0       0       0       0       0       0       0       0       0 2.28009
      0       0 2.28625       0       0       0       0       0       0       0
      0       0       0       0       0       0       0 2.19965       0       0
      0       0       0       0       0 2.37616       0       0       0       0
      0 2.18286       0       0       0       0       0       0       0       0
      0       0       0 2.25461       0       0       0       0       0       0
      0       0       0       0 2.34868       0       0       0       0       0
      0       0       0       0       0       0       0       0       0 2.29696
      0       0       0       0 2.33988       0       0       0       0       0
      0 2.18482       0       0       0       0       0       0       0       0
      0       0       0       0       0       0       0       0 2.32354       0
      0       0       0       0       0 2.41957       0       0       0       0
      0       0       0       0       0       0 2.31107       0       0       0
      0       0 2.30621       0       0       0       0       0       0       0
      0       0       0       0       0       0       0       0 2.31256       0
      0       0       0 2.28866       0       0       0       0       0       0
      0 2.13344       0       0       0       0       0       0       0       0
      0       0 2.30933       0       0       0       0       0       0       0
      0       0       0       0       0       0       0       0 2.31256       0
      0       0       0       0 2.34979       0       0       0       0       0
      0       0       0       0       0       0       0       0       0 2.29696
      0       0       0       0       0       0       0       0       0 2.29696
      0       0       0 2.30249       0       0       0       0       0       0
      0       0       0       0       0       0       0 2.26391       0       0
2.22992       0       0       0       0       0       0       0       0       0
      0       0       0       0       0       0       0 2.20821       0       0
      0       0       0       0       0       0       0 2.25905       0       0
      0       0 2.33725       0       0       0       0       0       0       0
      0       0       0 2.28866       0       0       0       0       0       0
      0       0 2.33313       0       0       0       0       0       0       0
      0       0       0       0 2.34868       0       0       0       0       0
2.29373       0       0       0       0       0       0       0       0       0
      0       0       0 2.28866       0       0       0       0       0       0
      0       0       0       0       0       0       0       0       0 2.31644
      0       0       0       0       0       0       0       0       0 2.29696
      0       0       0       0       0       0       0       0 2.31256       0
      0       0       0       0 2.34907       0       0       0       0       0
      0 2.18745       0       0       0       0       0       0       0       0
2.29196       0       0       0       0       0       0       0       0       0
      0       0       0       0       0       0 2.25982       0       0       0
2.29383       0       0       0       0       0       0       0       0       0
      0       0       0       0       0       0       0       0       0 2.29696
      0       0       0       0       0       0 2.32116       0       0       0
      0       0       0       0       0       0       0       0 2.31658       0
      0       0       0       0       0       0 2.32771       0       0       0
      0 2.19141       0       0       0       0       0       0       0       0
      0 2.19017       0       0       0       0       0       0       0       0
      0       0       0       0       0       0       0       0       0 2.29696
      0       0       0       0       0       0       0       0 2.31256       0
      0       0       0       0       0       0       0       0       0 2.29696
      0       0 2.30346       0       0       0       0       0       0       0
      0       0       0 2.28866       0       0       0       0       0       0
      0       0       0       0       0 2.40907       0       0       0       0
      0       0       0       0       0 2.40907       0       0       0       0
      0       0       0       0       0       0       0       0       0 2.29929
      0       0       0       0 2.35091       0       0       0       0       0
      0       0 2.26122       0       0       0       0       0       0       0
      0 2.18903       0       0       0       0       0       0       0       0
      0       0       0       0       0       0       0       0       0 2.29696
      0       0       0       0 2.23652       0       0       0       0       0
      0       0       0 2.28866       0       0       0       0       0       0
      0       0       0       0       0       0       0       0       0 2.29696
      0       0       0       0       0       0 2.32116       0       0       0
2.29373       0       0       0       0       0       0       0       0       0
      0       0       0       0 2.34444       0       0       0       0       0
2.29373       0       0       0       0       0       0       0       0       0
      0       0       0       0       0       0 2.32116       0       0       0
2.29373       0       0       0       0       0       0       0       0       0
      0 2.18903       0       0       0       0       0       0       0       0
      0       0 2.30621       0       0       0       0       0       0       0
      0       0       0 2.28866       0       0       0       0       0       0
      0       0       0       0 2.34868       0       0       0       0       0
      0       0       0       0       0       0       0 2.27381       0       0
      0       0       0       0       0       0       0       0 2.31256       0
      0       0       0       0       0       0       0       0       0 2.29512
2.29373       0       0       0       0       0       0       0       0       0
      0 2.18903       0       0       0       0       0       0       0       0
      0       0 2.30621       0       0       0       0       0       0       0
      0       0       0 2.28866       0       0       0       0       0       0
      0       0       0       0 2.32177       0       0       0       0       0
      0       0       0       0       0       0       0 2.27038       0       0
      0       0       0       0       0       0       0       0 2.31256       0
      0       0       0       0       0       0       0       0       0 2.29541
2.32773       0       0       0       0       0       0       0       0       0
      0 2.18903       0       0       0       0       0       0       0       0
      0       0 2.30163       0       0       0       0       0       0       0
      0       0       0 2.28866       0       0       0       0       0       0
      0       0       0       0 2.34868       0       0       0       0       0
      0       0       0       0       0 2.32527       0       0       0       0
      0       0       0       0       0       0 2.22771       0       0       0
      0       0       0       0       0       0       0 2.27381       0       0
      0       0       0       0       0       0       0       0 2.31256       0
      0       0       0       0       0       0       0       0       0 2.29696
      0       0       0       0       0       0       0       0 2.28891       0
      0       0       0 2.29242       0       0       0       0       0       0
      0       0       0       0 2.35307       0       0       0       0       0
      0       0       0       0       0       0       0 2.27381       0       0
      0       0       0       0       0       0       0       0 2.31382       0
      0       0       0       0       0       0 2.31554       0       0       0
      0       0       0 2.28866       0       0       0       0       0       0
      0       0       0       0 2.30805       0       0       0       0       0
2.29373       0       0       0       0       0       0       0       0       0
      0       0       0       0       0       0       0       0       0 2.29696
      0       0       0       0       0       0       0 2.27381       0       0
      0 2.18903       0       0       0       0       0       0       0       0
      0       0       0       0       0       0       0       0       0 2.27944
      0       0       0 2.28866       0       0       0       0       0       0
      0       0       0       0       0       0       0       0  2.3121       0
      0       0       0       0 2.31076       0       0       0       0       0
      0       0       0       0       0       0       0 2.27381       0       0
      0       0       0 2.30476       0       0       0       0       0       0
2.29373       0       0       0       0       0       0       0       0       0
      0       0       0       0       0       0       0       0       0 2.29696
      0 2.19546       0       0       0       0       0       0       0       0
      0       0       0       0 2.36001       0       0       0       0       0
      0       0       0       0       0  2.3966       0       0       0       0
      0       0       0       0 2.34868       0       0       0       0       0
      0       0       0       0       0       0 2.32116       0       0       0
      0       0 2.30621       0       0       0       0       0       0       0
2.29373       0       0       0       0       0       0       0       0       0
      0       0       0       0       0       0 2.32116       0       0       0
      0       0 2.30621       0       0       0       0       0       0       0
      0 2.18903       0       0       0       0       0       0       0       0
      0 2.18903       0       0       0       0       0       0       0       0
      0 2.18903       0       0       0       0       0       0       0       0
      0 2.18903       0       0       0       0       0       0       0       0
      0       0       0       0       0       0       0 2.27381       0       0
      0       0 2.30621       0       0       0       0       0       0       0
      0       0       0       0 2.30473       0       0       0       0       0
      0       0       0       0       0       0       0 2.23549       0       0
      0       0       0       0       0 2.38548       0       0       0       0
      0       0 2.30621       0       0       0       0       0       0       0
      0       0       0       0       0       0       0       0       0 2.28382
      0       0       0       0 2.34709       0       0       0       0       0
      0       0       0       0       0 2.30601       0       0       0       0
      0       0       0       0       0       0       0       0 2.31326       0
      0       0       0       0 2.34868       0       0       0       0       0
      0       0 2.30621       0       0       0       0       0       0       0
      0       0       0       0       0       0       0       0       0 2.29592
      0       0       0       0       0       0       0 2.27381       0       0
2.29373       0       0       0       0       0       0       0       0       0
2.29373       0       0       0       0       0       0       0       0       0
      0       0       0       0       0       0       0 2.27381       0       0
      0       0       0       0       0 2.38683       0       0       0       0
      0 2.18446       0       0       0       0       0       0       0       0
      0 2.19014       0       0       0       0       0       0       0       0
      0       0       0       0       0       0       0 2.27381       0       0
      0       0       0       0       0       0 2.31176       0       0       0
      0       0       0       0       0       0 2.32116       0       0       0
      0       0       0       0       0       0 2.32116       0       0       0
      0       0       0       0       0       0       0       0 2.31628       0
      0       0 2.30621       0       0       0       0       0       0       0
      0       0 2.30621       0       0       0       0       0       0       0
      0       0       0       0       0       0       0 2.27381       0       0
      0       0       0       0       0       0       0 2.27381       0       0
      0       0       0       0 2.34868       0       0       0       0       0
2.29373       0       0       0       0       0       0       0       0       0
      0       0 2.30621       0       0       0       0       0       0       0
      0       0       0       0 2.32675       0       0       0       0       0
      0       0 2.30621       0       0       0       0       0       0       0
      0 2.19245       0       0       0       0       0       0       0       0
      0       0       0       0       0       0       0       0 2.31256       0
      0       0       0       0       0       0       0       0       0 2.26998
      0       0       0       0       0       0 2.32116       0       0       0
      0 2.17831       0       0       0       0       0       0       0       0
2.29373       0       0       0       0       0       0       0       0       0
      0       0       0       0       0 2.39637       0       0       0       0
      0       0       0       0       0       0       0       0       0 2.29571
      0       0       0       0       0       0 2.32116       0       0       0
      0       0       0       0       0       0       0       0       0 2.29696
      0       0       0       0       0       0       0       0 2.31256       0
2.29373       0       0       0       0       0       0       0       0       0
      0       0       0 2.28866       0       0       0       0       0       0
2.29373       0       0       0       0       0       0       0       0       0
      0       0       0       0       0       0       0       0 2.27695       0
      0       0       0 2.28866       0       0       0       0       0       0
      0       0       0       0       0       0       0       0       0 2.27793
      0       0       0       0       0       0 2.28428       0       0       0
      0       0       0 2.29108       0       0       0       0       0       0
2.29832       0       0       0       0       0       0       0       0       0
      0 2.18903       0       0       0       0       0       0       0       0
      0       0 2.30621       0       0       0       0       0       0       0
      0       0       0 2.28866       0       0       0       0       0       0
      0       0       0       0 2.22196       0       0       0       0       0
      0       0       0       0       0 2.40649       0       0       0       0
      0       0       0       0       0       0 2.25949       0       0       0
      0       0       0       0       0       0       0 2.26234       0       0
2.29373       0       0       0       0       0       0       0       0       0
      0 2.18903       0       0       0       0       0       0       0       0
      0       0 2.30621       0       0       0       0       0       0       0
      0       0       0 2.24818       0       0       0       0       0       0
      0       0       0       0 2.24534       0       0       0       0       0
      0       0       0       0       0 2.38942       0       0       0       0
      0       0       0       0       0       0 2.32116       0       0       0
      0       0       0       0       0       0       0 2.18399       0       0
      0       0       0       0       0       0       0       0 2.30744       0
      0       0       0       0       0       0       0       0       0   2.244
2.26193       0       0       0       0       0       0       0       0       0
      0 2.19811       0       0       0       0       0       0       0       0
      0       0 2.31142       0       0       0       0       0       0       0
      0       0       0 2.29874       0       0       0       0       0       0
      0       0       0       0 2.33765       0       0       0       0       0
      0       0       0       0       0 2.40907       0       0       0       0
      0       0       0       0       0       0 2.28883       0       0       0
      0       0       0       0       0       0       0  2.2025       0       0
      0       0       0       0       0       0       0       0 2.31636       0
      0       0       0       0       0   2.397       0       0       0       0
      0       0       0       0 2.32792       0       0       0       0       0
      0       0       0       0       0       0       0       0 2.31256       0
      0       0       0       0       0       0       0 2.27593       0       0
      0       0       0       0 2.35096       0       0       0       0       0
      0       0       0       0       0       0       0 2.23717       0       0
      0       0       0       0       0       0       0 2.24458       0       0
      0       0       0 2.28866       0       0       0       0       0       0
      0       0       0       0       0       0       0       0       0 2.29696
      0       0       0       0       0       0       0       0 2.31337       0
      0       0       0       0       0       0       0       0  2.2832       0
      0       0       0 2.28866       0       0       0       0       0       0
      0 2.18974       0       0       0       0       0       0       0       0
      0       0       0       0       0 2.39214       0       0       0       0
      0       0       0       0       0       0       0       0 2.31223       0
      0       0 2.29289       0       0       0       0       0       0       0
      0       0       0       0       0       0       0 2.27381       0       0
      0       0       0       0 2.34718       0       0       0       0       0
      0       0 2.30784       0       0       0       0       0       0       0
      0 2.15387       0       0       0       0       0       0       0       0
      0       0       0       0       0 2.29581       0       0       0       0
      0       0       0       0 2.32427       0       0       0       0       0
      0       0       0       0       0  2.3778       0       0       0       0
      0       0       0       0       0 2.37989       0       0       0       0
      0       0       0       0       0       0       0       0  2.2929       0
      0       0       0       0       0       0 2.33684       0       0       0
      0       0       0       0  2.3403       0       0       0       0       0
      0       0       0       0 2.34868       0       0       0       0       0
      0       0       0       0 2.30045       0       0       0       0       0
      0  2.1443       0       0       0       0       0       0       0       0
      0       0       0       0       0       0       0       0 2.17465       0
      0       0       0       0       0       0       0 2.27381       0       0
      0       0       0       0       0 2.40907       0       0       0       0
      0       0       0       0       0 2.40907       0       0       0       0
      0 2.18903       0       0       0       0       0       0       0       0
      0       0       0       0       0       0       0       0 2.30906       0
      0       0       0       0       0       0       0       0       0 2.32545
      0 2.18269       0       0       0       0       0       0       0       0
      0       0       0 2.28866       0       0       0       0       0       0
      0       0       0       0       0       0 2.31728       0       0       0
      0       0       0 2.31185       0       0       0       0       0       0
      0       0       0   2.302       0       0       0       0       0       0
      0       0 2.27492       0       0       0       0       0       0       0
      0       0 2.31039       0       0       0       0       0       0       0
      0       0       0       0       0       0 2.32512       0       0       0
      0       0       0       0       0       0       0       0       0 2.29696
      0       0       0       0       0       0       0       0       0 2.29696
      0       0       0       0       0       0 2.31419       0       0       0
      0       0       0       0       0 2.38496       0       0       0       0
      0       0       0       0       0 2.25653       0       0       0       0
      0       0       0 2.28866       0       0       0       0       0       0
      0       0       0 2.31609       0       0       0       0       0       0
      0       0       0       0       0       0       0       0 2.31275       0
      0 2.18903       0       0       0       0       0       0       0       0
      0       0       0       0       0       0 2.26313       0       0       0
      0       0       0       0       0 2.28555       0       0       0       0
      0       0       0       0       0       0 2.31753       0       0       0
      0       0       0       0       0       0       0       0 2.25116       0
      0 2.19466       0       0       0       0       0       0       0       0
      0       0       0       0       0       0       0       0       0 2.29431
      0       0       0       0       0       0       0 2.25637       0       0
      0       0       0       0       0       0 2.34444       0       0       0
      0       0       0       0       0       0       0       0 2.28466       0
      0       0       0 2.26516       0       0       0       0       0       0
      0       0       0       0       0       0       0 2.21882       0       0
      0       0       0       0 2.34868       0       0       0       0       0
      0       0       0       0       0       0       0 2.12296       0       0
2.29373       0       0       0       0       0       0       0       0       0
      0       0       0       0       0       0       0       0       0 2.27529
2.29961       0       0       0       0       0       0       0       0       0
2.31817       0       0       0       0       0       0       0       0       0
      0       0       0 2.29546       0       0       0       0       0       0
      0       0       0       0       0       0       0 2.28249       0       0
      0       0       0       0       0       0       0       0       0 2.29202
      0       0       0 2.23886       0       0       0       0       0       0
2.27635       0       0       0       0       0       0       0       0       0
      0       0 2.30002       0       0       0       0       0       0       0
2.30084       0       0       0       0       0       0       0       0       0
      0  2.1748       0       0       0       0       0       0       0       0
2.22034       0       0       0       0       0       0       0       0       0
      0 2.18969       0       0       0       0       0       0       0       0
2.29044       0       0       0       0       0       0       0       0       0
      0       0       0       0 2.34868       0       0       0       0       0
2.28976       0       0       0       0       0       0       0       0       0
      0 2.18903       0       0       0       0       0       0       0       0
2.26746       0       0       0       0       0       0       0       0       0
      0       0       0       0 2.27099       0       0       0       0       0
      0       0       0       0       0       0       0 2.29196       0       0
      0       0       0       0       0       0       0       0       0 2.29696
      0       0       0       0       0       0 2.35264       0       0       0
      0       0 2.29805       0       0       0       0       0       0       0
      0       0       0       0       0       0 2.31821       0       0       0
      0       0 2.30621       0       0       0       0       0       0       0
      0       0 2.22847       0       0       0       0       0       0       0
      0       0       0       0       0       0       0       0       0 2.29686
      0       0       0       0       0       0       0       0       0 2.29011
2.29373       0       0       0       0       0       0       0       0       0
      0 2.17907       0       0       0       0       0       0       0       0
      0       0 2.30621       0       0       0       0       0       0       0
      0       0       0 2.28866       0       0       0       0       0       0
      0       0       0       0 2.34868       0       0       0       0       0
      0       0       0       0       0 2.40907       0       0       0       0
      0       0       0       0       0       0 2.32116       0       0       0
      0       0       0       0       0       0       0 2.27381       0       0
      0       0       0       0       0       0       0       0 2.31256       0
      0       0       0       0       0       0       0       0       0 2.29741
2.29373       0       0       0       0       0       0       0       0       0
      0 2.18903       0       0       0       0       0       0       0       0
      0       0 2.30621       0       0       0       0       0       0       0
      0       0       0 2.27941       0       0       0       0       0       0
      0       0       0       0 2.34443       0       0       0       0       0
      0       0       0       0       0 2.40907       0       0       0       0
      0       0       0       0       0       0 2.32116       0       0       0
      0       0       0       0       0       0       0 2.24846       0       0
      0       0       0       0       0       0       0       0 2.31256       0
      0       0       0       0       0       0       0       0       0 2.29696
2.29373       0       0       0       0       0       0       0       0       0
      0 2.18903       0       0       0       0       0       0       0       0
      0       0 2.30621       0       0       0       0       0       0       0
      0       0       0 2.28866       0       0       0       0       0       0
      0       0       0       0 2.33636       0       0       0       0       0
      0       0       0       0       0 2.40907       0       0       0       0
      0       0       0       0       0       0 2.32116       0       0       0
      0       0       0       0       0       0       0 2.27381       0       0
      0       0       0       0       0       0       0       0 2.31256       0
      0       0       0       0       0       0       0       0       0 2.29696
      0       0       0       0       0       0       0       0 2.31256       0
2.29373       0       0       0       0       0       0       0       0       0
      0       0       0       0       0 2.40907       0       0       0       0
      0       0       0       0       0       0 2.32116       0       0       0
      0       0       0       0       0       0 2.32116       0       0       0
2.29373       0       0       0       0       0       0       0       0       0
      0       0       0       0       0       0       0       0 2.31256       0
2.29373       0       0       0       0       0       0       0       0       0
      0       0 2.30129       0       0       0       0       0       0       0
      0       0       0 2.28866       0       0       0       0       0       0
      0       0       0       0       0       0       0 2.27381       0       0
      0       0       0       0       0       0       0       0       0 2.29696
      0       0       0       0 2.34868       0       0       0       0       0
      0       0       0       0       0       0       0 2.27381       0       0
      0 2.18363       0       0       0       0       0       0       0       0
      0       0       0       0       0       0       0       0       0 2.29696
      0 2.18903       0       0       0       0       0       0       0       0
      0       0       0       0       0       0       0 2.27381       0       0
      0 2.18903       0       0       0       0       0       0       0       0
      0       0       0       0 2.30015       0       0       0       0       0
2.29373       0       0       0       0       0       0       0       0       0
2.29373       0       0       0       0       0       0       0       0       0
      0       0       0       0 2.31042       0       0       0       0       0
      0 2.18783       0       0       0       0       0       0       0       0
      0       0       0       0       0       0       0 2.27381       0       0
      0       0       0       0       0 2.40907       0       0       0       0
      0       0       0       0       0       0       0 2.27381       0       0
      0 2.18903       0       0       0       0       0       0       0       0
      0       0       0 2.28866       0       0       0       0       0       0
      0       0       0 2.28866       0       0       0       0       0       0
      0       0       0 2.28501       0       0       0       0       0       0
      0 2.10071       0       0       0       0       0       0       0       0
      0       0       0       0       0       0 2.32116       0       0       0
      0       0       0       0       0       0       0       0       0 2.29696
      0       0       0       0       0       0       0 2.27381       0       0
      0       0       0       0 2.32559       0       0       0       0       0
      0       0       0 2.28866       0       0       0       0       0       0
2.29373       0       0       0       0       0       0       0       0       0
      0       0 2.24552       0       0       0       0       0       0       0
      0       0       0       0       0 2.40907       0       0       0       0
      0       0 2.23634       0       0       0       0       0       0       0
      0       0       0       0       0       0 2.32116       0       0       0
2.29373       0       0       0       0       0       0       0       0       0
      0       0       0       0       0       0       0       0 2.31256       0
      0       0       0       0       0       0       0       0       0 2.29696
      0       0       0       0 2.34868       0       0       0       0       0
      0       0       0 2.28866       0       0       0       0       0       0
      0       0       0       0       0 2.40907       0       0       0       0
      0       0       0       0 2.34695       0       0       0       0       0
      0       0       0       0       0       0       0       0 2.31256       0
      0 2.18903       0       0       0       0       0       0       0       0
      0       0       0       0       0 2.40907       0       0       0       0
      0       0       0       0       0       0       0       0       0 2.29696
2.29373       0       0       0       0       0       0       0       0       0
      0       0       0       0       0       0 2.32116       0       0       0
      0       0       0       0 2.34868       0       0       0       0       0
      0       0       0 2.28866       0       0       0       0       0       0
      0       0       0       0       0       0 2.32116       0       0       0
      0       0       0   2.291       0       0       0       0       0       0
      0       0       0 2.28866       0       0       0       0       0       0
      0       0       0       0       0       0       0       0 2.31256       0
      0 2.18903       0       0       0       0       0       0       0       0
      0       0       0       0 2.34868       0       0       0       0       0
      0       0       0       0       0       0       0 2.27381       0       0
      0       0       0       0       0 2.40907       0       0       0       0
      0       0       0       0       0       0       0 2.24233       0       0
      0       0 2.30621       0       0       0       0       0       0       0
      0       0 2.25288       0       0       0       0       0       0       0
2.29373       0       0       0       0       0       0       0       0       0
2.29373       0       0       0       0       0       0       0       0       0
      0 2.18903       0       0       0       0       0       0       0       0
      0       0       0       0       0       0       0 2.27381       0       0
      0       0       0       0       0       0       0 2.27381       0       0
      0       0       0       0       0       0       0       0       0 2.29696
      0       0       0       0       0 2.40907       0       0       0       0
      0       0       0       0       0       0       0       0       0 2.29696
      0       0       0       0       0       0       0       0 2.31256       0
      0       0       0       0       0       0       0       0       0 2.29696
      0       0       0       0       0       0 2.32116       0       0       0
      0       0       0       0       0       0       0       0 2.31325       0
      0       0       0       0       0       0       0       0 2.31256       0
      0       0 2.30621       0       0       0       0       0       0       0
      0       0       0 2.28866       0       0       0       0       0       0
      0       0       0       0       0       0 2.31582       0       0       0
      0 2.18903       0       0       0       0       0       0       0       0
      0       0 2.23382       0       0       0       0       0       0       0
      0       0       0       0       0       0       0       0       0 2.28067
      0       0       0       0       0       0       0       0 2.31256       0
      0       0       0       0       0       0       0       0       0 2.29696
      0       0       0       0       0 2.40907       0       0       0       0
      0       0 2.26026       0       0       0       0       0       0       0
      0       0       0       0       0       0  2.3055       0       0       0
      0       0 2.30621       0       0       0       0       0       0       0
      0       0       0       0 2.34868       0       0       0       0       0
      0       0       0       0       0       0       0       0 2.31256       0
      0       0       0       0 2.34868       0       0       0       0       0
      0       0       0       0       0       0 2.33579       0       0       0
      0       0       0       0       0 2.40069       0       0       0       0
2.29373       0       0       0       0       0       0       0       0       0
      0 2.19076       0       0       0       0       0       0       0       0
      0       0       0       0       0 2.35292       0       0       0       0
      0       0       0       0       0       0 2.30733       0       0       0
      0       0       0       0       0       0       0 2.27381       0       0
      0       0       0       0       0       0       0       0 2.31256       0
      0       0       0       0       0       0       0       0       0 2.30684
2.29373       0       0       0       0       0       0       0       0       0
      0 2.16255       0       0       0       0       0       0       0       0
      0       0 2.30621       0       0       0       0       0       0       0
      0       0       0 2.28866       0       0       0       0       0       0
      0       0       0       0 2.34868       0       0       0       0       0
      0       0       0       0       0 2.37824       0       0       0       0
      0       0       0       0       0       0 2.32116       0       0       0
      0       0       0       0       0       0       0 2.27381       0       0
      0       0       0       0       0       0       0       0 2.29715       0
      0       0       0       0       0       0       0       0       0 2.28375
2.29373       0       0       0       0       0       0       0       0       0
      0  2.1649       0       0       0       0       0       0       0       0
      0       0 2.30666       0       0       0       0       0       0       0
      0       0       0 2.28936       0       0       0       0       0       0
      0       0       0       0 2.34868       0       0       0       0       0
      0       0       0       0       0 2.36088       0       0       0       0
      0       0       0       0       0       0 2.31017       0       0       0
      0       0       0       0       0       0       0 2.19661       0       0
      0       0       0       0       0       0       0       0  2.3084       0
      0       0       0       0       0       0       0       0       0 2.25074
      0       0       0       0       0       0       0 2.27381       0       0
      0       0       0       0 2.34895       0       0       0       0       0
      0       0 2.30621       0       0       0       0       0       0       0
2.29373       0       0       0       0       0       0       0       0       0
      0       0       0       0       0       0       0       0       0 2.29696
2.29373       0       0       0       0       0       0       0       0       0
      0 2.18903       0       0       0       0       0       0       0       0
      0       0       0       0       0 2.32078       0       0       0       0
      0       0       0       0       0       0       0       0 2.31256       0
      0       0       0       0       0       0       0       0 2.32625       0
2.29373       0       0       0       0       0       0       0       0       0
      0       0 2.30621       0       0       0       0       0       0       0
      0       0       0       0       0       0       0 2.26453       0       0
      0       0       0       0       0       0       0       0 2.31256       0
      0       0       0       0 2.30456       0       0       0       0       0
      0       0       0       0 2.22221       0       0       0       0       0
      0       0       0       0       0       0 2.28085       0       0       0
      0  2.1935       0       0       0       0       0       0       0       0
2.29373       0       0       0       0       0       0       0       0       0
      0       0       0       0 2.34868       0       0       0       0       0
      0       0       0       0       0 2.36174       0       0       0       0
      0       0       0 2.34048       0       0       0       0       0       0
      0       0       0       0       0       0       0       0       0 2.25396
      0       0       0       0 2.30564       0       0       0       0       0
      0       0 2.26876       0       0       0       0       0       0       0
2.33559       0       0       0       0       0       0       0       0       0
      0       0       0       0       0 2.38952       0       0       0       0
2.29373       0       0       0       0       0       0       0       0       0
      0 2.18903       0       0       0       0       0       0       0       0
      0       0       0 2.28866       0       0       0       0       0       0
      0       0 2.30621       0       0       0       0       0       0       0
      0       0       0       0       0       0       0       0       0 2.29497
      0 2.21957       0       0       0       0       0       0       0       0
      0       0       0       0       0       0 2.31717       0       0       0
2.29373       0       0       0       0       0       0       0       0       0
      0 2.18783       0       0       0       0       0       0       0       0
      0 2.19006       0       0       0       0       0       0       0       0
      0       0       0       0       0       0       0       0 2.31256       0
2.29373       0       0       0       0       0       0       0       0       0
      0       0       0       0 2.33937       0       0       0       0       0
      0       0       0       0       0       0       0 2.27381       0       0
      0       0       0       0       0       0       0 2.27381       0       0
      0       0       0       0       0       0 2.32116       0       0       0
      0       0       0 2.28866       0       0       0       0       0       0
      0       0       0       0       0       0 2.32116       0       0       0
2.29373       0       0       0       0       0       0       0       0       0
      0       0       0       0       0       0       0 2.26647       0       0
      0       0       0 2.28866       0       0       0       0       0       0
      0       0       0       0       0 2.40907       0       0       0       0
      0       0       0       0 2.34868       0       0       0       0       0
      0       0 2.23533       0       0       0       0       0       0       0
      0       0       0       0 2.34868       0       0       0       0       0
      0 2.18489       0       0       0       0       0       0       0       0
      0       0       0       0       0       0       0       0 2.31256       0
      0       0       0 2.28866       0       0       0       0       0       0
      0       0       0       0       0 2.35848       0       0       0       0
      0       0       0       0       0       0 2.32116       0       0       0
      0       0       0       0       0       0       0 2.27381       0       0
2.32556       0       0       0       0       0       0       0       0       0
      0       0       0       0       0       0 2.32116       0       0       0
      0       0       0       0       0       0       0 2.27381       0       0
      0 2.16568       0       0       0       0       0       0       0       0
      0       0 2.25785       0       0       0       0       0       0       0
      0       0       0       0       0 2.40907       0       0       0       0
      0       0       0       0       0       0       0       0 2.31256       0
      0 2.18903       0       0       0       0       0       0       0       0
      0       0       0       0       0       0       0       0       0 2.29696
      0       0       0 2.28866       0       0       0       0       0       0
      0       0       0       0       0       0       0       0 2.31256       0
      0       0 2.30621       0       0       0       0       0       0       0
      0       0       0       0       0       0       0       0 2.31256       0
      0       0       0       0       0       0       0 2.27381       0       0
      0       0       0       0       0       0 2.32116       0       0       0
      0       0       0       0       0       0       0 2.27381       0       0
      0  2.1845       0       0       0       0       0       0       0       0
      0       0       0       0 2.34868       0       0       0       0       0
      0       0       0       0       0       0  2.3117       0       0       0
      0       0 2.11944       0       0       0       0       0       0       0
      0       0       0       0       0       0       0       0       0 2.27512
      0       0       0   2.312       0       0       0       0       0       0
2.29373       0       0       0       0       0       0       0       0       0
      0 2.18903       0       0       0       0       0       0       0       0
      0       0 2.32286       0       0       0       0       0       0       0
      0       0       0 2.28866       0       0       0       0       0       0
      0       0       0       0 2.33954       0       0       0       0       0
      0       0       0       0       0 2.40907       0       0       0       0
      0       0       0       0       0       0 2.32116       0       0       0
      0       0       0       0       0       0       0 2.27381       0       0
2.29373       0       0       0       0       0       0       0       0       0
      0 2.18604       0       0       0       0       0       0       0       0
      0       0 2.29491       0       0       0       0       0       0       0
      0       0       0 2.28866       0       0       0       0       0       0
      0       0       0       0  2.1564       0       0       0       0       0
      0       0       0       0       0 2.40907       0       0       0       0
2.27998       0       0       0       0       0       0       0       0       0
      0 2.16241       0       0       0       0       0       0       0       0
      0       0 2.30225       0       0       0       0       0       0       0
      0       0       0       0       0       0       0       0 2.31256       0
      0       0       0       0       0       0       0       0       0 2.24647
      0 2.18903       0       0       0       0       0       0       0       0
      0       0       0       0 2.34321       0       0       0       0       0
2.29373       0       0       0       0       0       0       0       0       0
      0       0       0       0       0       0       0       0       0 2.29907
      0       0       0       0       0 2.40907       0       0       0       0
2.29431       0       0       0       0       0       0       0       0       0
      0       0       0       0       0       0       0       0 2.31256       0
2.29373       0       0       0       0       0       0       0       0       0
      0       0       0       0       0       0       0 2.28099       0       0
      0       0       0       0       0       0       0 2.27381       0       0
      0 2.17836       0       0       0       0       0       0       0       0
      0 2.18387       0       0       0       0       0       0       0       0
      0       0 2.30621       0       0       0       0       0       0       0
      0       0       0       0       0       0       0       0       0 2.29696
      0       0       0 2.28866       0       0       0       0       0       0
      0       0       0       0       0       0 2.32116       0       0       0
      0       0       0       0       0       0       0 2.23252       0       0
      0       0 2.30621       0       0       0       0       0       0       0
      0       0       0 2.28866       0       0       0       0       0       0
      0       0       0       0       0       0       0       0 2.31256       0
      0 2.18078       0       0       0       0       0       0       0       0
      0       0 2.15555       0       0       0       0       0       0       0
      0       0       0       0       0       0       0       0       0 2.29696
      0       0       0       0       0       0       0       0 2.31256       0
      0       0       0       0       0       0       0       0 2.31256       0
      0       0       0       0       0       0       0 2.27381       0       0
      0 2.14062       0       0       0       0       0       0       0       0
      0       0       0       0       0       0       0 2.27381       0       0
      0 2.18903       0       0       0       0       0       0       0       0
      0 2.07861       0       0       0       0       0       0       0       0
2.29373       0       0       0       0       0       0       0       0       0
      0       0       0 2.28866       0       0       0       0       0       0
      0       0       0       0 2.34868       0       0       0       0       0
      0       0 2.30621       0       0       0       0       0       0       0
      0       0       0       0       0       0 2.32116       0       0       0
      0       0       0       0 2.34868       0       0       0       0       0
      0       0       0       0       0       0       0 2.27381       0       0
      0       0       0       0 2.34868       0       0       0       0       0
      0       0 2.30621       0       0       0       0       0       0       0
      0       0       0       0       0       0       0 2.27381       0       0
      0       0       0       0 2.34128       0       0       0       0       0
      0       0       0       0       0       0       0       0       0 2.29696
      0 2.17494       0       0       0       0       0       0       0       0
2.29373       0       0       0       0       0       0       0       0       0
      0       0       0       0       0       0 2.32116       0       0       0
      0       0       0       0       0       0       0       0 2.31256       0
      0       0       0       0       0 2.40907       0       0       0       0
      0       0       0       0       0 2.40907       0       0       0       0
      0       0       0       0       0 2.40907       0       0       0       0
      0       0       0 2.28866       0       0       0       0       0       0
      0       0       0       0       0 2.40907       0       0       0       0
      0       0       0       0       0       0       0       0       0 2.29696
      0       0       0       0       0       0       0 2.27381       0       0
      0       0       0       0 2.34868       0       0       0       0       0
      0       0       0       0       0       0       0       0 2.31256       0
      0       0       0       0       0 2.40907       0       0       0       0
      0       0       0       0       0       0       0       0       0 2.29696
      0       0       0       0       0       0 2.31865       0       0       0
      0       0       0       0       0       0       0       0       0 2.29696
      0       0       0 2.28866       0       0       0       0       0       0
2.29373       0       0       0       0       0       0       0       0       0
      0       0       0 2.28866       0       0       0       0       0       0
      0       0       0       0       0       0       0       0 2.31256       0
      0       0       0       0       0       0       0       0       0 2.29696
      0 2.18741       0       0       0       0       0       0       0       0
      0       0       0       0       0       0       0       0 2.31256       0
      0 2.18903       0       0       0       0       0       0       0       0
      0       0       0       0       0       0 2.32116       0       0       0
2.29373       0       0       0       0       0       0       0       0       0
2.29373       0       0       0       0       0       0       0       0       0
      0 2.18296       0       0       0       0       0       0       0       0
      0       0 2.30659       0       0       0       0       0       0       0
      0       0       0 2.28866       0       0       0       0       0       0
      0       0       0       0 2.33804       0       0       0       0       0
      0       0       0       0       0 2.40907       0       0       0       0
      0       0       0       0       0       0 2.32116       0       0       0
      0       0       0       0       0       0       0 2.27896       0       0
      0       0       0       0       0       0       0       0 2.32025       0
      0       0       0       0       0       0       0       0       0 2.29547
2.24463       0       0       0       0       0       0       0       0       0
      0 2.18628       0       0       0       0       0       0       0       0
      0       0 2.30621       0       0       0       0       0       0       0
      0       0       0 2.28866       0       0       0       0       0       0
      0       0       0       0 2.34155       0       0       0       0       0
      0       0       0       0       0 2.34777       0       0       0       0
      0       0       0       0       0       0 2.32116       0       0       0
      0       0       0       0       0       0       0 2.24806       0       0
      0       0       0       0       0       0       0       0 2.31256       0
      0       0       0       0       0       0       0       0       0 2.27999
2.29373       0       0       0       0       0       0       0       0       0
      0 2.15036       0       0       0       0       0       0       0       0
      0       0 2.30621       0       0       0       0       0       0       0
      0       0       0 2.28866       0       0       0       0       0       0
      0       0       0       0 2.34868       0       0       0       0       0
      0       0       0       0       0 2.09886       0       0       0       0
      0       0       0       0       0       0 2.32061       0       0       0
      0       0       0       0       0       0       0 2.27285       0       0
      0       0       0       0       0       0       0       0 2.31256       0
      0       0       0       0       0       0       0       0       0 2.20949
      0       0       0 2.28866       0       0       0       0       0       0
      0       0       0       0       0 2.40907       0       0       0       0
      0       0       0 2.28866       0       0       0       0       0       0
      0       0 2.30621       0       0       0       0       0       0       0
      0       0       0       0       0       0       0       0       0 2.29696
      0       0       0 2.28866       0       0       0       0       0       0
      0       0 2.29906       0       0       0       0       0       0       0
      0 2.14696       0       0       0       0       0       0       0       0
      0       0       0       0 2.31596       0       0       0       0       0
      0       0       0       0       0 2.38051       0       0       0       0
      0       0       0       0       0 2.40907       0       0       0       0
      0       0 2.30621       0       0       0       0       0       0       0
      0       0       0 2.28866       0       0       0       0       0       0
      0       0 2.10609       0       0       0       0       0       0       0
      0 2.12843       0       0       0       0       0       0       0       0
      0       0       0 2.27003       0       0       0       0       0       0
      0       0       0       0       0       0       0       0       0 2.26781
      0       0       0       0       0       0       0 2.28852       0       0
      0       0 2.30621       0       0       0       0       0       0       0
      0 2.10453       0       0       0       0       0       0       0       0
      0       0 2.30645       0       0       0       0       0       0       0
      0       0       0       0       0       0       0       0 2.31256       0
      0       0       0       0       0       0       0       0       0 2.29696
      0 2.18161       0       0       0       0       0       0       0       0
      0       0       0       0       0       0       0       0  2.2981       0
      0       0       0       0       0       0       0       0 2.31256       0
      0       0       0       0       0       0       0 2.27494       0       0
      0       0       0       0       0       0       0       0 2.31256       0
      0 2.18596       0       0       0       0       0       0       0       0
2.29373       0       0       0       0       0       0       0       0       0
2.29373       0       0       0       0       0       0       0       0       0
      0       0       0       0       0       0       0 2.26173       0       0
      0       0       0       0       0       0       0 2.25578       0       0
      0       0       0       0       0       0       0       0 2.28013       0
      0       0       0       0       0       0       0 2.27563       0       0
      0       0       0       0       0 2.36453       0       0       0       0
2.29373       0       0       0       0       0       0       0       0       0
      0       0       0       0       0       0 2.32217       0       0       0
      0 2.18903       0       0       0       0       0       0       0       0
      0       0       0       0       0 2.40907       0       0       0       0
      0       0       0       0       0       0       0 2.27381       0       0
      0       0       0       0 2.31229       0       0       0       0       0
      0       0       0       0       0       0 2.29638       0       0       0
      0 2.18903       0       0       0       0       0       0       0       0
      0       0 2.30621       0       0       0       0       0       0       0
      0       0       0       0       0 2.40907       0       0       0       0
2.29373       0       0       0       0       0       0       0       0       0
      0       0       0       0       0       0       0 2.27381       0       0
      0       0       0       0       0       0       0       0       0 2.21928
      0       0       0       0       0       0       0       0       0 2.29743
2.29373       0       0       0       0       0       0       0       0       0
      0       0       0 2.28866       0       0       0       0       0       0
      0       0       0       0       0       0       0       0 2.31256       0
      0       0       0       0 2.27887       0       0       0       0       0
      0       0       0       0 2.29214       0       0       0       0       0
      0       0       0       0       0       0       0       0 2.34156       0
      0 2.18236       0       0       0       0       0       0       0       0
      0       0       0       0       0       0       0       0 2.31256       0
      0       0       0       0       0       0 2.31243       0       0       0
      0       0       0       0       0 2.40907       0       0       0       0
      0       0       0       0       0       0       0       0       0 2.29696
2.25972       0       0       0       0       0       0       0       0       0
2.26108       0       0       0       0       0       0       0       0       0
2.29373       0       0       0       0       0       0       0       0       0
      0       0       0 2.28866       0       0       0       0       0       0
      0       0       0       0       0       0       0 2.27381       0       0
      0 2.08312       0       0       0       0       0       0       0       0
      0       0       0       0       0       0 2.32116       0       0       0
      0       0       0       0 2.27526       0       0       0       0       0
      0       0 2.30621       0       0       0       0       0       0       0
      0       0       0       0       0       0 2.32116       0       0       0
      0       0       0       0       0       0 2.32068       0       0       0
2.29373       0       0       0       0       0       0       0       0       0
      0       0       0       0 2.28466       0       0       0       0       0
      0       0       0       0       0 2.40288       0       0       0       0
      0       0       0       0 2.34014       0       0       0       0       0
      0 2.14397       0       0       0       0       0       0       0       0
      0       0       0 2.28866       0       0       0       0       0       0
      0       0       0       0       0       0       0       0 2.31256       0
      0       0       0       0       0       0 2.31973       0       0       0
      0       0       0 2.28158       0       0       0       0       0       0
      0       0       0       0       0       0       0       0       0 2.26474
      0       0       0       0       0       0       0       0       0 2.29696
      0       0       0       0       0 2.31557       0       0       0       0
      0       0       0       0       0       0       0       0       0 2.29696
      0       0       0 2.26825       0       0       0       0       0       0
      0       0       0       0       0       0       0 2.27381       0       0
      0       0       0       0       0       0       0       0 2.31386       0
      0       0       0       0       0 2.40907       0       0       0       0
      0       0       0       0       0       0 2.32058       0       0       0
      0       0       0       0 2.34868       0       0       0       0       0
      0       0       0       0       0       0       0 2.27381       0       0
      0       0       0       0       0       0 2.32116       0       0       0
      0       0 2.25774       0       0       0       0       0       0       0
      0       0 2.30621       0       0       0       0       0       0       0
2.29373       0       0       0       0       0       0       0       0       0
      0       0       0       0       0       0       0       0       0 2.23955
      0       0       0       0 2.36282       0       0       0       0       0
2.29373       0       0       0       0       0       0       0       0       0
      0 2.18903       0       0       0       0       0       0       0       0
      0       0 2.26701       0       0       0       0       0       0       0
      0       0       0 2.28866       0       0       0       0       0       0
      0       0       0       0 2.22034       0       0       0       0       0
      0       0       0       0       0 2.40835       0       0       0       0
      0       0       0       0       0       0 2.28547       0       0       0
      0       0       0       0       0       0       0 2.15452       0       0
      0       0       0       0       0       0       0       0 2.31256       0
      0       0       0       0       0       0       0       0       0  2.2969
2.29395       0       0       0       0       0       0       0       0       0
      0 2.19078       0       0       0       0       0       0       0       0
      0       0 2.26359       0       0       0       0       0       0       0
      0       0       0 2.29288       0       0       0       0       0       0
      0       0       0       0       0 2.37568       0       0       0       0
      0       0       0       0       0       0 2.31938       0       0       0
2.26747       0       0       0       0       0       0       0       0       0
      0 2.18709       0       0       0       0       0       0       0       0
      0       0 2.29008       0       0       0       0       0       0       0
      0       0       0 2.27108       0       0       0       0       0       0
      0       0       0       0  2.3547       0       0       0       0       0
      0       0       0       0       0 2.35197       0       0       0       0
      0       0       0       0       0       0 2.31591       0       0       0
      0       0       0       0       0       0       0       0 2.31256       0
      0       0       0       0       0       0       0 2.27381       0       0
      0 2.18999       0       0       0       0       0       0       0       0
      0       0       0 2.28866       0       0       0       0       0       0
      0       0 2.28213       0       0       0       0       0       0       0
      0       0       0       0       0       0       0       0 2.31276       0
2.29373       0       0       0       0       0       0       0       0       0
      0       0       0       0       0       0       0 2.27381       0       0
      0       0       0       0       0 2.44255       0       0       0       0
      0       0       0       0       0       0       0       0       0 2.29696
      0       0       0       0       0       0       0       0       0 2.27397
      0       0       0       0       0       0 2.31567       0       0       0
2.27476       0       0       0       0       0       0       0       0       0
      0       0       0       0       0       0       0       0       0 2.29696
      0       0       0       0 2.35313       0       0       0       0       0
      0 2.17766       0       0       0       0       0       0       0       0
      0       0       0 2.28866       0       0       0       0       0       0
      0       0 2.31251       0       0       0       0       0       0       0
      0 2.18903       0       0       0       0       0       0       0       0
      0       0 2.30988       0       0       0       0       0       0       0
      0       0       0 2.28325       0       0       0       0       0       0
      0       0       0       0       0       0       0       0 2.31256       0
      0       0       0 2.28866       0       0       0       0       0       0
      0       0 2.30621       0       0       0       0       0       0       0
      0       0       0       0       0       0 2.32116       0       0       0
      0       0       0       0       0 2.40907       0       0       0       0
      0       0       0       0       0       0 2.32034       0       0       0
      0       0       0       0       0       0       0       0 2.35006       0
      0       0 2.28203       0       0       0       0       0       0       0
      0       0       0       0       0       0       0 2.26134       0       0
      0       0       0       0 2.34868       0       0       0       0       0
      0       0       0       0       0       0       0       0 2.30811       0
      0 2.18054       0       0       0       0       0       0       0       0
      0       0       0       0       0       0       0       0 2.31256       0
2.29373       0       0       0       0       0       0       0       0       0
      0       0       0       0       0 2.36998       0       0       0       0
      0       0       0 2.29513       0       0       0       0       0       0
      0       0       0       0       0       0       0       0       0 2.29696
      0       0       0       0 2.32143       0       0       0       0       0
      0 2.18903       0       0       0       0       0       0       0       0
      0       0       0       0       0       0       0       0       0 2.29696
      0       0 2.30621       0       0       0       0       0       0       0
      0 2.17636       0       0       0       0       0       0       0       0
      0       0       0       0       0       0       0       0       0 2.29696
      0       0       0       0       0       0 2.32116       0       0       0
      0       0       0       0       0       0       0 2.24396       0       0
      0       0       0       0       0       0       0       0       0 2.29696
2.29373       0       0       0       0       0       0       0       0       0
      0       0       0       0 2.34868       0       0       0       0       0
      0       0       0       0       0       0 2.31009       0       0       0
      0 2.18903       0       0       0       0       0       0       0       0
      0       0       0       0       0       0       0 2.27381       0       0
      0       0       0 2.28866       0       0       0       0       0       0
      0       0       0       0       0       0       0       0 2.27475       0
      0       0       0       0       0       0       0 2.27381       0       0
      0       0 2.30621       0       0       0       0       0       0       0
      0       0       0       0       0       0       0       0       0 2.27613
      0       0       0       0       0       0 2.28886       0       0       0
      0       0       0       0       0 2.39875       0       0       0       0
      0       0       0       0       0       0       0       0 2.29789       0
      0       0       0 2.28866       0       0       0       0       0       0
      0       0       0       0       0       0       0       0       0 2.29696
2.29373       0       0       0       0       0       0       0       0       0
      0       0       0       0       0 2.40927       0       0       0       0
      0       0       0       0       0       0       0 2.27381       0       0
      0 2.14517       0       0       0       0       0       0       0       0
      0       0       0       0       0       0 2.31355       0       0       0
      0 2.18903       0       0       0       0       0       0       0       0
2.29373       0       0       0       0       0       0       0       0       0
      0       0       0       0       0       0       0       0       0 2.29696
      0       0       0 2.27581       0       0       0       0       0       0
      0       0       0 2.28866       0       0       0       0       0       0
      0       0       0       0 2.35048       0       0       0       0       0
      0       0       0       0 2.32134       0       0       0       0       0
2.29373       0       0       0       0       0       0       0       0       0
      0       0       0       0       0       0 2.25741       0       0       0
      0       0 2.29026       0       0       0       0       0       0       0
      0       0       0       0       0 2.40477       0       0       0       0
      0       0       0       0 2.34841       0       0       0       0       0
      0       0 2.30623       0       0       0       0       0       0       0
      0       0       0 2.30242       0       0       0       0       0       0
      0       0       0       0 2.36843       0       0       0       0       0
      0       0       0       0       0       0  2.2954       0       0       0
2.29373       0       0       0       0       0       0       0       0       0
2.28759       0       0       0       0       0       0       0       0       0
      0       0 2.30343       0       0       0       0       0       0       0
2.20613       0       0       0       0       0       0       0       0       0
      0 2.18903       0       0       0       0       0       0       0       0
      0       0       0       0 2.28218       0       0       0       0       0
      0       0       0       0       0 2.40907       0       0       0       0
      0       0       0       0       0       0 2.32116       0       0       0
      0       0       0       0       0       0       0 2.27381       0       0
      0       0       0       0       0       0       0       0 2.31256       0
      0       0       0       0       0       0       0       0       0 2.24496
2.28449       0       0       0       0       0       0       0       0       0
      0 2.19046       0       0       0       0       0       0       0       0
      0       0 2.30463       0       0       0       0       0       0       0
      0       0       0 2.32547       0       0       0       0       0       0
      0       0       0       0 2.14976       0       0       0       0       0
      0       0       0       0       0 2.41649       0       0       0       0
      0       0       0       0       0       0 2.32056       0       0       0
      0       0       0       0       0       0       0 2.26933       0       0
      0       0       0       0       0       0       0       0 2.30518       0
2.29248       0       0       0       0       0       0       0       0       0
      0 2.18903       0       0       0       0       0       0       0       0
      0       0 2.30621       0       0       0       0       0       0       0
      0       0       0 2.25519       0       0       0       0       0       0
      0       0       0       0 2.34868       0       0       0       0       0
      0       0       0       0       0 2.38519       0       0       0       0
      0       0       0       0       0       0 2.32116       0       0       0
      0       0       0       0       0       0       0 2.27381       0       0
      0       0       0       0       0       0       0       0 2.31256       0
      0       0       0       0       0       0       0       0       0 2.27574
      0       0       0       0       0       0       0       0 2.31256       0
      0       0       0       0       0       0       0 2.27381       0       0
      0 2.17814       0       0       0       0       0       0       0       0
      0       0       0 2.28866       0       0       0       0       0       0
      0       0       0       0       0       0       0 2.27381       0       0
      0       0       0       0       0 2.41251       0       0       0       0
      0       0 2.30621       0       0       0       0       0       0       0
      0       0       0       0       0       0       0       0 2.31256       0
2.29373       0       0       0       0       0       0       0       0       0
      0       0       0       0       0       0       0 2.27381       0       0
      0       0       0       0       0 2.40907       0       0       0       0
      0       0       0       0       0       0       0       0       0 2.28687
      0       0       0       0       0       0       0       0       0 2.29797
2.29307       0       0       0       0       0       0       0       0       0
      0       0       0       0       0       0       0       0       0 2.30089
      0 2.10836       0       0       0       0       0       0       0       0
      0 2.16276       0       0       0       0       0       0       0       0
      0       0       0       0       0   2.413       0       0       0       0
      0       0       0       0       0       0       0       0 2.31378       0
      0       0       0       0       0       0       0       0 2.31256       0
      0       0       0       0       0       0 2.31857       0       0       0
      0       0       0 2.28866       0       0       0       0       0       0
      0       0 2.30621       0       0       0       0       0       0       0
      0 2.17571       0       0       0       0       0       0       0       0
      0       0       0       0       0       0       0       0 2.31256       0
      0       0       0 2.28866       0       0       0       0       0       0
      0       0 2.25963       0       0       0       0       0       0       0
      0       0       0       0       0       0 2.32116       0       0       0
      0       0       0       0       0 2.37159       0       0       0       0
      0       0       0       0       0       0 2.32116       0       0       0
      0       0       0       0       0       0       0  2.1941       0       0
      0       0       0       0 2.34868       0       0       0       0       0
      0 2.17181       0       0       0       0       0       0       0       0
2.29373       0       0       0       0       0       0       0       0       0
      0       0       0       0       0 2.41037       0       0       0       0
      0       0       0 2.28866       0       0       0       0       0       0
      0 2.13578       0       0       0       0       0       0       0       0
      0       0       0       0       0       0       0       0       0  2.2887
      0       0 2.30621       0       0       0       0       0       0       0
      0 2.15114       0       0       0       0       0       0       0       0
      0       0       0       0       0       0       0       0       0 2.29696
      0       0       0       0       0       0 2.32116       0       0       0
2.29227       0       0       0       0       0       0       0       0       0
      0       0       0       0 2.34868       0       0       0       0       0
      0       0       0       0       0       0 2.30678       0       0       0
      0 2.17302       0       0       0       0       0       0       0       0
      0       0       0       0       0       0       0 2.27381       0       0
      0       0       0 2.28633       0       0       0       0       0       0
      0       0       0       0       0       0       0       0 2.32932       0
      0       0       0       0       0       0       0 2.27191       0       0
      0       0 2.30088       0       0       0       0       0       0       0
      0       0       0       0       0       0       0       0       0  2.2842
      0       0       0       0       0       0 2.31977       0       0       0
      0       0       0       0       0 2.35111       0       0       0       0
      0       0       0       0       0       0       0       0 2.31256       0
      0       0       0 2.30218       0       0       0       0       0       0
      0       0       0       0       0 2.44418       0       0       0       0
      0       0       0       0       0       0       0  2.2787       0       0
      0 2.18807       0       0       0       0       0       0       0       0
      0       0       0       0       0       0 2.27503       0       0       0
      0 2.18903       0       0       0       0       0       0       0       0
2.29373       0       0       0       0       0       0       0       0       0
      0       0       0       0       0       0       0       0       0 2.29696
      0       0       0       0       0       0 2.37188       0       0       0
      0       0 2.27101       0       0       0       0       0       0       0
      0       0       0       0       0 2.35849       0       0       0       0
      0       0       0       0 2.34868       0       0       0       0       0
      0       0 2.30621       0       0       0       0       0       0       0
      0       0       0 2.28866       0       0       0       0       0       0
      0       0       0       0  2.3486       0       0       0       0       0
      0       0       0       0 2.35825       0       0       0       0       0
      0       0       0       0       0       0 2.32116       0       0       0
2.29373       0       0       0       0       0       0       0       0       0
2.29373       0       0       0       0       0       0       0       0       0
      0       0 2.01495       0       0       0       0       0       0       0
2.29373       0       0       0       0       0       0       0       0       0
      0 2.18012       0       0       0       0       0       0       0       0
      0       0 2.30621       0       0       0       0       0       0       0
      0       0       0 2.28866       0       0       0       0       0       0
      0       0       0       0 2.34868       0       0       0       0       0
      0       0       0       0       0 2.40907       0       0       0       0
      0       0       0       0       0       0 2.32116       0       0       0
      0       0       0       0       0       0       0 2.16466       0       0
      0       0       0       0       0       0       0       0 2.31256       0
      0       0       0       0       0       0       0       0       0 2.30018
2.29373       0       0       0       0       0       0       0       0       0
      0 2.18903       0       0       0       0       0       0       0       0
      0       0 2.30621       0       0       0       0       0       0       0
      0       0       0 2.28866       0       0       0       0       0       0
      0       0       0       0 2.34868       0       0       0       0       0
      0       0       0       0       0 2.40907       0       0       0       0
      0       0       0       0       0       0 2.32116       0       0       0
      0       0       0       0       0       0       0 2.27387       0       0
      0       0       0       0       0       0       0       0 2.31256       0
      0       0       0       0       0       0       0       0       0 2.29872
2.29373       0       0       0       0       0       0       0       0       0
      0 2.10643       0       0       0       0       0       0       0       0
      0       0 2.30621       0       0       0       0       0       0       0
      0       0       0 2.28866       0       0       0       0       0       0
      0       0       0       0 2.34542       0       0       0       0       0
      0       0       0       0       0 2.40907       0       0       0       0
      0       0       0       0       0       0 2.32116       0       0       0
      0       0       0       0       0       0       0   2.176       0       0
      0       0       0       0       0       0       0       0 2.31256       0
      0       0       0       0       0       0       0       0       0 2.30121
      0       0       0       0       0       0       0       0  2.3041       0
      0       0       0       0       0       0 2.32116       0       0       0
      0       0       0       0       0 2.40907       0       0       0       0
2.29373       0       0       0       0       0       0       0       0       0
      0       0       0       0       0       0 2.32116       0       0       0
      0       0       0       0       0       0       0       0 2.31256       0
      0       0       0       0       0       0       0       0       0 2.29934
      0       0       0       0 2.34446       0       0       0       0       0
      0 2.09216       0       0       0       0       0       0       0       0
      0       0       0       0       0       0       0       0       0 2.29696
      0       0       0       0       0 2.40907       0       0       0       0
      0       0       0 2.28866       0       0       0       0       0       0
2.29373       0       0       0       0       0       0       0       0       0
      0       0       0       0 2.28141       0       0       0       0       0
      0       0       0       0       0       0       0       0 2.31256       0
      0       0       0       0       0       0       0       0       0 2.29795
      0 2.16353       0       0       0       0       0       0       0       0
      0       0       0       0   2.352       0       0       0       0       0
2.29373       0       0       0       0       0       0       0       0       0
      0       0       0       0       0 2.40907       0       0       0       0
      0       0       0       0       0 2.40907       0       0       0       0
      0       0 2.30621       0       0       0       0       0       0       0
      0 2.14284       0       0       0       0       0       0       0       0
      0       0       0       0       0 2.40907       0       0       0       0
      0       0       0       0 2.35235       0       0       0       0       0
2.29373       0       0       0       0       0       0       0       0       0
      0       0       0       0       0       0       0 2.27983       0       0
      0       0       0       0       0       0 2.31262       0       0       0
2.29373       0       0       0       0       0       0       0       0       0
      0  2.1445       0       0       0       0       0       0       0       0
      0       0       0       0       0       0       0 2.20558       0       0
2.29373       0       0       0       0       0       0       0       0       0
      0       0       0       0       0       0 2.31653       0       0       0
      0       0       0       0       0       0       0       0 2.31256       0
      0       0       0       0       0       0       0       0       0 2.29667
      0       0       0       0       0 2.40907       0       0       0       0
      0 2.07631       0       0       0       0       0       0       0       0
      0       0       0       0       0       0       0 2.23912       0       0
      0       0       0       0       0       0       0       0       0  2.2967
      0       0       0       0       0       0       0       0 2.31256       0
      0       0       0       0       0       0 2.29381       0       0       0
2.29373       0       0       0       0       0       0       0       0       0
      0       0       0       0       0       0       0       0 2.31595       0
      0   2.067       0       0       0       0       0       0       0       0
      0       0       0       0       0       0       0 2.24818       0       0
      0       0       0       0       0       0       0 2.28171       0       0
      0  2.1855       0       0       0       0       0       0       0       0
      0       0       0 2.28995       0       0       0       0       0       0
      0       0 2.29278       0       0       0       0       0       0       0
      0       0       0 2.28866       0       0       0       0       0       0
      0 2.14943       0       0       0       0       0       0       0       0
      0       0       0       0 2.30125       0       0       0       0       0
      0       0 2.31064       0       0       0       0       0       0       0
2.29373       0       0       0       0       0       0       0       0       0
2.29373       0       0       0       0       0       0       0       0       0
      0       0       0       0       0       0       0 2.27359       0       0
      0       0       0       0       0       0       0       0 2.31256       0
      0       0       0       0 2.34777       0       0       0       0       0
      0       0       0       0       0       0 2.31378       0       0       0
      0       0       0       0 2.34339       0       0       0       0       0
      0       0       0       0       0       0       0       0       0 2.29971
      0       0       0 2.27878       0       0       0       0       0       0
      0       0       0       0       0       0       0       0 2.31256       0
      0       0       0       0 2.34868       0       0       0       0       0
      0       0       0       0       0       0       0 2.36355       0       0
      0       0 2.29512       0       0       0       0       0       0       0
      0       0       0       0       0 2.40907       0       0       0       0
      0       0       0       0       0       0  2.2951       0       0       0
      0       0       0 2.28823       0       0       0       0       0       0
      0       0       0       0       0       0 2.30152       0       0       0
      0       0       0       0       0       0       0       0       0 2.28166
      0       0       0       0       0       0 2.31987       0       0       0
      0       0       0 2.28866       0       0       0       0       0       0
      0       0 2.30621       0       0       0       0       0       0       0
      0       0  2.2135       0       0       0       0       0       0       0
      0       0       0       0 2.41382       0       0       0       0       0
      0       0       0       0       0       0 2.31589       0       0       0
      0       0       0       0       0       0       0       0       0 2.23856
2.29373       0       0       0       0       0       0       0       0       0
      0       0 2.29637       0       0       0       0       0       0       0
      0       0       0       0       0 2.40907       0       0       0       0
      0       0       0       0       0 2.40907       0       0       0       0
      0 2.18903       0       0       0       0       0       0       0       0
      0       0       0 2.26113       0       0       0       0       0       0
      0       0       0 2.29255       0       0       0       0       0       0
      0       0       0       0       0       0       0       0       0 2.29921
      0       0       0       0       0       0       0 2.23684       0       0
      0       0       0       0       0       0       0       0 2.31256       0
      0       0       0       0       0       0       0 2.01617       0       0
      0       0 2.30621       0       0       0       0       0       0       0
      0       0 2.30621       0       0       0       0       0       0       0
      0       0       0       0       0 2.40907       0       0       0       0
      0       0       0       0       0       0       0 2.20261       0       0
      0       0       0       0       0       0       0       0       0 2.29696
      0       0       0       0       0       0       0       0 2.31256       0
      0       0 2.30621       0       0       0       0       0       0       0
      0 2.18112       0       0       0       0       0       0       0       0
      0       0       0 2.26981       0       0       0       0       0       0
      0 2.14208       0       0       0       0       0       0       0       0
      0       0       0 2.28506       0       0       0       0       0       0
2.29373       0       0       0       0       0       0       0       0       0
      0 2.18903       0       0       0       0       0       0       0       0
      0       0 2.30621       0       0       0       0       0       0       0
      0       0       0 2.28866       0       0       0       0       0       0
      0       0       0       0 2.32693       0       0       0       0       0
      0       0       0       0       0 2.40907       0       0       0       0
      0       0       0       0       0       0 2.32059       0       0       0
      0       0       0       0       0       0       0 2.27381       0       0
      0       0       0       0       0       0       0       0 2.31256       0
      0       0       0       0       0       0       0       0       0 2.29696
2.29373       0       0       0       0       0       0       0       0       0
      0 2.18903       0       0       0       0       0       0       0       0
      0       0 2.30621       0       0       0       0       0       0       0
      0       0       0 2.28866       0       0       0       0       0       0
      0       0       0       0 2.34868       0       0       0       0       0
      0       0       0       0       0 2.40907       0       0       0       0
      0       0       0       0       0       0 2.32116       0       0       0
      0       0       0       0       0       0       0 2.27381       0       0
      0       0       0       0       0       0       0       0 2.31256       0
      0       0       0       0       0       0       0       0       0 2.29696
2.29373       0       0       0       0       0       0       0       0       0
      0 2.18903       0       0       0       0       0       0       0       0
      0       0 2.30621       0       0       0       0       0       0       0
      0       0       0 2.28866       0       0       0       0       0       0
      0       0       0       0 2.30712       0       0       0       0       0
      0       0       0       0       0 2.40907       0       0       0       0
      0       0       0       0       0       0 2.32116       0       0       0
      0       0       0       0       0       0       0 2.27381       0       0
      0       0       0       0       0       0       0       0 2.31256       0
      0       0       0       0       0       0       0       0       0 2.29696
      0 2.18903       0       0       0       0       0       0       0       0
      0       0 2.30621       0       0       0       0       0       0       0
      0       0       0       0       0       0 2.32116       0       0       0
      0       0       0       0       0 2.40907       0       0       0       0
      0       0       0 2.28866       0       0       0       0       0       0
2.29373       0       0       0       0       0       0       0       0       0
      0       0       0       0       0       0       0 2.27381       0       0
2.29373       0       0       0       0       0       0       0       0       0
      0       0       0       0 2.30182       0       0       0       0       0
      0 2.18903       0       0       0       0       0       0       0       0
      0       0       0       0 2.34868       0       0       0       0       0
      0       0       0 2.28866       0       0       0       0       0       0
      0       0       0       0       0       0 2.32116       0       0       0
      0       0       0       0       0       0       0 2.27381       0       0
      0       0 2.30621       0       0       0       0       0       0       0
      0       0       0 2.28866       0       0       0       0       0       0
      0 2.18903       0       0       0       0       0       0       0       0
      0       0 2.32375       0       0       0       0       0       0       0
      0 2.18903       0       0       0       0       0       0       0       0
      0       0 2.30621       0       0       0       0       0       0       0
      0       0       0       0       0       0       0       0       0 2.29696
      0       0       0       0       0       0 2.32116       0       0       0
2.29373       0       0       0       0       0       0       0       0       0
      0 2.18903       0       0       0       0       0       0       0       0
      0       0       0 2.28866       0       0       0       0       0       0
2.29373       0       0       0       0       0       0       0       0       0
      0       0 2.30621       0       0       0       0       0       0       0
      0       0       0       0       0       0       0 2.27381       0       0
      0       0       0       0       0 2.40815       0       0       0       0
      0       0       0       0       0       0       0 2.27381       0       0
      0       0       0       0       0       0 2.32116       0       0       0
      0       0 2.30621       0       0       0       0       0       0       0
      0       0       0       0       0       0       0       0       0 2.29696
      0 2.17563       0       0       0       0       0       0       0       0
      0       0       0       0       0       0       0       0       0 2.29696
2.29373       0       0       0       0       0       0       0       0       0
      0       0       0       0       0       0 2.32116       0       0       0
2.29373       0       0       0       0       0       0       0       0       0
      0       0       0       0       0       0 2.32116       0       0       0
2.29373       0       0       0       0       0       0       0       0       0
      0       0 2.30621       0       0       0       0       0       0       0
2.29373       0       0       0       0       0       0       0       0       0
      0       0       0       0       0       0 2.32116       0       0       0
      0 2.18942       0       0       0       0       0       0       0       0
      0       0       0       0       0 2.25746       0       0       0       0
      0       0       0       0       0       0       0       0 2.31256       0
      0       0       0       0 2.34286       0       0       0       0       0
      0       0       0 2.28866       0       0       0       0       0       0
2.29373       0       0       0       0       0       0       0       0       0
      0 2.16512       0       0       0       0       0       0       0       0
      0       0       0       0       0 2.29954       0       0       0       0
      0       0       0       0 2.34868       0       0       0       0       0
      0       0       0       0 2.34868       0       0       0       0       0
      0       0       0       0       0       0       0       0 2.31256       0
      0       0       0       0       0 2.40907       0       0       0       0
      0       0       0       0       0       0       0 2.27381       0       0
      0       0       0       0       0 2.30302       0       0       0       0
      0       0       0       0       0       0       0 2.27381       0       0
      0       0       0       0       0       0       0       0 2.31256       0
      0       0       0 2.28866       0       0       0       0       0       0
      0       0       0       0 2.34868       0       0       0       0       0
      0       0       0       0       0       0       0       0 2.31256       0
      0       0       0       0       0       0       0       0 2.31256       0
      0       0       0       0       0 2.40907       0       0       0       0
      0       0 2.30621       0       0       0       0       0       0       0
      0       0       0       0       0       0       0       0       0 2.29696
      0       0       0       0       0       0       0 2.27381       0       0
      0 2.18903       0       0       0       0       0       0       0       0
      0       0       0 2.28866       0       0       0       0       0       0
      0       0       0       0       0       0       0       0 2.31256       0
      0 2.18903       0       0       0       0       0       0       0       0
2.29373       0       0       0       0       0       0       0       0       0
      0       0       0       0       0       0       0 2.27381       0       0
      0       0       0       0       0 2.40907       0       0       0       0
      0       0       0       0       0       0       0       0       0 2.29696
      0       0       0       0       0       0 2.32116       0       0       0
      0       0       0       0       0       0       0       0       0 2.29696
      0       0       0       0 2.34868       0       0       0       0       0
      0       0       0       0       0       0       0 2.26662       0       0
      0       0       0       0       0       0       0 2.27381       0       0
      0       0       0       0       0       0       0       0       0 2.29696
      0       0       0       0       0       0       0       0       0 2.29696
      0       0       0 2.28866       0       0       0       0       0       0
      0       0       0       0 2.34868       0       0       0       0       0
      0       0       0       0 2.24403       0       0       0       0       0
      0       0       0 2.28866       0       0       0       0       0       0
      0       0       0       0       0       0       0       0 2.31256       0
      0       0       0       0       0       0 2.32116       0       0       0
      0       0 2.30621       0       0       0       0       0       0       0
2.29373       0       0       0       0       0       0       0       0       0
      0 2.18903       0       0       0       0       0       0       0       0
      0       0 2.30621       0       0       0       0       0       0       0
      0       0       0 2.28866       0       0       0       0       0       0
      0       0       0       0 2.33966       0       0       0       0       0
      0       0       0       0       0 2.40907       0       0       0       0
      0       0       0       0       0       0 2.32116       0       0       0
      0       0       0       0       0       0       0 2.27381       0       0
      0       0       0       0       0       0       0       0 2.31256       0
      0       0       0       0       0       0       0       0       0 2.29265
2.29373       0       0       0       0       0       0       0       0       0
      0 2.18903       0       0       0       0       0       0       0       0
      0       0 2.30621       0       0       0       0       0       0       0
      0       0       0 2.28866       0       0       0       0       0       0
      0       0       0       0 2.33547       0       0       0       0       0
      0       0       0       0       0 2.40907       0       0       0       0
      0       0       0       0       0       0 2.32116       0       0       0
      0       0       0       0       0       0       0 2.24186       0       0
      0       0       0       0       0       0       0       0 2.31256       0
      0       0       0       0       0       0       0       0       0 2.29331
2.29373       0       0       0       0       0       0       0       0       0
      0 2.19197       0       0       0       0       0       0       0       0
      0       0 2.30621       0       0       0       0       0       0       0
      0       0       0 2.28866       0       0       0       0       0       0
      0       0       0       0  2.3131       0       0       0       0       0
      0       0       0       0       0 2.40907       0       0       0       0
      0       0       0       0       0       0 2.32116       0       0       0
      0       0       0       0       0       0       0 2.27381       0       0
      0       0       0       0       0       0       0       0 2.30797       0
      0       0       0       0       0       0       0       0       0 2.29041
2.29373       0       0       0       0       0       0       0       0       0
      0       0       0       0       0       0       0       0 2.31256       0
      0       0       0 2.28866       0       0       0       0       0       0
      0       0       0       0       0       0       0       0       0 2.29411
      0       0       0       0       0 2.39951       0       0       0       0
      0       0       0       0       0 2.40907       0       0       0       0
      0       0 2.28304       0       0       0       0       0       0       0
      0       0       0       0       0       0 2.34053       0       0       0
      0       0       0       0       0       0       0       0 2.31256       0
      0       0       0       0 2.34878       0       0       0       0       0
      0       0       0       0       0       0       0       0       0 2.29696
      0 2.18903       0       0       0       0       0       0       0       0
      0       0       0       0       0       0       0 2.27381       0       0
      0 2.16876       0       0       0       0       0       0       0       0
      0       0 2.30621       0       0       0       0       0       0       0
      0       0       0 2.28866       0       0       0       0       0       0
      0       0       0       0       0 2.40907       0       0       0       0
      0       0       0       0       0       0       0       0       0 2.29696
      0       0       0       0       0       0 2.32116       0       0       0
      0       0       0       0       0       0       0       0       0 2.29696
      0 2.18903       0       0       0       0       0       0       0       0
      0 2.19003       0       0       0       0       0       0       0       0
      0 2.18914       0       0       0       0       0       0       0       0
      0       0 2.30621       0       0       0       0       0       0       0
      0       0       0       0       0       0       0       0       0  2.2961
      0       0       0       0       0 2.38136       0       0       0       0
      0       0       0       0       0       0 2.32116       0       0       0
      0       0       0       0       0       0       0       0 2.31256       0
      0 2.19001       0       0       0       0       0       0       0       0
      0       0 2.30621       0       0       0       0       0       0       0
2.29373       0       0       0       0       0       0       0       0       0
      0       0       0       0       0       0       0 2.27381       0       0
      0       0       0       0       0       0       0 2.27288       0       0
      0       0       0       0       0 2.40907       0       0       0       0
      0       0       0       0       0       0       0       0 2.31256       0
      0       0 2.30621       0       0       0       0       0       0       0
      0       0       0       0       0       0       0       0       0 2.29696
      0       0       0       0       0       0       0       0 2.31256       0
      0       0       0       0       0       0       0       0       0 2.29696
2.29373       0       0       0       0       0       0       0       0       0
      0       0       0       0 2.23929       0       0       0       0       0
      0       0       0       0       0       0 2.30931       0       0       0
      0       0       0       0       0       0       0 2.26752       0       0
      0 2.19344       0       0       0       0       0       0       0       0
      0       0       0 2.20726       0       0       0       0       0       0
      0       0       0       0 2.34868       0       0       0       0       0
      0       0       0       0       0 2.40907       0       0       0       0
      0       0       0       0       0       0 2.28998       0       0       0
2.29373       0       0       0       0       0       0       0       0       0
      0       0       0 2.28866       0       0       0       0       0       0
      0       0       0       0       0       0  2.3215       0       0       0
      0       0       0       0       0       0       0       0 2.31256       0
      0       0       0       0       0       0       0 2.27381       0       0
2.29373       0       0       0       0       0       0       0       0       0
      0       0       0       0 2.35158       0       0       0       0       0
      0       0 2.30621       0       0       0       0       0       0       0
      0       0       0       0       0       0       0 2.27381       0       0
      0       0       0       0 2.32318       0       0       0       0       0
      0       0       0       0       0       0       0 2.27381       0       0
      0       0       0       0       0 2.40907       0       0       0       0
      0       0       0       0 2.34868       0       0       0       0       0
      0       0       0 2.28866       0       0       0       0       0       0
      0       0       0       0 2.36146       0       0       0       0       0
      0       0 2.26822       0       0       0       0       0       0       0
      0       0       0       0       0       0       0       0 2.31256       0
      0 2.18232       0       0       0       0       0       0       0       0
      0       0       0       0       0  2.3469       0       0       0       0
      0 2.18939       0       0       0       0       0       0       0       0
      0       0 2.29689       0       0       0       0       0       0       0
2.29373       0       0       0       0       0       0       0       0       0
      0       0 2.30621       0       0       0       0       0       0       0
      0       0       0       0       0 2.40907       0       0       0       0
      0       0       0       0       0       0 2.32116       0       0       0
      0       0       0       0 2.30444       0       0       0       0       0
      0       0       0 2.28866       0       0       0       0       0       0
2.29373       0       0       0       0       0       0       0       0       0
2.29373       0       0       0       0       0       0       0       0       0
2.29373       0       0       0       0       0       0       0       0       0
      0       0       0 2.28866       0       0       0       0       0       0
      0       0       0 2.28866       0       0       0       0       0       0
      0       0       0       0       0 2.35702       0       0       0       0
      0       0       0       0       0       0       0  2.2608       0       0
2.29373       0       0       0       0       0       0       0       0       0
      0       0       0       0       0       0 2.28188       0       0       0
      0       0       0       0 2.34868       0       0       0       0       0
      0       0       0       0       0       0       0       0 2.31256       0
      0       0       0       0       0       0       0       0 2.31256       0
      0       0       0       0       0       0 2.32116       0       0       0
      0       0       0 2.29703       0       0       0       0       0       0
      0       0       0       0 2.32979       0       0       0       0       0
      0       0       0       0       0       0 2.32116       0       0       0
      0       0       0       0       0       0       0       0       0 2.29696
      0       0       0       0       0       0       0       0       0 2.29696
      0       0       0       0       0       0       0       0 2.32803       0
      0       0 2.27235       0       0       0       0       0       0       0
      0       0       0       0       0       0       0 2.27381       0       0
      0       0       0       0       0       0       0 2.27381       0       0
      0 2.18903       0       0       0       0       0       0       0       0
2.29373       0       0       0       0       0       0       0       0       0
      0 2.18903       0       0       0       0       0       0       0       0
      0       0 2.30621       0       0       0       0       0       0       0
      0       0       0 2.29929       0       0       0       0       0       0
      0       0       0       0 2.23326       0       0       0       0       0
      0       0       0       0       0 2.40907       0       0       0       0
      0       0       0       0       0       0 2.32116       0       0       0
      0       0       0       0       0       0       0 2.27381       0       0
      0       0       0       0       0       0       0       0 2.31256       0
      0       0       0       0       0       0       0       0       0 2.29696
2.29373       0       0       0       0       0       0       0       0       0
      0 2.18903       0       0       0       0       0       0       0       0
      0       0 2.30621       0       0       0       0       0       0       0
      0       0       0 2.28866       0       0       0       0       0       0
      0       0       0       0 2.27515       0       0       0       0       0
      0       0       0       0       0 2.36844       0       0       0       0
      0       0       0       0       0       0 2.32116       0       0       0
      0       0       0       0       0       0       0 2.27718       0       0
      0       0       0       0       0       0       0       0 2.31256       0
2.29373       0       0       0       0       0       0       0       0       0
      0 2.19232       0       0       0       0       0       0       0       0
      0       0 2.30621       0       0       0       0       0       0       0
      0       0       0 2.28866       0       0       0       0       0       0
      0       0       0       0 2.34868       0       0       0       0       0
      0       0       0       0       0 2.40907       0       0       0       0
      0       0       0       0       0       0 2.31857       0       0       0
      0       0       0       0       0       0       0 2.26597       0       0
      0       0       0       0       0       0       0       0 2.31256       0
      0       0 2.30621       0       0       0       0       0       0       0
      0  2.2181       0       0       0       0       0       0       0       0
      0       0       0       0       0       0       0 2.25069       0       0
      0       0 2.30621       0       0       0       0       0       0       0
      0       0       0       0       0 2.40907       0       0       0       0
2.29373       0       0       0       0       0       0       0       0       0
      0       0       0       0       0       0       0       0 2.31256       0
2.29373       0       0       0       0       0       0       0       0       0
      0       0 2.30604       0       0       0       0       0       0       0
      0       0       0       0       0       0       0 2.26996       0       0
      0       0       0       0       0       0       0       0 2.31697       0
      0       0       0       0       0       0       0       0 2.31256       0
      0       0       0 2.28866       0       0       0       0       0       0
      0       0       0       0       0       0 2.30824       0       0       0
 2.2856       0       0       0       0       0       0       0       0       0
      0       0 2.30541       0       0       0       0       0       0       0
      0       0       0       0       0       0       0 2.27381       0       0
      0       0       0       0       0       0 2.32116       0       0       0
      0       0       0       0       0       0 2.32116       0       0       0
      0 2.18867       0       0       0       0       0       0       0       0
      0       0 2.30621       0       0       0       0       0       0       0
      0       0       0       0       0       0       0       0 2.31256       0
      0       0       0       0       0       0       0       0 2.31999       0
      0       0       0       0       0       0       0 2.24799       0       0
      0       0       0       0       0       0       0 2.27257       0       0
      0       0       0       0 2.34887       0       0       0       0       0
      0       0       0       0       0       0       0 2.27381       0       0
      0       0       0       0       0       0       0 2.16896       0       0
      0       0       0 2.28866       0       0       0       0       0       0
      0       0       0       0       0       0       0 2.17867       0       0
      0       0       0       0 2.29482       0       0       0       0       0
      0       0       0       0       0 2.28657       0       0       0       0
      0       0       0       0 2.31648       0       0       0       0       0
      0       0       0 2.28866       0       0       0       0       0       0
      0       0       0 2.28866       0       0       0       0       0       0
      0       0       0       0       0       0       0       0 2.31256       0
      0       0       0       0 2.09945       0       0       0       0       0
      0 2.18903       0       0       0       0       0       0       0       0
      0 2.18903       0       0       0       0       0       0       0       0
      0       0       0       0       0       0       0       0       0 2.29703
      0       0       0       0       0       0       0 2.18341       0       0
      0       0       0       0 2.19069       0       0       0       0       0
      0       0       0 2.24094       0       0       0       0       0       0
      0       0       0       0       0       0       0 2.26292       0       0
      0       0       0 2.28866       0       0       0       0       0       0
      0       0       0 2.28866       0       0       0       0       0       0
2.29373       0       0       0       0       0       0       0       0       0
      0       0 2.30621       0       0       0       0       0       0       0
      0       0       0       0       0 2.40907       0       0       0       0
      0       0       0       0       0 2.40907       0       0       0       0
      0       0       0       0       0       0 2.32116       0       0       0
      0       0       0       0       0       0 2.30689       0       0       0
      0       0       0 2.28866       0       0       0       0       0       0
      0       0       0       0       0 2.40907       0       0       0       0
      0       0 2.30355       0       0       0       0       0       0       0
      0       0       0       0       0 2.40907       0       0       0       0
      0       0       0       0       0       0       0       0       0 2.24523
      0       0       0       0       0       0       0       0       0 2.29696
      0       0       0       0       0       0       0       0 2.31256       0
      0       0       0       0 2.32368       0       0       0       0       0
      0 2.16989       0       0       0       0       0       0       0       0
2.29373       0       0       0       0       0       0       0       0       0
      0       0       0       0       0       0 2.32116       0       0       0
2.35091       0       0       0       0       0       0       0       0       0
      0       0       0       0       0       0       0       0       0 2.28935
      0       0       0       0       0       0 2.32116       0       0       0
      0       0       0       0       0       0       0       0 2.31416       0
      0       0       0       0       0       0       0       0  2.3135       0
      0       0       0       0       0 2.40907       0       0       0       0
      0       0       0       0       0       0 2.31894       0       0       0
      0  2.1835       0       0       0       0       0       0       0       0
      0 2.17354       0       0       0       0       0       0       0       0
      0       0       0       0       0       0       0       0       0 2.29696
      0       0       0       0       0       0       0       0 2.31256       0
      0       0       0       0       0       0       0       0       0 2.28206
      0       0 2.23863       0       0       0       0       0       0       0
      0       0       0 2.28866       0       0       0       0       0       0
      0       0       0       0       0 2.40907       0       0       0       0
      0       0       0       0       0 2.38512       0       0       0       0
      0       0       0       0       0       0       0       0       0  2.2961
      0       0       0       0 2.34124       0       0       0       0       0
      0       0 2.26627       0       0       0       0       0       0       0
      0  2.1877       0       0       0       0       0       0       0       0
      0       0       0       0       0       0       0       0       0 2.25189
      0       0       0 2.28866       0       0       0       0       0       0
      0       0       0       0       0       0       0       0       0 2.29696
      0       0 2.30621       0       0       0       0       0       0       0
2.29373       0       0       0       0       0       0       0       0       0
      0       0       0       0       0       0 2.32116       0       0       0
2.29252       0       0       0       0       0       0       0       0       0
      0       0       0       0 2.34868       0       0       0       0       0
2.29373       0       0       0       0       0       0       0       0       0
2.29373       0       0       0       0       0       0       0       0       0
      0 2.18903       0       0       0       0       0       0       0       0
      0       0 2.30621       0       0       0       0       0       0       0
      0       0       0 2.28866       0       0       0       0       0       0
      0       0       0       0  2.3474       0       0       0       0       0
      0       0       0       0       0       0       0 2.27381       0       0
      0       0       0       0       0       0       0       0 2.31256       0
      0       0       0       0       0       0       0       0       0 2.29696
2.29373       0       0       0       0       0       0       0       0       0
      0 2.18622       0       0       0       0       0       0       0       0
      0       0 2.30621       0       0       0       0       0       0       0
      0       0       0 2.28866       0       0       0       0       0       0
      0       0       0       0       0       0       0 2.27367       0       0
      0       0       0       0       0       0       0       0 2.31256       0
      0       0       0       0       0       0       0       0       0 2.29696
2.29373       0       0       0       0       0       0       0       0       0
      0 2.17155       0       0       0       0       0       0       0       0
      0       0 2.30677       0       0       0       0       0       0       0
      0       0       0 2.27004       0       0       0       0       0       0
      0       0       0       0 2.32574       0       0       0       0       0
      0       0       0       0       0       0       0 2.27381       0       0
      0       0       0       0       0       0       0       0 2.31256       0
      0       0       0       0       0       0       0       0       0 2.29696
      0       0       0       0       0       0       0 2.27229       0       0
      0       0       0 2.28866       0       0       0       0       0       0
2.29373       0       0       0       0       0       0       0       0       0
      0       0       0 2.28866       0       0       0       0       0       0
      0 2.18955       0       0       0       0       0       0       0       0
      0       0       0       0       0       0       0       0 2.30663       0
      0       0       0       0       0       0       0 2.26381       0       0
      0       0       0       0       0       0 2.32116       0       0       0
      0       0       0       0 2.34868       0       0       0       0       0
2.29373       0       0       0       0       0       0       0       0       0
      0       0 2.30621       0       0       0       0       0       0       0
      0       0       0       0       0       0 2.32112       0       0       0
      0       0       0       0       0       0       0       0 2.31256       0
      0       0       0 2.28866       0       0       0       0       0       0
      0       0 2.30621       0       0       0       0       0       0       0
      0       0       0       0       0       0       0       0 2.31256       0
      0 2.16212       0       0       0       0       0       0       0       0
      0       0 2.30621       0       0       0       0       0       0       0
2.29248       0       0       0       0       0       0       0       0       0
      0       0       0       0       0       0       0 2.25363       0       0
      0  2.1778       0       0       0       0       0       0       0       0
2.29373       0       0       0       0       0       0       0       0       0
      0       0       0       0 2.33226       0       0       0       0       0
      0       0       0       0 2.22294       0       0       0       0       0
      0       0       0       0       0 2.32449       0       0       0       0
      0       0       0       0       0       0       0       0 2.31256       0
2.29373       0       0       0       0       0       0       0       0       0
      0       0       0       0       0       0 2.32116       0       0       0
      0       0 2.23503       0       0       0       0       0       0       0
      0       0       0 2.28866       0       0       0       0       0       0
      0 2.18903       0       0       0       0       0       0       0       0
      0       0       0       0       0 2.35719       0       0       0       0
      0 2.19026       0       0       0       0       0       0       0       0
      0       0       0       0       0       0       0       0 2.30955       0
      0       0       0       0       0 2.26905       0       0       0       0
      0       0       0       0       0       0       0       0       0 2.29696
      0       0       0       0 2.32103       0       0       0       0       0
2.29215       0       0       0       0       0       0       0       0       0
      0       0       0       0       0       0       0 2.27381       0       0
      0       0       0       0       0  2.4165       0       0       0       0
      0       0       0       0       0       0       0       0 2.31256       0
      0       0       0       0       0       0       0       0 2.31185       0
      0       0       0 2.28866       0       0       0       0       0       0
      0       0       0       0       0       0       0       0 2.31561       0
      0       0       0       0       0       0       0       0       0 2.29696
      0       0 2.31142       0       0       0       0       0       0       0
      0       0       0       0       0       0 2.31783       0       0       0
      0       0 2.30621       0       0       0       0       0       0       0
      0       0       0       0       0 2.38899       0       0       0       0
      0       0       0 2.28866       0       0       0       0       0       0
      0 2.18643       0       0       0       0       0       0       0       0
      0       0       0       0       0       0       0 2.27381       0       0
      0       0       0 2.28866       0       0       0       0       0       0
      0       0       0       0       0       0       0       0       0 2.29696
      0 2.17533       0       0       0       0       0       0       0       0
      0       0       0       0       0       0       0       0       0 2.29696
      0       0       0       0       0       0       0       0       0 2.29696
      0       0       0       0       0       0 2.32116       0       0       0
2.29373       0       0       0       0       0       0       0       0       0
      0       0       0 2.28866       0       0       0       0       0       0
      0       0       0       0       0       0       0       0       0 2.29696
      0       0 2.30621       0       0       0       0       0       0       0
      0       0       0       0       0       0       0       0 2.31256       0
      0 2.18903       0       0       0       0       0       0       0       0
      0       0       0       0 2.29979       0       0       0       0       0
      0       0       0 2.28866       0       0       0       0       0       0
      0       0       0       0       0 2.28486       0       0       0       0
      0       0 2.15991       0       0       0       0       0       0       0
      0       0       0       0       0       0       0       0       0 2.29696
      0       0 2.30621       0       0       0       0       0       0       0
      0       0       0       0       0 2.40937       0       0       0       0
      0       0       0       0       0       0       0       0 2.32044       0
      0       0       0       0       0       0       0       0       0 2.29696
      0       0       0       0       0 2.34174       0       0       0       0
2.29986       0       0       0       0       0       0       0       0       0
      0 2.18903       0       0       0       0       0       0       0       0
      0       0  2.1765       0       0       0       0       0       0       0
      0       0       0       0 2.32922       0       0       0       0       0
      0       0       0       0       0 2.36482       0       0       0       0
      0       0       0       0       0       0 2.03304       0       0       0
2.13563       0       0       0       0       0       0       0       0       0
      0 2.18903       0       0       0       0       0       0       0       0
      0       0 2.30621       0       0       0       0       0       0       0
      0       0       0 2.29539       0       0       0       0       0       0
      0       0       0       0 2.35049       0       0       0       0       0
      0       0       0       0       0 2.33092       0       0       0       0
      0       0       0       0       0       0 2.26272       0       0       0
      0       0       0       0       0       0       0 2.24712       0       0
      0  2.1507       0       0       0       0       0       0       0       0
      0       0 2.30621       0       0       0       0       0       0       0
      0       0       0 2.27603       0       0       0       0       0       0
      0       0       0       0 2.31179       0       0       0       0       0
      0       0       0       0       0 2.39049       0       0       0       0
      0 2.18903       0       0       0       0       0       0       0       0
2.25073       0       0       0       0       0       0       0       0       0
      0       0       0       0 2.35021       0       0       0       0       0
      0       0       0       0       0 2.40768       0       0       0       0
      0       0       0       0       0       0 2.32098       0       0       0
      0       0       0       0       0       0  2.3133       0       0       0
      0       0       0 2.27978       0       0       0       0       0       0
      0       0       0       0 2.35141       0       0       0       0       0
      0       0       0       0 2.34868       0       0       0       0       0
      0       0 2.27896       0       0       0       0       0       0       0
      0       0       0       0       0       0       0       0 2.32187       0
      0 2.18903       0       0       0       0       0       0       0       0
2.28313       0       0       0       0       0       0       0       0       0
      0       0       0       0       0       0 2.21725       0       0       0
      0       0       0       0 2.30484       0       0       0       0       0
      0       0       0       0       0       0       0       0       0 2.29696
      0       0       0       0       0       0       0 2.30165       0       0
      0       0 2.30131       0       0       0       0       0       0       0
      0       0       0 2.30399       0       0       0       0       0       0
      0       0       0 2.25672       0       0       0       0       0       0
      0       0       0       0       0       0       0       0       0 2.28923
      0       0 2.26709       0       0       0       0       0       0       0
2.26859       0       0       0       0       0       0       0       0       0
      0       0       0       0       0       0       0       0       0 2.29696
      0       0       0  2.2956       0       0       0       0       0       0
      0       0       0 2.28853       0       0       0       0       0       0
      0       0       0       0       0       0       0       0       0 2.25662
      0 2.20147       0       0       0       0       0       0       0       0
      0       0       0       0       0 2.40251       0       0       0       0
      0       0 2.27127       0       0       0       0       0       0       0
      0       0       0 2.28866       0       0       0       0       0       0
      0       0       0       0       0       0       0 2.29726       0       0
      0       0       0       0       0       0       0 2.28821       0       0
      0       0       0       0       0       0       0       0 2.26612       0
      0       0       0       0 2.34876       0       0       0       0       0
 2.1384       0       0       0       0       0       0       0       0       0
      0       0 2.25685       0       0       0       0       0       0       0
      0       0       0       0 2.29304       0       0       0       0       0
2.29373       0       0       0       0       0       0       0       0       0
      0       0 2.25987       0       0       0       0       0       0       0
      0       0       0       0 2.34868       0       0       0       0       0
      0       0       0       0       0       0       0 2.27381       0       0
      0       0       0       0       0       0       0       0 2.31256       0
2.29373       0       0       0       0       0       0       0       0       0
      0       0       0       0       0       0       0 2.27381       0       0
 2.2648       0       0       0       0       0       0       0       0       0
      0       0       0       0       0       0 2.29701       0       0       0
      0       0       0       0       0       0       0       0       0  2.2902
      0       0       0 2.27816       0       0       0       0       0       0
      0       0 2.30621       0       0       0       0       0       0       0
      0       0       0       0       0       0       0       0 2.31256       0
      0       0       0       0       0       0 2.30187       0       0       0
2.33393       0       0       0       0       0       0       0       0       0
      0       0       0       0       0 2.47613       0       0       0       0
      0       0       0       0       0       0       0  2.2539       0       0
      0       0       0       0       0 2.26398       0       0       0       0
      0 2.19207       0       0       0       0       0       0       0       0
2.29373       0       0       0       0       0       0       0       0       0
      0       0       0       0       0       0       0       0 2.31256       0
      0 2.17249       0       0       0       0       0       0       0       0
      0       0       0       0       0       0 2.36201       0       0       0
      0       0       0       0       0       0       0 2.23441       0       0
      0       0 2.29131       0       0       0       0       0       0       0
      0       0       0       0       0       0       0       0       0 2.28175
      0       0       0       0       0       0       0 2.21273       0       0
      0       0       0       0       0       0       0       0       0 2.29801
      0       0       0       0       0 2.43538       0       0       0       0
      0       0       0       0       0       0       0       0 2.31184       0
      0       0       0       0       0       0 2.28428       0       0       0
      0       0 2.29604       0       0       0       0       0       0       0
      0       0       0       0       0       0 2.32116       0       0       0
      0       0 2.30621       0       0       0       0       0       0       0
      0       0       0       0       0       0       0       0 2.31256       0
      0 2.18903       0       0       0       0       0       0       0       0
      0       0       0       0       0       0       0 2.27381       0       0
      0       0       0       0       0 2.29003       0       0       0       0
2.29373       0       0       0       0       0       0       0       0       0
      0 2.18903       0       0       0       0       0       0       0       0
      0 2.16144       0       0       0       0       0       0       0       0
      0       0       0 2.27726       0       0       0       0       0       0
      0       0       0       0       0       0       0       0  2.2877       0
      0       0       0       0 2.34832       0       0       0       0       0
      0       0       0       0       0       0       0       0       0 2.31512
      0 2.14546       0       0       0       0       0       0       0       0
      0       0       0       0       0       0       0       0 2.31256       0
      0       0       0       0       0       0 2.32116       0       0       0
      0       0       0       0       0       0       0       0 2.31256       0
      0       0       0       0       0       0       0       0       0 2.25504
2.29373       0       0       0       0       0       0       0       0       0
      0 2.17417       0       0       0       0       0       0       0       0
      0       0 2.30621       0       0       0       0       0       0       0
      0       0       0 2.29465       0       0       0       0       0       0
      0       0       0       0 2.33705       0       0       0       0       0
      0       0       0       0       0 2.33714       0       0       0       0
      0       0       0       0       0       0 2.32085       0       0       0
      0       0       0       0       0       0       0 2.27025       0       0
      0       0       0       0       0       0       0       0 2.31139       0
      0       0       0       0       0       0       0       0       0 2.26807
2.24268       0       0       0       0       0       0       0       0       0
      0 2.27779       0       0       0       0       0       0       0       0
      0       0 2.30789       0       0       0       0       0       0       0
      0       0       0 2.29275       0       0       0       0       0       0
      0       0       0       0 2.32372       0       0       0       0       0
      0       0       0       0       0       0       0 2.27381       0       0
      0       0       0       0       0       0       0       0  2.3082       0
      0       0       0       0       0       0       0       0       0 2.29336
2.45941       0       0       0       0       0       0       0       0       0
      0 2.14605       0       0       0       0       0       0       0       0
      0       0       0       0       0       0       0 2.27381       0       0
      0       0       0       0       0       0       0       0 2.30285       0
      0       0       0       0       0       0       0       0       0  2.2991
      0       0       0       0       0       0       0       0       0 2.25839
      0       0       0       0       0       0       0       0 2.28031       0
      0       0       0       0       0       0       0       0       0 2.29696
      0       0       0       0       0       0       0       0 2.29665       0
      0       0       0       0  2.3417       0       0       0       0       0
      0 2.17798       0       0       0       0       0       0       0       0
      0       0       0       0       0       0       0 2.17733       0       0
      0       0       0       0       0       0       0 2.27381       0       0
      0       0       0 2.29582       0       0       0       0       0       0
      0       0       0 2.28084       0       0       0       0       0       0
      0       0       0       0       0       0       0 2.26977       0       0
      0       0       0       0       0       0 2.18306       0       0       0
      0       0       0       0       0       0 2.31974       0       0       0
      0       0       0       0       0       0 2.32116       0       0       0
      0 2.17874       0       0       0       0       0       0       0       0
      0       0       0       0       0       0       0       0       0 2.28512
2.29373       0       0       0       0       0       0       0       0       0
      0 2.21099       0       0       0       0       0       0       0       0
      0       0       0       0       0       0       0 2.27121       0       0
      0       0       0       0       0       0 2.32047       0       0       0
      0       0       0 2.25288       0       0       0       0       0       0
      0       0  2.3013       0       0       0       0       0       0       0
      0 2.18056       0       0       0       0       0       0       0       0
      0       0       0       0       0       0       0 2.27789       0       0
      0 2.17663       0       0       0       0       0       0       0       0
      0       0       0 2.30522       0       0       0       0       0       0
      0       0       0       0       0       0       0       0       0 2.25644
      0 2.17622       0       0       0       0       0       0       0       0
      0       0       0       0       0       0       0 2.27381       0       0
      0       0       0       0       0       0 2.32116       0       0       0
      0       0       0       0       0       0       0       0 2.34251       0
      0       0       0       0 2.35808       0       0       0       0       0
      0 2.13016       0       0       0       0       0       0       0       0
      0       0       0       0 2.33767       0       0       0       0       0
      0       0       0   2.321       0       0       0       0       0       0
      0       0       0       0       0       0 2.32116       0       0       0
      0       0       0       0       0       0       0       0       0 2.29881
      0       0       0       0       0       0 2.26203       0       0       0
      0 2.13523       0       0       0       0       0       0       0       0
      0       0       0       0 2.30864       0       0       0       0       0
      0       0       0       0 2.27967       0       0       0       0       0
      0       0       0       0       0       0       0 2.26252       0       0
      0       0 2.30699       0       0       0       0       0       0       0
      0       0       0       0 2.34865       0       0       0       0       0
      0       0       0       0 2.30099       0       0       0       0       0
2.29373       0       0       0       0       0       0       0       0       0
      0 2.18903       0       0       0       0       0       0       0       0
      0       0 2.30621       0       0       0       0       0       0       0
      0       0       0 2.28866       0       0       0       0       0       0
      0       0       0       0 2.34868       0       0       0       0       0
      0       0       0       0       0  2.4833       0       0       0       0
      0       0       0       0       0       0 2.32116       0       0       0
      0       0       0       0       0       0       0 2.17224       0       0
      0       0       0       0       0       0       0       0 2.31241       0
      0       0       0       0       0       0       0       0       0 2.29696
2.29373       0       0       0       0       0       0       0       0       0
      0 2.18903       0       0       0       0       0       0       0       0
      0       0 2.30621       0       0       0       0       0       0       0
      0       0       0 2.28866       0       0       0       0       0       0
      0       0       0       0 2.34868       0       0       0       0       0
      0       0       0       0       0   2.392       0       0       0       0
      0       0       0       0       0       0 2.32116       0       0       0
      0       0       0       0       0       0       0       0       0 2.29509
2.29373       0       0       0       0       0       0       0       0       0
      0 2.18903       0       0       0       0       0       0       0       0
      0       0 2.25503       0       0       0       0       0       0       0
      0       0       0 2.28866       0       0       0       0       0       0
      0       0       0       0 2.34868       0       0       0       0       0
      0       0       0       0       0       0       0 2.27381       0       0
      0       0       0       0       0       0       0       0 2.33208       0
      0 2.18903       0       0       0       0       0       0       0       0
      0       0       0 2.28866       0       0       0       0       0       0
      0       0       0       0       0 2.40907       0       0       0       0
      0 2.18295       0       0       0       0       0       0       0       0
      0       0       0       0       0       0       0 2.27601       0       0
      0       0       0       0       0       0       0 2.19145       0       0
      0       0 2.30621       0       0       0       0       0       0       0
      0 2.18903       0       0       0       0       0       0       0       0
      0       0       0       0 2.34868       0       0       0       0       0
      0       0       0       0       0       0       0       0 2.32516       0
      0       0       0 2.28866       0       0       0       0       0       0
      0       0       0       0 2.34868       0       0       0       0       0
      0       0       0       0 2.34868       0       0       0       0       0
      0       0       0 2.34315       0       0       0       0       0       0
      0       0       0       0       0       0       0       0       0 2.29696
      0       0       0       0       0       0       0 2.27381       0       0
      0       0       0       0 2.31989       0       0       0       0       0
      0 2.18903       0       0       0       0       0       0       0       0
      0       0 2.30433       0       0       0       0       0       0       0
      0       0       0 2.28866       0       0       0       0       0       0
      0       0       0       0       0 2.38101       0       0       0       0
      0       0       0       0       0       0       0       0       0 2.28766
      0 2.19955       0       0       0       0       0       0       0       0
      0       0       0       0       0       0 2.32116       0       0       0
2.29373       0       0       0       0       0       0       0       0       0
      0 2.19754       0       0       0       0       0       0       0       0
2.29373       0       0       0       0       0       0       0       0       0
2.29373       0       0       0       0       0       0       0       0       0
      0       0 2.30621       0       0       0       0       0       0       0
      0       0       0       0       0       0       0       0 2.31801       0
      0       0       0       0       0       0       0 2.19531       0       0
      0 2.18369       0       0       0       0       0       0       0       0
      0 2.18903       0       0       0       0       0       0       0       0
      0       0       0       0 2.34868       0       0       0       0       0
2.28827       0       0       0       0       0       0       0       0       0
      0       0       0       0 2.34868       0       0       0       0       0
      0       0       0       0       0       0       0 2.27381       0       0
      0       0       0 2.28866       0       0       0       0       0       0
      0       0       0       0       0       0 2.31315       0       0       0
      0       0       0       0       0       0       0       0 2.16026       0
2.29373       0       0       0       0       0       0       0       0       0
      0       0       0 2.28866       0       0       0       0       0       0
      0       0       0       0       0       0       0 2.27243       0       0
      0       0       0       0 2.34879       0       0       0       0       0
2.29373       0       0       0       0       0       0       0       0       0
      0       0       0       0       0       0 2.32116       0       0       0
      0       0       0       0       0       0       0       0       0 2.29696
      0       0 2.30621       0       0       0       0       0       0       0
      0       0       0       0       0       0  2.3206       0       0       0
      0       0       0       0       0 2.37973       0       0       0       0
      0       0       0       0       0       0       0       0 2.31256       0
      0       0       0       0       0       0 2.32116       0       0       0
      0       0       0       0       0       0       0       0       0 2.29696
2.29373       0       0       0       0       0       0       0       0       0
      0       0       0       0 2.33721       0       0       0       0       0
2.29373       0       0       0       0       0       0       0       0       0
      0       0       0       0       0       0 2.32116       0       0       0
      0 2.18903       0       0       0       0       0       0       0       0
      0       0       0       0       0       0       0       0       0 2.29696
      0       0 2.10075       0       0       0       0       0       0       0
2.29373       0       0       0       0       0       0       0       0       0
      0       0       0       0       0       0       0       0       0 2.29696
      0       0       0       0       0 2.43297       0       0       0       0
      0 2.18095       0       0       0       0       0       0       0       0
      0       0       0 2.32144       0       0       0       0       0       0
      0       0       0       0       0       0       0 2.16581       0       0
      0       0       0       0       0       0 2.32116       0       0       0
      0       0       0       0       0       0       0       0       0 2.29696
      0       0       0 2.28866       0       0       0       0       0       0
2.29373       0       0       0       0       0       0       0       0       0
      0       0 2.30621       0       0       0       0       0       0       0
      0       0 2.30621       0       0       0       0       0       0       0
2.29373       0       0       0       0       0       0       0       0       0
      0 2.18903       0       0       0       0       0       0       0       0
      0       0 2.30414       0       0       0       0       0       0       0
      0       0       0  2.2829       0       0       0       0       0       0
      0       0       0       0 2.09127       0       0       0       0       0
      0       0       0       0       0 2.40907       0       0       0       0
      0       0       0       0       0       0 2.32116       0       0       0
      0       0       0       0       0       0       0 2.26692       0       0
      0       0       0       0       0       0       0       0 2.31256       0
      0       0       0       0       0       0       0       0       0 2.29696
2.26379       0       0       0       0       0       0       0       0       0
      0 2.22524       0       0       0       0       0       0       0       0
      0       0 2.26442       0       0       0       0       0       0       0
      0       0       0   2.268       0       0       0       0       0       0
      0       0       0       0 2.33774       0       0       0       0       0
      0       0       0       0       0 2.40907       0       0       0       0
      0       0       0       0       0       0 2.32116       0       0       0
      0       0       0       0       0       0       0 2.22901       0       0
      0       0       0       0       0       0       0       0 2.30873       0
      0       0       0       0       0       0       0       0       0 2.32013
2.29373       0       0       0       0       0       0       0       0       0
      0 2.18903       0       0       0       0       0       0       0       0
      0       0 2.30621       0       0       0       0       0       0       0
      0       0       0 2.25473       0       0       0       0       0       0
      0       0       0       0 2.33279       0       0       0       0       0
      0       0       0       0       0 2.41031       0       0       0       0
      0       0       0       0       0       0 2.27325       0       0       0
      0       0       0       0       0       0       0 2.27381       0       0
      0       0       0       0       0       0       0       0 2.31256       0
      0       0       0       0       0       0       0       0       0  2.2686
      0       0 2.30621       0       0       0       0       0       0       0
      0 2.18175       0       0       0       0       0       0       0       0
      0       0       0       0       0       0       0 2.22058       0       0
      0       0 2.29325       0       0       0       0       0       0       0
      0       0       0       0       0 2.35222       0       0       0       0
2.29373       0       0       0       0       0       0       0       0       0
      0       0       0       0       0       0       0       0 2.31256       0
2.29373       0       0       0       0       0       0       0       0       0
      0       0 2.32489       0       0       0       0       0       0       0
      0       0       0       0       0       0       0  2.2634       0       0
      0       0       0       0       0       0       0       0 2.31256       0
      0       0       0       0       0       0       0       0 2.31336       0
      0       0       0 2.26508       0       0       0       0       0       0
2.29373       0       0       0       0       0       0       0       0       0
      0       0       0       0       0       0 2.28626       0       0       0
2.27934       0       0       0       0       0       0       0       0       0
      0       0 2.29046       0       0       0       0       0       0       0
      0       0       0       0       0       0       0 2.25304       0       0
      0       0       0       0       0       0 2.31194       0       0       0
      0       0       0       0       0       0 2.29852       0       0       0
      0 2.20192       0       0       0       0       0       0       0       0
      0       0 2.30621       0       0       0       0       0       0       0
      0       0       0       0       0       0       0       0 2.31256       0
      0       0       0       0       0       0       0       0 2.31616       0
      0       0       0       0       0       0       0  2.2535       0       0
      0       0       0       0       0       0       0 2.27295       0       0
      0       0       0       0 2.31254       0       0       0       0       0
      0       0       0       0       0       0       0 2.27412       0       0
      0       0       0       0       0       0       0 2.27377       0       0
      0       0       0 2.28866       0       0       0       0       0       0
      0       0       0       0       0       0       0 2.24402       0       0
      0       0       0       0 2.34859       0       0       0       0       0
      0       0       0       0       0 2.40907       0       0       0       0
      0       0       0       0 2.34868       0       0       0       0       0
      0       0       0 2.28866       0       0       0       0       0       0
      0       0       0 2.28866       0       0       0       0       0       0
      0       0       0       0       0       0       0       0 2.29368       0
      0       0       0       0 2.18566       0       0       0       0       0
      0       0       0       0       0 2.39061       0       0       0       0
      0       0       0       0 2.32813       0       0       0       0       0
      0 2.18903       0       0       0       0       0       0       0       0
      0 2.18903       0       0       0       0       0       0       0       0
      0       0       0       0       0       0       0       0       0 2.24964
      0       0       0       0       0       0       0 2.26569       0       0
      0       0       0       0 2.34868       0       0       0       0       0
      0       0       0 2.28866       0       0       0       0       0       0
      0       0       0       0       0       0       0 2.25656       0       0
      0       0       0 2.29045       0       0       0       0       0       0
      0       0       0 2.28866       0       0       0       0       0       0
2.29373       0       0       0       0       0       0       0       0       0
      0       0 2.28809       0       0       0       0       0       0       0
      0       0       0       0       0 2.40907       0       0       0       0
      0       0       0       0       0 2.40907       0       0       0       0
      0       0       0       0       0       0 2.32124       0       0       0
      0       0       0 2.28866       0       0       0       0       0       0
      0 2.16235       0       0       0       0       0       0       0       0
      0       0       0       0       0  2.3042       0       0       0       0
      0       0 2.32172       0       0       0       0       0       0       0
      0       0       0       0       0 2.40907       0       0       0       0
      0       0       0       0       0       0       0       0       0 2.29696
      0       0       0       0       0       0       0       0       0 2.29772
      0       0       0       0       0       0       0       0 2.31256       0
      0       0       0       0 2.34758       0       0       0       0       0
      0 2.18818       0       0       0       0       0       0       0       0
2.29373       0       0       0       0       0       0       0       0       0
      0       0       0       0       0       0  2.2922       0       0       0
2.29373       0       0       0       0       0       0       0       0       0
      0       0       0       0       0       0       0       0       0 2.27555
      0       0       0       0       0       0 2.31875       0       0       0
      0       0       0       0       0       0       0       0 2.31256       0
      0       0       0       0       0       0       0       0 2.36276       0
      0       0       0       0       0 2.39363       0       0       0       0
      0       0       0       0       0       0 2.28629       0       0       0
      0  2.1884       0       0       0       0       0       0       0       0
      0 2.18809       0       0       0       0       0       0       0       0
      0       0       0       0       0       0       0       0       0 2.29639
      0       0       0       0       0       0       0       0 2.31099       0
      0       0       0       0       0       0       0       0       0 2.29496
      0       0 2.14645       0       0       0       0       0       0       0
      0       0       0 2.27488       0       0       0       0       0       0
      0       0       0       0       0 2.40907       0       0       0       0
      0       0       0       0       0 2.38254       0       0       0       0
      0       0       0       0       0       0       0       0       0 2.19638
      0       0       0       0  2.3381       0       0       0       0       0
      0       0 2.24366       0       0       0       0       0       0       0
      0 2.18783       0       0       0       0       0       0       0       0
      0       0       0       0       0       0       0       0       0  2.2693
      0       0       0       0 2.34868       0       0       0       0       0
      0       0       0       0       0       0       0       0       0 2.28866
      0 2.17718       0       0       0       0       0       0       0       0
      0       0       0 2.28866       0       0       0       0       0       0
      0       0       0       0       0       0       0       0       0 2.26961
      0       0 2.30746       0       0       0       0       0       0       0
2.27199       0       0       0       0       0       0       0       0       0
      0       0       0       0       0       0 2.25612       0       0       0
2.29373       0       0       0       0       0       0       0       0       0
      0       0       0       0 2.33608       0       0       0       0       0
2.29373       0       0       0       0       0       0       0       0       0
      0       0       0       0       0       0 2.25464       0       0       0
2.29373       0       0       0       0       0       0       0       0       0
      0 2.18903       0       0       0       0       0       0       0       0
      0       0 2.30621       0       0       0       0       0       0       0
      0       0       0 2.28871       0       0       0       0       0       0
      0       0       0       0 2.31504       0       0       0       0       0
      0       0       0       0       0 2.40907       0       0       0       0
      0       0       0       0       0       0 2.32116       0       0       0
      0       0       0       0       0       0       0 2.26069       0       0
      0       0       0       0       0       0       0       0 2.31256       0
      0       0       0       0       0       0       0       0       0 2.28914
2.29373       0       0       0       0       0       0       0       0       0
      0 2.18903       0       0       0       0       0       0       0       0
      0       0 2.30621       0       0       0       0       0       0       0
      0       0       0 2.28866       0       0       0       0       0       0
      0       0       0       0 2.32404       0       0       0       0       0
      0       0       0       0       0 2.26936       0       0       0       0
      0       0       0       0       0       0 2.32116       0       0       0
      0       0       0       0       0       0       0  2.2461       0       0
      0       0       0       0       0       0       0       0 2.31608       0
      0       0       0       0       0       0       0       0       0 2.27969
2.29373       0       0       0       0       0       0       0       0       0
      0 2.18903       0       0       0       0       0       0       0       0
      0       0 2.30621       0       0       0       0       0       0       0
      0       0       0 2.28866       0       0       0       0       0       0
      0       0       0       0 2.33723       0       0       0       0       0
      0       0       0       0       0 2.38887       0       0       0       0
      0       0       0       0       0       0 2.32116       0       0       0
      0       0       0       0       0       0       0 2.27381       0       0
      0       0       0       0       0       0       0       0 2.31256       0
      0       0       0       0       0       0       0       0       0 2.29696
      0       0       0 2.28866       0       0       0       0       0       0
      0       0       0       0       0       0       0       0 2.31256       0
2.29373       0       0       0       0       0       0       0       0       0
      0       0       0       0       0       0       0 2.27381       0       0
      0 2.17292       0       0       0       0       0       0       0       0
2.29373       0       0       0       0       0       0       0       0       0
      0       0       0       0       0       0       0 2.27381       0       0
      0       0       0       0       0 2.40907       0       0       0       0
      0       0       0       0       0 2.40907       0       0       0       0
      0       0       0       0       0       0 2.31299       0       0       0
      0       0       0       0       0       0       0       0       0 2.29696
2.29373       0       0       0       0       0       0       0       0       0
      0 2.19301       0       0       0       0       0       0       0       0
2.29373       0       0       0       0       0       0       0       0       0
2.29373       0       0       0       0       0       0       0       0       0
      0       0       0       0       0       0       0       0 2.18332       0
      0       0       0 2.28866       0       0       0       0       0       0
      0       0       0       0 2.34868       0       0       0       0       0
      0       0       0 2.28866       0       0       0       0       0       0
      0 2.19334       0       0       0       0       0       0       0       0
      0       0       0       0       0 2.40907       0       0       0       0
2.29373       0       0       0       0       0       0       0       0       0
2.29373       0       0       0       0       0       0       0       0       0
      0       0       0       0       0       0       0       0       0 2.29696
      0       0       0       0       0 2.40907       0       0       0       0
      0       0       0 2.28866       0       0       0       0       0       0
      0       0       0       0 2.34868       0       0       0       0       0
      0       0       0       0       0       0       0       0       0 2.29696
      0       0       0 2.28866       0       0       0       0       0       0
      0       0       0       0       0       0       0 2.27381       0       0
      0       0       0       0       0       0 2.32116       0       0       0
      0       0       0       0       0       0       0       0       0 2.29696
      0       0 2.30621       0       0       0       0       0       0       0
      0       0       0       0 2.36378       0       0       0       0       0
      0       0       0       0       0 2.39943       0       0       0       0
      0       0       0       0       0       0       0 2.24483       0       0
      0       0 2.30621       0       0       0       0       0       0       0
      0       0       0       0       0       0 2.32116       0       0       0
      0       0       0       0 2.32594       0       0       0       0       0
      0       0       0       0       0       0       0       0       0  2.1897
      0       0       0       0 2.37875       0       0       0       0       0
      0       0       0       0       0       0       0       0       0  2.2959
      0       0       0       0 2.34874       0       0       0       0       0
      0 2.19239       0       0       0       0       0       0       0       0
      0       0 2.20494       0       0       0       0       0       0       0
      0       0 2.30621       0       0       0       0       0       0       0
      0       0       0       0       0 2.40907       0       0       0       0
      0       0       0       0       0       0       0       0 2.31256       0
      0 2.18903       0       0       0       0       0       0       0       0
      0       0       0 2.29576       0       0       0       0       0       0
      0       0 2.30621       0       0       0       0       0       0       0
      0       0       0       0       0       0       0       0       0 2.29696
      0       0       0       0 2.33537       0       0       0       0       0
      0       0       0 2.28866       0       0       0       0       0       0
      0       0       0       0       0       0       0       0 2.31256       0
      0       0 2.30621       0       0       0       0       0       0       0
      0       0 2.30621       0       0       0       0       0       0       0
      0 2.18903       0       0       0       0       0       0       0       0
      0       0 2.30621       0       0       0       0       0       0       0
      0       0       0       0       0       0       0       0 2.31256       0
      0       0       0       0       0       0 2.31061       0       0       0
      0       0       0       0       0 2.40907       0       0       0       0
      0 2.18903       0       0       0       0       0       0       0       0
      0       0       0       0       0       0 2.32116       0       0       0
      0       0       0       0       0       0       0 2.27381       0       0
      0       0 2.30621       0       0       0       0       0       0       0
      0 2.18903       0       0       0       0       0       0       0       0
      0       0       0 2.28866       0       0       0       0       0       0
      0       0       0       0       0       0       0       0       0 2.28025
      0       0       0 2.28853       0       0       0       0       0       0
      0       0       0       0       0       0       0       0 2.30335       0
      0       0       0       0       0       0       0 2.00201       0       0
      0       0       0       0       0 2.40907       0       0       0       0
      0       0       0       0       0       0       0 2.25722       0       0
2.29373       0       0       0       0       0       0       0       0       0
      0       0       0       0       0       0       0 2.27381       0       0
      0       0       0       0 2.34868       0       0       0       0       0
      0       0       0       0       0       0       0       0 2.31256       0
      0       0       0       0       0       0       0       0 2.31256       0
      0       0       0       0       0 2.40907       0       0       0       0
2.29373       0       0       0       0       0       0       0       0       0
      0       0       0       0       0       0 2.30722       0       0       0
      0       0       0       0       0       0 2.32116       0       0       0
      0       0       0 2.28866       0       0       0       0       0       0
      0       0       0       0       0       0       0 2.27381       0       0
      0       0       0       0       0       0 2.32116       0       0       0
      0       0       0       0       0       0       0       0       0 2.28443
      0       0       0       0       0       0       0       0       0 2.30627
      0       0       0       0 2.29888       0       0       0       0       0
      0       0       0       0       0       0       0       0 2.31256       0
      0       0       0       0 2.34868       0       0       0       0       0
      0 2.19109       0       0       0       0       0       0       0       0
2.29373       0       0       0       0       0       0       0       0       0
      0       0       0       0       0       0 2.32116       0       0       0
      0       0       0       0       0       0 2.32116       0       0       0
2.29373       0       0       0       0       0       0       0       0       0
      0 2.17651       0       0       0       0       0       0       0       0
      0       0 2.30621       0       0       0       0       0       0       0
      0       0       0 2.28866       0       0       0       0       0       0
      0       0       0       0  2.2736       0       0       0       0       0
      0       0       0       0       0 2.38638       0       0       0       0
      0       0       0       0       0       0 2.32116       0       0       0
      0       0       0       0       0       0       0 2.27381       0       0
      0       0       0       0       0       0       0       0  2.2884       0
      0       0       0       0       0       0       0       0       0 2.27469
2.29373       0       0       0       0       0       0       0       0       0
      0 2.18903       0       0       0       0       0       0       0       0
      0       0 2.29011       0       0       0       0       0       0       0
      0       0       0  2.2783       0       0       0       0       0       0
      0       0       0       0 2.34868       0       0       0       0       0
      0       0       0       0       0 2.38672       0       0       0       0
      0       0       0       0       0       0 2.32116       0       0       0
      0       0       0       0       0       0       0 2.27312       0       0
      0       0       0       0       0       0       0       0  2.3316       0
      0       0       0       0       0       0       0       0       0 2.29696
2.29373       0       0       0       0       0       0       0       0       0
      0 2.18903       0       0       0       0       0       0       0       0
      0       0 2.30621       0       0       0       0       0       0       0
      0       0       0 2.28866       0       0       0       0       0       0
      0       0       0       0 2.34868       0       0       0       0       0
      0       0       0       0       0 2.40907       0       0       0       0
      0       0       0       0       0       0 2.32116       0       0       0
      0       0       0       0       0       0       0 2.27381       0       0
      0       0       0       0       0       0       0       0 2.31256       0
      0       0       0       0       0       0       0       0       0  2.2938
      0       0       0       0       0       0       0 2.27381       0       0
      0       0       0       0 2.34874       0       0       0       0       0
2.29373       0       0       0       0       0       0       0       0       0
      0       0       0       0  2.3483       0       0       0       0       0
2.29373       0       0       0       0       0       0       0       0       0
      0 2.17921       0       0       0       0       0       0       0       0
      0       0       0       0       0       0       0 2.27381       0       0
      0       0       0       0       0       0       0       0       0 2.28421
      0       0       0       0       0 2.40889       0       0       0       0
      0 2.18903       0       0       0       0       0       0       0       0
      0       0       0       0 2.32214       0       0       0       0       0
      0       0 2.30621       0       0       0       0       0       0       0
      0       0       0       0       0       0       0       0 2.31256       0
      0       0       0       0       0       0       0       0       0   2.282
      0       0       0       0 2.34868       0       0       0       0       0
      0       0       0 2.28866       0       0       0       0       0       0
      0       0       0       0       0       0       0 2.27381       0       0
      0       0       0       0       0       0       0       0 2.34019       0
      0       0 2.29104       0       0       0       0       0       0       0
      0       0       0       0 2.31685       0       0       0       0       0
      0       0       0       0 2.35924       0       0       0       0       0
      0       0       0 2.22204       0       0       0       0       0       0
      0       0       0 2.28866       0       0       0       0       0       0
      0       0       0       0       0       0 2.32116       0       0       0
      0       0       0       0       0       0       0       0       0 2.33148
      0       0       0       0       0       0       0       0       0 2.29259
      0       0       0       0       0 2.40905       0       0       0       0
      0       0       0       0       0       0       0       0 2.31256       0
      0       0       0       0       0       0 2.32116       0       0       0
      0       0       0       0       0       0       0 2.27141       0       0
2.29373       0       0       0       0       0       0       0       0       0
      0       0       0       0       0       0 2.32116       0       0       0
      0       0       0       0       0       0       0       0 2.31256       0
      0       0   2.306       0       0       0       0       0       0       0
      0       0       0       0       0       0 2.32116       0       0       0
      0       0       0 2.28414       0       0       0       0       0       0
      0       0       0       0       0       0       0       0       0 2.29696
      0       0       0 2.28866       0       0       0       0       0       0
      0       0 2.30621       0       0       0       0       0       0       0
      0       0       0       0       0       0       0       0 2.31256       0
      0       0       0       0       0       0 2.32116       0       0       0
      0 2.18903       0       0       0       0       0       0       0       0
      0       0       0       0       0       0       0 2.27381       0       0
      0       0       0       0 2.31634       0       0       0       0       0
      0       0       0       0       0       0       0       0 2.31256       0
      0       0       0       0       0       0       0       0 2.31256       0
      0       0       0       0       0       0       0       0       0 2.29479
2.29373       0       0       0       0       0       0       0       0       0
      0       0       0 2.29047       0       0       0       0       0       0
      0       0       0 2.21193       0       0       0       0       0       0
      0       0       0       0       0       0       0       0       0 2.29428
2.29373       0       0       0       0       0       0       0       0       0
      0       0       0       0       0 2.39475       0       0       0       0
      0       0 2.30322       0       0       0       0       0       0       0
      0       0       0       0       0       0       0       0       0 2.26162
      0       0       0       0 2.30688       0       0       0       0       0
      0 2.13335       0       0       0       0       0       0       0       0
2.29373       0       0       0       0       0       0       0       0       0
      0       0       0 2.28866       0       0       0       0       0       0
      0       0       0       0       0       0       0 2.27381       0       0
      0       0       0       0       0 2.34585       0       0       0       0
      0       0       0       0       0       0       0       0 2.31256       0
      0       0       0       0       0       0       0 2.27381       0       0
      0       0       0       0       0       0       0 2.27381       0       0
      0       0       0       0       0       0       0       0 2.31256       0
      0       0 2.30621       0       0       0       0       0       0       0
      0       0       0       0       0       0       0       0       0 2.29696
      0       0       0       0       0       0       0 2.22198       0       0
      0 2.18903       0       0       0       0       0       0       0       0
      0       0 2.30621       0       0       0       0       0       0       0
      0       0       0       0       0       0 2.32116       0       0       0
      0       0       0       0 2.34868       0       0       0       0       0
      0       0 2.30621       0       0       0       0       0       0       0
      0       0       0       0       0 2.40907       0       0       0       0
      0       0 2.30621       0       0       0       0       0       0       0
      0       0       0 2.28866       0       0       0       0       0       0
      0       0       0       0       0       0 2.32091       0       0       0
      0       0       0       0       0       0 2.32116       0       0       0
      0       0       0       0       0 2.32437       0       0       0       0
2.29373       0       0       0       0       0       0       0       0       0
2.29373       0       0       0       0       0       0       0       0       0
      0       0 2.30621       0       0       0       0       0       0       0
      0       0       0       0       0       0       0       0 2.31256       0
      0 2.18903       0       0       0       0       0       0       0       0
      0       0       0       0       0       0 2.32116       0       0       0
      0 2.19156       0       0       0       0       0       0       0       0
2.29373       0       0       0       0       0       0       0       0       0
      0       0       0       0 2.32622       0       0       0       0       0
      0       0       0 2.28866       0       0       0       0       0       0
      0 2.18903       0       0       0       0       0       0       0       0
      0       0       0       0       0       0 2.32116       0       0       0
      0 2.16777       0       0       0       0       0       0       0       0
      0       0       0       0       0       0       0       0       0 2.26575
2.28241       0       0       0       0       0       0       0       0       0
      0 2.14577       0       0       0       0       0       0       0       0
      0       0       0       0 2.35553       0       0       0       0       0
      0       0       0       0       0 2.40612       0       0       0       0
      0       0       0       0       0       0 2.31477       0       0       0
      0       0       0       0       0       0       0 2.25711       0       0
      0       0       0       0       0       0       0       0 2.30639       0
      0       0       0       0       0       0       0       0       0 2.29696
      0 2.12514       0       0       0       0       0       0       0       0
      0       0 2.28119       0       0       0       0       0       0       0
      0       0       0 2.29283       0       0       0       0       0       0
      0       0       0       0 2.21173       0       0       0       0       0
      0       0       0       0       0 2.22705       0       0       0       0
      0       0       0       0       0       0 2.32076       0       0       0
      0       0       0       0       0       0       0 2.27255       0       0
 2.1208       0       0       0       0       0       0       0       0       0
      0 2.20846       0       0       0       0       0       0       0       0
      0       0 2.24228       0       0       0       0       0       0       0
      0       0       0 2.28364       0       0       0       0       0       0
      0       0       0       0 2.33483       0       0       0       0       0
      0       0       0       0       0 2.41754       0       0       0       0
      0       0       0       0       0       0 2.32049       0       0       0
      0       0       0       0       0       0       0 2.15801       0       0
      0       0       0       0       0       0       0       0 2.32112       0
      0       0       0       0       0       0       0       0       0 2.29696
      0       0       0       0       0       0       0       0 2.31626       0
      0       0       0       0 2.34868       0       0       0       0       0
2.29667       0       0       0       0       0       0       0       0       0
2.29373       0       0       0       0       0       0       0       0       0
      0       0       0       0       0       0       0 2.27381       0       0
      0       0 2.30621       0       0       0       0       0       0       0
      0       0       0       0 2.34868       0       0       0       0       0
      0       0       0 2.18886       0       0       0       0       0       0
      0       0       0       0       0       0       0       0 2.31725       0
      0       0       0       0       0       0 2.22092       0       0       0
      0       0       0       0       0       0  2.2937       0       0       0
      0       0       0 2.28735       0       0       0       0       0       0
      0       0 2.21934       0       0       0       0       0       0       0
      0       0       0       0       0       0 2.25901       0       0       0
      0       0       0 2.29704       0       0       0       0       0       0
      0       0       0 2.28866       0       0       0       0       0       0
2.38684       0       0       0       0       0       0       0       0       0
      0 2.17719       0       0       0       0       0       0       0       0
      0       0       0       0 2.34134       0       0       0       0       0
      0       0       0       0       0       0       0 2.27381       0       0
      0       0       0       0       0       0       0       0 2.29339       0
2.29245       0       0       0       0       0       0       0       0       0
      0       0       0 2.28866       0       0       0       0       0       0
      0 2.19752       0       0       0       0       0       0       0       0
      0       0       0       0       0       0       0       0       0 2.29682
2.29373       0       0       0       0       0       0       0       0       0
      0 2.20464       0       0       0       0       0       0       0       0
      0       0       0       0       0       0       0       0       0  2.2744
      0 2.20362       0       0       0       0       0       0       0       0
      0       0 2.30621       0       0       0       0       0       0       0
      0       0       0       0       0       0       0 2.27381       0       0
 2.2683       0       0       0       0       0       0       0       0       0
      0 2.15636       0       0       0       0       0       0       0       0
      0       0       0 2.28866       0       0       0       0       0       0
      0       0       0       0       0       0       0       0 2.29363       0
      0       0 2.30738       0       0       0       0       0       0       0
      0       0       0       0       0       0       0       0       0 2.29696
      0       0 2.30977       0       0       0       0       0       0       0
      0       0       0       0       0       0       0 2.22077       0       0
      0       0       0       0       0       0 2.32116       0       0       0
      0       0       0       0       0 2.41736       0       0       0       0
      0       0       0       0       0 2.39439       0       0       0       0
      0       0       0       0       0       0       0       0       0 2.28613
      0       0       0       0       0       0       0       0       0 2.29696
      0       0       0       0       0       0       0       0 2.30498       0
      0       0 2.30731       0       0       0       0       0       0       0
      0       0       0       0       0       0       0       0       0 2.28705
      0 2.16184       0       0       0       0       0       0       0       0
      0       0       0 2.31071       0       0       0       0       0       0
      0       0 2.29806       0       0       0       0       0       0       0
      0       0       0 2.26205       0       0       0       0       0       0
      0       0       0       0 2.34868       0       0       0       0       0
      0       0       0 2.29021       0       0       0       0       0       0
      0 2.17531       0       0       0       0       0       0       0       0
      0       0       0       0       0       0       0       0       0 2.29696
2.29373       0       0       0       0       0       0       0       0       0
      0       0       0       0       0       0       0       0       0 2.29696
      0       0       0 2.29045       0       0       0       0       0       0
      0       0       0       0       0       0 2.31408       0       0       0
      0       0       0       0       0       0       0       0 2.31256       0
      0       0       0       0       0       0       0 2.27381       0       0
2.28588       0       0       0       0       0       0       0       0       0
      0 2.23055       0       0       0       0       0       0       0       0
2.29373       0       0       0       0       0       0       0       0       0
      0       0       0       0       0 2.38243       0       0       0       0
      0       0       0       0       0       0       0       0 2.31256       0
      0       0 2.29372       0       0       0       0       0       0       0
      0       0       0       0       0       0       0 2.27381       0       0
      0       0       0       0       0       0       0 2.27381       0       0
2.29952       0       0       0       0       0       0       0       0       0
      0 2.18115       0       0       0       0       0       0       0       0
      0       0 2.30621       0       0       0       0       0       0       0
      0       0       0 2.28866       0       0       0       0       0       0
      0       0       0       0 2.34868       0       0       0       0       0
      0       0       0       0       0 2.40907       0       0       0       0
      0       0       0       0       0       0 2.32116       0       0       0
      0       0       0       0       0       0       0 2.27381       0       0
      0       0       0       0       0       0       0       0 2.31256       0
      0       0       0       0       0       0       0       0       0 2.29696
2.29373       0       0       0       0       0       0       0       0       0
      0 2.18994       0       0       0       0       0       0       0       0
      0       0 2.30621       0       0       0       0       0       0       0
      0       0       0 2.28866       0       0       0       0       0       0
      0       0       0       0 2.34868       0       0       0       0       0
      0       0       0       0       0 2.39421       0       0       0       0
      0       0       0       0       0       0 2.32116       0       0       0
      0       0       0       0       0       0       0 2.27381       0       0
      0       0       0       0       0       0       0       0 2.31256       0
      0       0       0       0       0       0       0       0       0 2.29696
2.29373       0       0       0       0       0       0       0       0       0
      0 2.18903       0       0       0       0       0       0       0       0
      0       0 2.30621       0       0       0       0       0       0       0
      0       0       0 2.28866       0       0       0       0       0       0
      0       0       0       0 2.26389       0       0       0       0       0
      0       0       0       0       0 2.40907       0       0       0       0
      0       0       0       0       0       0 2.32116       0       0       0
      0       0       0       0       0       0       0 2.27381       0       0
      0       0       0       0       0       0       0       0 2.31256       0
      0       0       0       0       0       0       0       0       0 2.29415
      0 2.18903       0       0       0       0       0       0       0       0
      0       0       0       0       0       0       0 2.27381       0       0
      0       0       0       0 2.34868       0       0       0       0       0
      0       0       0       0       0       0       0       0 2.31256       0
      0 2.18903       0       0       0       0       0       0       0       0
      0       0       0       0       0 2.40907       0       0       0       0
      0       0       0       0       0       0 2.32116       0       0       0
      0       0       0       0       0  2.3945       0       0       0       0
      0       0       0       0       0       0       0 2.27226       0       0
      0       0 2.30621       0       0       0       0       0       0       0
      0       0       0       0       0       0       0       0 2.31256       0
      0       0       0       0       0       0 2.32116       0       0       0
      0       0       0 2.28866       0       0       0       0       0       0
      0       0       0 2.28866       0       0       0       0       0       0
      0       0       0       0       0       0       0       0 2.31256       0
      0       0       0       0       0       0 2.32116       0       0       0
      0       0       0       0       0 2.40907       0       0       0       0
      0       0       0       0 2.34868       0       0       0       0       0
2.29373       0       0       0       0       0       0       0       0       0
      0       0       0       0       0       0       0       0       0 2.29696
      0 2.18903       0       0       0       0       0       0       0       0
      0       0       0       0       0       0       0 2.27381       0       0
      0       0 2.30621       0       0       0       0       0       0       0
      0       0       0       0       0       0       0       0       0 2.29696
      0 2.18903       0       0       0       0       0       0       0       0
      0       0       0       0       0 2.40907       0       0       0       0
      0 2.15655       0       0       0       0       0       0       0       0
      0       0       0 2.28866       0       0       0       0       0       0
      0       0 2.30621       0       0       0       0       0       0       0
      0       0 2.30621       0       0       0       0       0       0       0
      0       0       0 2.28866       0       0       0       0       0       0
2.29373       0       0       0       0       0       0       0       0       0
      0       0       0       0       0       0 2.32116       0       0       0
      0       0       0       0 2.34868       0       0       0       0       0
      0       0       0 2.28866       0       0       0       0       0       0
      0       0       0       0       0       0       0 2.27381       0       0
      0       0       0       0       0       0 2.32116       0       0       0
      0       0       0       0       0       0       0       0       0 2.29696
2.29373       0       0       0       0       0       0       0       0       0
      0       0       0       0 2.34868       0       0       0       0       0
      0       0       0       0       0       0       0       0 2.31256       0
      0 2.18435       0       0       0       0       0       0       0       0
      0       0       0       0 2.29783       0       0       0       0       0
2.29373       0       0       0       0       0       0       0       0       0
      0       0       0       0       0       0 2.28084       0       0       0
      0 2.18903       0       0       0       0       0       0       0       0
      0       0 2.30621       0       0       0       0       0       0       0
      0       0       0       0       0       0 2.32116       0       0       0
      0       0       0       0       0       0       0       0       0 2.29696
      0       0 2.30621       0       0       0       0       0       0       0
      0       0 2.30621       0       0       0       0       0       0       0
      0       0       0 2.28866       0       0       0       0       0       0
      0       0       0       0       0 2.40907       0       0       0       0
      0       0       0       0       0 2.40907       0       0       0       0
      0 2.18903       0       0       0       0       0       0       0       0
2.29373       0       0       0       0       0       0       0       0       0
      0       0       0       0       0       0       0 2.26595       0       0
      0       0       0       0       0       0       0 2.27381       0       0
      0       0       0       0       0       0       0       0       0 2.29696
      0       0       0       0       0       0 2.32116       0       0       0
      0       0 2.30621       0       0       0       0       0       0       0
      0       0       0       0       0       0       0       0       0 2.29696
      0       0       0       0 2.34868       0       0       0       0       0
      0       0       0       0       0       0       0 2.26274       0       0
2.29373       0       0       0       0       0       0       0       0       0
      0       0 2.22856       0       0       0       0       0       0       0
      0       0       0 2.28866       0       0       0       0       0       0
      0       0       0       0 2.34868       0       0       0       0       0
2.29373       0       0       0       0       0       0       0       0       0
2.29373       0       0       0       0       0       0       0       0       0
      0       0       0       0       0       0       0       0 2.31256       0
      0       0       0       0       0       0       0       0 2.31256       0
      0       0       0       0       0       0       0       0 2.31256       0
      0       0       0       0       0 2.40907       0       0       0       0
      0 2.18903       0       0       0       0       0       0       0       0
      0       0       0 2.28866       0       0       0       0       0       0
      0       0       0       0       0       0       0 2.27381       0       0
      0       0       0       0 2.34868       0       0       0       0       0
      0       0       0       0       0       0       0       0       0 2.29696
      0       0       0       0       0       0       0       0 2.31256       0
      0       0       0       0       0       0       0       0 2.31256       0
      0       0       0       0       0       0       0       0       0 2.29696
2.29373       0       0       0       0       0       0       0       0       0
      0       0       0       0       0       0       0       0       0 2.29696
      0       0       0       0       0       0       0       0 2.31256       0
      0       0       0       0       0       0       0       0       0 2.29548
2.29373       0       0       0       0       0       0       0       0       0
      0       0 2.30621       0       0       0       0       0       0       0
      0       0       0       0       0       0 2.32116       0       0       0
      0       0       0       0       0 2.40907       0       0       0       0
      0       0       0       0       0       0 2.31255       0       0       0
      0       0       0       0       0       0       0 2.27381       0       0
      0       0       0       0 2.34868       0       0       0       0       0
      0       0       0       0       0       0       0 2.27381       0       0
      0       0       0       0       0 2.40907       0       0       0       0
      0       0       0       0 2.34868       0       0       0       0       0
      0 2.18903       0       0       0       0       0       0       0       0
      0       0       0 2.28866       0       0       0       0       0       0
      0       0       0       0       0 2.40534       0       0       0       0
      0       0       0 2.30292       0       0       0       0       0       0
      0 2.18903       0       0       0       0       0       0       0       0
      0       0  2.2068       0       0       0       0       0       0       0
      0       0       0 2.27118       0       0       0       0       0       0
      0       0       0       0 2.34698       0       0       0       0       0
      0       0       0       0       0 2.38951       0       0       0       0
      0       0       0       0       0       0 2.32116       0       0       0
      0 2.17764       0       0       0       0       0       0       0       0
      0       0 2.27691       0       0       0       0       0       0       0
      0       0       0 2.16497       0       0       0       0       0       0
      0       0       0       0 2.34942       0       0       0       0       0
      0       0       0       0       0       0 2.31198       0       0       0
2.17438       0       0       0       0       0       0       0       0       0
      0 2.18903       0       0       0       0       0       0       0       0
      0       0 2.17808       0       0       0       0       0       0       0
      0       0       0       0 2.35055       0       0       0       0       0
      0       0       0       0       0 2.41534       0       0       0       0
      0       0       0       0       0       0 2.30805       0       0       0
      0       0       0       0       0       0       0 2.25461       0       0
      0       0       0       0       0       0       0       0 2.31256       0
      0 2.17721       0       0       0       0       0       0       0       0
      0       0       0       0       0       0       0 2.27381       0       0
      0       0 2.25466       0       0       0       0       0       0       0
      0       0       0       0 2.34885       0       0       0       0       0
      0 2.11546       0       0       0       0       0       0       0       0
      0       0       0       0  2.3469       0       0       0       0       0
      0 2.13968       0       0       0       0       0       0       0       0
      0       0       0       0 2.33032       0       0       0       0       0
      0       0       0       0       0       0       0       0       0 2.30195
      0       0       0       0       0       0 2.30964       0       0       0
      0       0       0       0       0       0       0       0 2.31256       0
      0       0       0       0 2.33057       0       0       0       0       0
      0       0       0       0       0 2.41538       0       0       0       0
      0       0       0 2.28856       0       0       0       0       0       0
      0       0       0       0       0       0       0 2.27426       0       0
      0       0       0       0       0       0       0       0 2.33016       0
      0       0       0       0 2.25819       0       0       0       0       0
      0       0       0 2.28866       0       0       0       0       0       0
      0       0       0 2.28866       0       0       0       0       0       0
      0       0       0       0       0 2.38992       0       0       0       0
      0       0       0       0       0       0 2.32116       0       0       0
      0       0       0       0       0       0       0 2.27181       0       0
2.29688       0       0       0       0       0       0       0       0       0
      0       0       0       0       0       0  2.3125       0       0       0
      0 2.17283       0       0       0       0       0       0       0       0
      0       0       0       0       0       0 2.32116       0       0       0
      0       0       0       0       0       0       0       0 2.28565       0
      0       0       0       0       0       0       0 2.19683       0       0
2.21222       0       0       0       0       0       0       0       0       0
      0 2.17047       0       0       0       0       0       0       0       0
      0       0       0       0       0 2.40907       0       0       0       0
2.29373       0       0       0       0       0       0       0       0       0
      0       0       0       0       0       0       0       0 2.30103       0
      0       0       0       0       0 2.51377       0       0       0       0
2.29138       0       0       0       0       0       0       0       0       0
      0 2.13816       0       0       0       0       0       0       0       0
      0       0       0       0       0 2.27843       0       0       0       0
      0       0       0       0       0       0       0       0 2.31256       0
      0       0       0       0 2.34861       0       0       0       0       0
      0       0 2.30621       0       0       0       0       0       0       0
      0       0       0 2.27902       0       0       0       0       0       0
      0       0       0       0       0       0       0       0       0 2.29988
      0       0       0       0       0       0       0 2.27381       0       0
      0       0       0       0       0       0 2.27631       0       0       0
      0       0       0       0       0       0       0       0       0 2.26436
      0 2.17476       0       0       0       0       0       0       0       0
      0       0       0       0       0       0       0       0       0 2.29696
2.31322       0       0       0       0       0       0       0       0       0
      0       0       0       0       0       0 2.32116       0       0       0
      0       0       0       0       0       0       0 2.27381       0       0
      0 2.18722       0       0       0       0       0       0       0       0
      0       0 2.25776       0       0       0       0       0       0       0
      0       0       0 2.28866       0       0       0       0       0       0
      0       0       0       0       0       0       0       0       0 2.27676
      0       0 2.28032       0       0       0       0       0       0       0
      0       0       0       0 2.29442       0       0       0       0       0
      0       0       0       0       0 2.31263       0       0       0       0
      0       0       0       0       0 2.39349       0       0       0       0
      0       0       0 2.28866       0       0       0       0       0       0
      0       0       0       0       0       0       0 2.27381       0       0
      0       0       0       0       0 2.40907       0       0       0       0
      0       0       0 2.28637       0       0       0       0       0       0
      0 2.15884       0       0       0       0       0       0       0       0
      0       0       0       0       0       0       0       0  2.3151       0
      0       0 2.30621       0       0       0       0       0       0       0
      0       0 2.29345       0       0       0       0       0       0       0
      0       0       0 2.22001       0       0       0       0       0       0
2.24676       0       0       0       0       0       0       0       0       0
      0       0 2.30621       0       0       0       0       0       0       0
      0       0       0       0       0       0       0       0       0 2.29675
      0       0       0       0 2.34365       0       0       0       0       0
      0       0       0       0       0       0       0       0       0 2.29696
      0       0       0       0       0       0       0 2.21534       0       0
2.31763       0       0       0       0       0       0       0       0       0
      0       0 2.30668       0       0       0       0       0       0       0
      0       0       0       0       0       0       0 2.27284       0       0
      0       0       0       0 2.34452       0       0       0       0       0
      0       0       0       0       0       0       0       0       0  2.3198
      0       0       0       0       0       0       0       0       0 2.25712
      0       0 2.30621       0       0       0       0       0       0       0
      0       0       0       0       0   2.407       0       0       0       0
      0       0       0       0       0       0       0       0       0 2.29037
      0       0       0       0       0       0       0       0 2.31061       0
      0       0       0 2.28866       0       0       0       0       0       0
      0       0       0       0       0       0       0       0 2.30483       0
      0       0       0       0       0       0 2.32116       0       0       0
      0       0       0       0       0       0       0 2.14357       0       0
2.32602       0       0       0       0       0       0       0       0       0
2.29373       0       0       0       0       0       0       0       0       0
      0 2.18524       0       0       0       0       0       0       0       0
      0       0 2.30096       0       0       0       0       0       0       0
      0       0       0 2.28866       0       0       0       0       0       0
      0       0       0       0  2.2935       0       0       0       0       0
      0       0       0       0       0 2.40907       0       0       0       0
      0       0       0       0       0       0 2.31059       0       0       0
      0       0       0       0       0       0       0 2.26351       0       0
      0       0       0       0       0       0       0       0 2.31256       0
      0       0       0       0       0       0       0       0       0 2.29696
2.28447       0       0       0       0       0       0       0       0       0
      0 2.18903       0       0       0       0       0       0       0       0
      0       0 2.30621       0       0       0       0       0       0       0
      0       0       0 2.28619       0       0       0       0       0       0
      0       0       0       0 2.27908       0       0       0       0       0
      0       0       0       0       0 2.36008       0       0       0       0
      0       0       0       0       0       0 2.32116       0       0       0
      0       0       0       0       0       0       0 2.27381       0       0
      0       0       0       0       0       0       0       0 2.31256       0
      0       0       0       0       0       0       0       0       0 2.30929
2.29373       0       0       0       0       0       0       0       0       0
      0 2.19144       0       0       0       0       0       0       0       0
      0       0 2.30621       0       0       0       0       0       0       0
      0       0       0 2.28866       0       0       0       0       0       0
      0       0       0       0 2.34868       0       0       0       0       0
      0       0       0       0       0 2.34918       0       0       0       0
      0       0       0       0       0       0 2.31869       0       0       0
      0       0       0       0       0       0       0 2.27381       0       0
      0       0       0       0       0       0       0       0 2.31256       0
      0       0       0       0       0       0       0       0       0 2.29696
2.29373       0       0       0       0       0       0       0       0       0
2.29373       0       0       0       0       0       0       0       0       0
      0       0       0       0       0       0       0 2.27381       0       0
      0       0 2.30621       0       0       0       0       0       0       0
      0       0       0       0       0       0 2.28366       0       0       0
      0       0       0       0       0 2.38716       0       0       0       0
      0       0       0       0       0 2.30983       0       0       0       0
      0       0       0  2.2834       0       0       0       0       0       0
      0       0       0       0       0       0       0 2.27381       0       0
      0       0       0       0       0       0       0       0 2.31256       0
      0       0       0       0       0       0 2.31439       0       0       0
      0       0       0       0       0       0 2.32116       0       0       0
      0       0       0       0       0       0   2.319       0       0       0
      0       0       0       0       0       0 2.33026       0       0       0
      0       0       0       0 2.34868       0       0       0       0       0
      0       0       0 2.28866       0       0       0       0       0       0
      0       0       0       0       0       0       0       0 2.32637       0
      0       0       0       0       0       0       0       0 2.31256       0
      0       0       0 2.28866       0       0       0       0       0       0
2.29373       0       0       0       0       0       0       0       0       0
      0 2.18903       0       0       0       0       0       0       0       0
      0       0       0       0       0       0       0       0       0 2.29696
2.29373       0       0       0       0       0       0       0       0       0
      0       0       0       0       0 2.40481       0       0       0       0
      0       0       0       0  2.3731       0       0       0       0       0
      0 2.18903       0       0       0       0       0       0       0       0
      0       0       0       0       0       0       0       0       0 2.30008
      0 2.18136       0       0       0       0       0       0       0       0
      0       0 2.30621       0       0       0       0       0       0       0
      0       0       0       0       0       0       0 2.27381       0       0
2.29373       0       0       0       0       0       0       0       0       0
      0 2.18903       0       0       0       0       0       0       0       0
      0       0       0 2.27733       0       0       0       0       0       0
      0       0       0       0       0       0       0       0 2.31256       0
      0       0 2.30621       0       0       0       0       0       0       0
      0       0       0       0       0       0       0       0       0 2.27584
      0       0 2.30284       0       0       0       0       0       0       0
      0       0       0       0       0       0       0 2.26873       0       0
      0       0       0       0 2.28417       0       0       0       0       0
      0       0 2.30618       0       0       0       0       0       0       0
      0       0       0       0       0       0 2.32116       0       0       0
      0       0       0       0       0 2.30537       0       0       0       0
      0       0       0       0       0 2.42028       0       0       0       0
      0       0       0       0       0       0       0       0       0 2.29696
      0       0       0       0       0       0       0       0       0 2.29696
      0 2.18903       0       0       0       0       0       0       0       0
      0 2.18839       0       0       0       0       0       0       0       0
      0       0       0       0       0 2.40813       0       0       0       0
      0       0       0       0       0       0       0 2.27381       0       0
      0       0       0       0       0       0 2.32116       0       0       0
      0       0       0       0       0       0       0       0 2.31256       0
      0       0 2.30621       0       0       0       0       0       0       0
      0       0       0       0       0       0       0       0       0 2.32977
      0       0       0       0 2.13648       0       0       0       0       0
      0       0       0 2.28866       0       0       0       0       0       0
      0 2.19291       0       0       0       0       0       0       0       0
      0       0       0       0       0       0       0       0       0 2.29696
2.29373       0       0       0       0       0       0       0       0       0
      0       0       0       0       0       0       0       0       0 2.25741
      0       0       0 2.28866       0       0       0       0       0       0
      0       0       0       0       0       0 2.32116       0       0       0
      0       0       0       0       0       0       0       0 2.31256       0
      0       0       0       0       0       0       0 2.24192       0       0
2.29373       0       0       0       0       0       0       0       0       0
      0 2.18704       0       0       0       0       0       0       0       0
2.29373       0       0       0       0       0       0       0       0       0
      0       0       0       0       0 2.42932       0       0       0       0
      0       0       0       0       0       0       0       0 2.31256       0
      0       0 2.30621       0       0       0       0       0       0       0
      0       0       0       0       0       0       0  2.2489       0       0
      0       0       0       0       0       0       0 2.24292       0       0
2.29373       0       0       0       0       0       0       0       0       0
      0 2.18903       0       0       0       0       0       0       0       0
      0       0 2.27816       0       0       0       0       0       0       0
      0       0       0 2.23941       0       0       0       0       0       0
      0       0       0       0 2.35257       0       0       0       0       0
      0       0       0       0       0 2.35788       0       0       0       0
      0       0       0       0       0       0 2.32073       0       0       0
      0       0       0       0       0       0       0 2.18412       0       0
      0       0       0       0       0       0       0       0 2.31202       0
      0       0       0       0       0       0       0       0       0 2.29544
2.28807       0       0       0       0       0       0       0       0       0
      0 2.10435       0       0       0       0       0       0       0       0
      0       0 2.30662       0       0       0       0       0       0       0
      0       0       0 2.27746       0       0       0       0       0       0
      0       0       0       0 2.31658       0       0       0       0       0
      0       0       0       0       0 2.31327       0       0       0       0
      0       0       0       0       0       0       0       0 2.31256       0
      0       0       0       0       0       0       0       0       0 2.29696
2.29373       0       0       0       0       0       0       0       0       0
      0 2.18903       0       0       0       0       0       0       0       0
      0       0 2.30742       0       0       0       0       0       0       0
      0       0       0 2.25821       0       0       0       0       0       0
      0       0       0       0 2.34406       0       0       0       0       0
      0       0       0       0       0 2.40907       0       0       0       0
      0       0       0       0       0       0  2.2465       0       0       0
      0       0       0       0       0       0       0 2.27163       0       0
      0       0       0       0       0       0       0       0 2.31256       0
      0       0       0       0       0       0       0       0       0 2.22952
      0       0 2.31556       0       0       0       0       0       0       0
      0 2.14523       0       0       0       0       0       0       0       0
      0       0  2.2215       0       0       0       0       0       0       0
      0 2.12051       0       0       0       0       0       0       0       0
      0       0       0 2.28994       0       0       0       0       0       0
      0       0       0       0       0       0       0       0       0 2.27115
      0       0       0       0       0       0       0       0       0 2.26327
      0       0       0       0       0       0       0       0 2.31256       0
      0       0       0       0       0 2.36734       0       0       0       0
      0       0       0 2.28866       0       0       0       0       0       0
      0       0       0       0       0       0       0  2.1793       0       0
2.29373       0       0       0       0       0       0       0       0       0
      0       0       0       0       0       0       0 2.26955       0       0
      0       0       0       0       0       0       0 2.26394       0       0
      0       0       0       0       0 2.40907       0       0       0       0
      0       0       0       0       0       0       0 2.27381       0       0
      0       0       0       0       0       0       0       0       0 2.29658
      0       0       0       0       0       0       0       0       0 2.17008
      0       0       0       0 2.33188       0       0       0       0       0
      0       0       0       0       0       0       0 2.26758       0       0
2.29373       0       0       0       0       0       0       0       0       0
      0       0       0 2.28866       0       0       0       0       0       0
      0       0       0       0 2.24273       0       0       0       0       0
      0 2.14386       0       0       0       0       0       0       0       0
      0       0       0       0       0 2.40907       0       0       0       0
      0       0       0       0       0       0       0       0 2.31256       0
      0 2.18231       0       0       0       0       0       0       0       0
      0       0       0       0 2.35137       0       0       0       0       0
      0       0       0       0       0       0       0       0 2.31256       0
      0       0       0       0 2.33988       0       0       0       0       0
      0 2.18903       0       0       0       0       0       0       0       0
      0       0       0       0       0       0       0       0 2.31256       0
      0       0       0       0       0       0  2.2687       0       0       0
      0       0       0       0       0       0 2.29253       0       0       0
      0       0       0       0 2.33023       0       0       0       0       0
      0       0       0       0       0       0 2.31363       0       0       0
2.29373       0       0       0       0       0       0       0       0       0
      0       0       0       0       0 2.41965       0       0       0       0
      0       0       0       0       0 2.38462       0       0       0       0
      0       0       0 2.26945       0       0       0       0       0       0
      0       0       0 2.30435       0       0       0       0       0       0
      0       0       0       0       0 2.43399       0       0       0       0
      0       0       0       0       0       0       0 2.26794       0       0
      0       0 2.24195       0       0       0       0       0       0       0
      0       0       0       0       0 2.43929       0       0       0       0
      0       0       0       0       0       0       0       0       0 2.29551
      0       0       0       0       0       0 2.32116       0       0       0
      0       0       0       0       0       0       0       0       0 2.21983
      0       0 2.30581       0       0       0       0       0       0       0
      0       0       0       0       0       0 2.28489       0       0       0
      0       0 2.26754       0       0       0       0       0       0       0
      0 2.18478       0       0       0       0       0       0       0       0
      0       0  2.2241       0       0       0       0       0       0       0
2.29373       0       0       0       0       0       0       0       0       0
      0       0       0       0       0       0       0       0 2.25031       0
      0       0       0 2.28866       0       0       0       0       0       0
      0       0       0       0       0       0       0       0 2.31657       0
      0       0       0 2.29326       0       0       0       0       0       0
2.28234       0       0       0       0       0       0       0       0       0
      0       0       0       0       0       0       0       0 2.30457       0
      0       0       0       0       0       0       0 2.26606       0       0
      0       0       0       0 2.02613       0       0       0       0       0
      0       0       0       0       0       0       0       0       0  2.0854
      0       0       0       0       0  2.3984       0       0       0       0
2.20963       0       0       0       0       0       0       0       0       0
      0       0       0       0       0       0       0       0       0 2.29682
      0       0       0       0       0       0       0 2.25048       0       0
2.29373       0       0       0       0       0       0       0       0       0
2.29373       0       0       0       0       0       0       0       0       0
      0       0       0       0  2.3474       0       0       0       0       0
      0       0       0       0       0       0 2.30203       0       0       0
2.29373       0       0       0       0       0       0       0       0       0
      0       0       0       0       0       0       0       0       0 2.29032
      0 2.18527       0       0       0       0       0       0       0       0
      0       0       0       0       0       0 2.30952       0       0       0
      0       0  2.1684       0       0       0       0       0       0       0
      0       0       0       0       0       0       0 2.23301       0       0
      0       0       0       0       0       0 2.21783       0       0       0
      0       0       0       0       0       0       0       0 2.32117       0
      0       0       0 2.28866       0       0       0       0       0       0
      0       0       0       0       0 2.36104       0       0       0       0
      0       0 2.29768       0       0       0       0       0       0       0
      0 2.17099       0       0       0       0       0       0       0       0
      0       0       0       0       0       0       0       0 2.31256       0
      0       0       0 2.29279       0       0       0       0       0       0
      0       0       0       0       0       0       0       0 2.28205       0
      0       0       0       0       0       0 2.29518       0       0       0
      0 2.18598       0       0       0       0       0       0       0       0
2.21595       0       0       0       0       0       0       0       0       0
      0       0 2.27963       0       0       0       0       0       0       0
      0 2.18903       0       0       0       0       0       0       0       0
      0       0       0       0 2.30176       0       0       0       0       0
2.29373       0       0       0       0       0       0       0       0       0
      0 2.18903       0       0       0       0       0       0       0       0
      0       0 2.30621       0       0       0       0       0       0       0
      0       0       0 2.28866       0       0       0       0       0       0
      0       0       0       0 2.34868       0       0       0       0       0
      0       0       0       0       0 2.40907       0       0       0       0
      0       0       0       0       0       0 2.32116       0       0       0
      0       0       0       0       0       0       0 2.27185       0       0
      0       0       0       0       0       0       0       0 2.31256       0
      0       0       0       0       0       0       0       0       0 2.30275
2.29373       0       0       0       0       0       0       0       0       0
      0 2.18903       0       0       0       0       0       0       0       0
      0       0 2.30621       0       0       0       0       0       0       0
      0       0       0 2.28866       0       0       0       0       0       0
      0       0       0       0 2.34868       0       0       0       0       0
      0       0       0       0       0 2.40907       0       0       0       0
      0       0       0       0       0       0 2.32116       0       0       0
      0       0       0       0       0       0       0 2.27381       0       0
      0       0       0       0       0       0       0       0 2.31256       0
      0       0       0       0       0       0       0       0       0 2.29696
2.29373       0       0       0       0       0       0       0       0       0
      0 2.18903       0       0       0       0       0       0       0       0
      0       0 2.30621       0       0       0       0       0       0       0
      0       0       0 2.28866       0       0       0       0       0       0
      0       0       0       0 2.34868       0       0       0       0       0
      0       0       0       0       0 2.39561       0       0       0       0
      0       0       0       0       0       0 2.32116       0       0       0
      0       0       0       0       0       0       0 2.27381       0       0
      0       0       0       0       0       0       0       0 2.31256       0
      0       0       0       0       0       0       0       0       0 2.29696
      0       0       0       0       0       0       0 2.27381       0       0
      0       0       0       0       0       0 2.32116       0       0       0
      0       0       0       0 2.34868       0       0       0       0       0
      0       0       0       0       0       0       0 2.27381       0       0
      0       0       0       0       0       0 2.32116       0       0       0
      0       0 2.23003       0       0       0       0       0       0       0
      0       0       0 2.28866       0       0       0       0       0       0
      0       0       0       0 2.34868       0       0       0       0       0
      0       0       0       0       0       0       0       0 2.31256       0
      0       0       0       0       0       0       0 2.16275       0       0
      0       0       0       0       0       0       0       0 2.31256       0
      0       0       0       0       0       0 2.32116       0       0       0
      0       0       0       0       0       0       0       0       0 2.29696
      0       0       0       0       0       0       0       0 2.31256       0
      0       0       0 2.28866       0       0       0       0       0       0
      0       0 2.30621       0       0       0       0       0       0       0
      0       0 2.30621       0       0       0       0       0       0       0
      0       0       0       0       0       0       0       0 2.31256       0
      0       0       0       0 2.34868       0       0       0       0       0
      0       0       0       0       0       0       0       0 2.31256       0
      0       0       0       0       0 2.40907       0       0       0       0
      0       0       0       0       0       0 2.32116       0       0       0
      0       0       0       0       0 2.40907       0       0       0       0
2.29373       0       0       0       0       0       0       0       0       0
      0       0 2.30621       0       0       0       0       0       0       0
2.29373       0       0       0       0       0       0       0       0       0
      0 2.18903       0       0       0       0       0       0       0       0
      0 2.18903       0       0       0       0       0       0       0       0
      0       0 2.30621       0       0       0       0       0       0       0
      0       0       0       0       0       0       0       0       0 2.29163
      0       0       0       0       0       0 2.32116       0       0       0
      0       0       0       0       0       0       0       0 2.31256       0
      0       0 2.30621       0       0       0       0       0       0       0
      0 2.18903       0       0       0       0       0       0       0       0
2.29373       0       0       0       0       0       0       0       0       0
      0       0       0       0       0       0 2.32116       0       0       0
      0       0       0       0       0 2.40907       0       0       0       0
      0       0 2.29432       0       0       0       0       0       0       0
      0       0       0       0       0       0       0       0       0 2.29696
      0       0       0       0       0       0       0 2.27381       0       0
      0       0       0       0       0 2.40907       0       0       0       0
      0       0       0 2.28866       0       0       0       0       0       0
      0       0       0       0       0       0       0       0       0 2.29696
      0       0       0 2.28866       0       0       0       0       0       0
      0       0       0       0       0       0       0 2.27211       0       0
      0 2.18903       0       0       0       0       0       0       0       0
      0       0       0       0       0       0       0       0 2.31256       0
      0       0       0 2.28866       0       0       0       0       0       0
      0       0       0       0       0       0       0       0 2.31256       0
      0 2.18903       0       0       0       0       0       0       0       0
      0       0       0       0       0       0       0       0       0 2.29696
      0       0       0       0       0 2.31706       0       0       0       0
      0       0       0       0       0 2.40945       0       0       0       0
2.29373       0       0       0       0       0       0       0       0       0
      0 2.18903       0       0       0       0       0       0       0       0
      0 2.18903       0       0       0       0       0       0       0       0
      0       0       0       0       0       0       0       0       0 2.29696
      0       0       0       0       0       0       0       0 2.31256       0
      0       0 2.30621       0       0       0       0       0       0       0
      0       0       0       0       0       0 2.32116       0       0       0
2.29373       0       0       0       0       0       0       0       0       0
      0       0       0       0 2.34868       0       0       0       0       0
      0       0       0       0       0 2.33559       0       0       0       0
2.29373       0       0       0       0       0       0       0       0       0
      0       0       0 2.28866       0       0       0       0       0       0
      0 2.18903       0       0       0       0       0       0       0       0
      0       0       0       0       0       0       0       0 2.31256       0
      0       0       0       0       0       0 2.32116       0       0       0
      0       0       0       0       0       0       0 2.27381       0       0
      0       0       0       0       0 2.35404       0       0       0       0
      0       0       0       0       0       0       0       0       0 2.29696
      0       0       0       0       0       0       0       0       0 2.29696
      0       0       0 2.28866       0       0       0       0       0       0
2.29373       0       0       0       0       0       0       0       0       0
      0       0       0 2.28866       0       0       0       0       0       0
      0 2.18903       0       0       0       0       0       0       0       0
      0       0       0       0 2.34868       0       0       0       0       0
      0       0       0       0 2.34868       0       0       0       0       0
2.29373       0       0       0       0       0       0       0       0       0
      0       0       0       0 2.34868       0       0       0       0       0
      0       0       0       0       0       0       0       0       0 2.29696
2.29373       0       0       0       0       0       0       0       0       0
      0 2.18903       0       0       0       0       0       0       0       0
      0       0 2.30621       0       0       0       0       0       0       0
      0       0       0 2.28866       0       0       0       0       0       0
      0       0       0       0       0 2.40969       0       0       0       0
      0       0       0       0       0       0 2.32116       0       0       0
      0       0       0       0       0       0       0 2.27381       0       0
      0       0       0       0       0       0       0       0 2.31256       0
2.29373       0       0       0       0       0       0       0       0       0
      0 2.18903       0       0       0       0       0       0       0       0
      0       0 2.30621       0       0       0       0       0       0       0
      0       0       0 2.28866       0       0       0       0       0       0
      0       0       0       0       0 2.40907       0       0       0       0
      0       0       0       0       0       0 2.32116       0       0       0
      0       0       0       0       0       0       0 2.22915       0       0
      0       0       0       0       0       0       0       0 2.31256       0
      0       0       0       0       0       0       0       0       0 2.29696
2.29373       0       0       0       0       0       0       0       0       0
      0 2.18903       0       0       0       0       0       0       0       0
      0       0 2.30621       0       0       0       0       0       0       0
      0       0       0 2.28866       0       0       0       0       0       0
      0       0       0       0       0 2.44463       0       0       0       0
      0       0       0       0       0       0 2.32116       0       0       0
      0       0       0       0       0       0       0 2.25044       0       0
      0       0       0       0       0       0       0       0 2.31256       0
      0       0       0       0       0       0       0       0       0 2.29696
      0       0       0       0       0       0       0       0       0 2.29696
      0       0       0       0       0       0       0 2.27381       0       0
2.29373       0       0       0       0       0       0       0       0       0
      0       0       0       0       0       0       0       0       0 2.29696
2.29373       0       0       0       0       0       0       0       0       0
      0 2.18903       0       0       0       0       0       0       0       0
      0       0       0       0       0 2.39262       0       0       0       0
      0       0       0       0       0       0       0       0 2.31256       0
      0       0       0       0       0       0       0       0 2.31256       0
2.29373       0       0       0       0       0       0       0       0       0
      0       0       0       0       0       0       0       0       0 2.29696
      0       0       0 2.28866       0       0       0       0       0       0
      0       0 2.30621       0       0       0       0       0       0       0
      0       0       0       0       0       0       0 2.27381       0       0
      0       0       0       0       0       0       0       0 2.31256       0
      0       0       0       0 2.34868       0       0       0       0       0
      0       0       0       0       0       0 2.32116       0       0       0
      0  2.1895       0       0       0       0       0       0       0       0
2.29373       0       0       0       0       0       0       0       0       0
      0       0       0       0 2.34868       0       0       0       0       0
      0       0       0       0       0       0       0       0       0 2.29696
      0       0       0       0 2.34868       0       0       0       0       0
      0       0 2.30621       0       0       0       0       0       0       0
2.29373       0       0       0       0       0       0       0       0       0
      0       0       0       0       0 2.40196       0       0       0       0
2.29373       0       0       0       0       0       0       0       0       0
      0 2.18903       0       0       0       0       0       0       0       0
      0       0       0       0       0       0 2.32116       0       0       0
      0       0       0       0       0       0       0       0       0 2.29696
      0       0       0 2.28866       0       0       0       0       0       0
      0       0 2.30621       0       0       0       0       0       0       0
      0       0       0       0       0       0       0       0       0 2.29696
      0 2.18903       0       0       0       0       0       0       0       0
      0       0       0       0       0       0 2.32116       0       0       0
2.29373       0       0       0       0       0       0       0       0       0
      0 2.18903       0       0       0       0       0       0       0       0
      0 2.18903       0       0       0       0       0       0       0       0
      0       0       0       0       0       0       0       0 2.31256       0
      0       0       0       0       0       0       0 2.27381       0       0
      0       0       0       0       0       0       0 2.27381       0       0
      0       0       0       0       0       0 2.32116       0       0       0
      0       0       0 2.28866       0       0       0       0       0       0
      0       0       0       0       0       0 2.32116       0       0       0
2.29373       0       0       0       0       0       0       0       0       0
      0       0       0       0       0       0       0 2.27381       0       0
      0       0 2.30621       0       0       0       0       0       0       0
      0       0       0       0 2.34868       0       0       0       0       0
      0 2.18903       0       0       0       0       0       0       0       0
      0       0       0       0       0       0       0 2.27381       0       0
2.29373       0       0       0       0       0       0       0       0       0
      0       0       0       0       0       0 2.32116       0       0       0
      0       0       0       0       0       0       0 2.27381       0       0
      0 2.18903       0       0       0       0       0       0       0       0
      0       0 2.30621       0       0       0       0       0       0       0
      0       0       0       0       0 2.41966       0       0       0       0
      0       0       0       0       0       0       0       0 2.31256       0
      0 2.18903       0       0       0       0       0       0       0       0
      0       0       0       0       0       0       0       0 2.31636       0
      0       0 2.30621       0       0       0       0       0       0       0
      0       0       0       0       0       0       0       0 2.31256       0
      0       0       0       0       0       0       0 2.27381       0       0
      0       0       0       0       0       0 2.32116       0       0       0
      0       0       0       0       0       0       0       0 2.31256       0
      0       0       0       0       0       0       0 2.27381       0       0
      0 2.18903       0       0       0       0       0       0       0       0
      0       0       0       0       0       0 2.32116       0       0       0
      0       0 2.30621       0       0       0       0       0       0       0
      0       0       0       0       0       0       0       0       0 2.29696
      0       0       0 2.28866       0       0       0       0       0       0
2.29373       0       0       0       0       0       0       0       0       0
      0 2.18903       0       0       0       0       0       0       0       0
      0       0 2.27215       0       0       0       0       0       0       0
      0       0       0 2.28866       0       0       0       0       0       0
      0       0       0       0 2.34868       0       0       0       0       0
      0       0       0       0       0 2.40907       0       0       0       0
      0       0       0       0       0       0 2.32116       0       0       0
      0       0       0       0       0       0       0 2.27381       0       0
      0       0       0       0       0       0       0       0 2.31256       0
      0       0       0       0       0       0       0       0       0 2.29696
2.29373       0       0       0       0       0       0       0       0       0
      0 2.18903       0       0       0       0       0       0       0       0
      0       0 2.30277       0       0       0       0       0       0       0
      0       0       0 2.28866       0       0       0       0       0       0
      0       0       0       0 2.34868       0       0       0       0       0
      0       0       0       0       0 2.40907       0       0       0       0
      0       0       0       0       0       0 2.32116       0       0       0
      0       0       0       0       0       0       0 2.27381       0       0
      0       0       0       0       0       0       0       0 2.31256       0
      0       0       0       0       0       0       0       0       0 2.29551
2.29373       0       0       0       0       0       0       0       0       0
      0 2.18903       0       0       0       0       0       0       0       0
      0       0 2.30259       0       0       0       0       0       0       0
      0       0       0 2.28866       0       0       0       0       0       0
      0       0       0       0 2.34868       0       0       0       0       0
      0       0       0       0       0 2.40907       0       0       0       0
      0       0       0       0       0       0 2.31865       0       0       0
      0       0       0       0       0       0       0 2.27381       0       0
      0       0       0       0       0       0       0       0 2.31256       0
      0       0       0       0       0       0       0       0       0 2.29696
      0       0       0       0       0       0       0       0 2.31256       0
      0       0       0       0       0       0       0       0       0 2.29696
      0       0       0       0       0 2.40907       0       0       0       0
      0       0       0       0       0       0       0 2.27381       0       0
2.29373       0       0       0       0       0       0       0       0       0
      0       0       0 2.28866       0       0       0       0       0       0
      0 2.18903       0       0       0       0       0       0       0       0
      0       0       0       0       0       0 2.32116       0       0       0
      0       0       0       0       0       0       0       0 2.31256       0
      0       0       0       0 2.34662       0       0       0       0       0
      0 2.18903       0       0       0       0       0       0       0       0
      0       0       0       0       0 2.24048       0       0       0       0
      0       0       0       0       0       0 2.32116       0       0       0
      0       0       0       0 2.34868       0       0       0       0       0
      0       0 2.24698       0       0       0       0       0       0       0
      0       0       0       0       0       0       0 2.27381       0       0
      0       0       0       0       0       0       0       0 2.31256       0
      0 2.18903       0       0       0       0       0       0       0       0
      0       0       0 2.28866       0       0       0       0       0       0
      0       0       0       0 2.34875       0       0       0       0       0
      0       0       0 2.28866       0       0       0       0       0       0
      0       0       0       0 2.34868       0       0       0       0       0
      0       0       0       0       0       0       0 2.27381       0       0
      0       0 2.30537       0       0       0       0       0       0       0
2.29373       0       0       0       0       0       0       0       0       0
      0       0       0       0       0 2.40907       0       0       0       0
2.29373       0       0       0       0       0       0       0       0       0
      0 2.18903       0       0       0       0       0       0       0       0
      0       0       0       0       0       0       0       0       0 2.29696
      0       0 2.21121       0       0       0       0       0       0       0
      0       0       0 2.28866       0       0       0       0       0       0
      0       0 2.30621       0       0       0       0       0       0       0
      0       0       0 2.28866       0       0       0       0       0       0
      0       0       0       0       0 2.37386       0       0       0       0
      0       0       0       0       0  2.3816       0       0       0       0
      0       0       0       0       0       0       0 2.27381       0       0
      0       0       0       0       0       0       0       0 2.31256       0
      0       0       0       0 2.34868       0       0       0       0       0
      0       0       0       0       0       0       0       0       0 2.29696
      0       0       0       0       0       0       0       0       0 2.29696
      0       0       0       0       0       0       0 2.27381       0       0
      0 2.19583       0       0       0       0       0       0       0       0
      0 2.18903       0       0       0       0       0       0       0       0
      0       0       0       0       0       0       0       0       0 2.29696
2.29373       0       0       0       0       0       0       0       0       0
      0       0       0       0       0       0       0 2.27381       0       0
      0       0       0       0       0       0       0       0 2.31256       0
      0       0       0 2.28866       0       0       0       0       0       0
      0       0       0       0 2.32859       0       0       0       0       0
      0       0       0       0       0       0       0       0 2.31256       0
      0       0       0       0       0       0 2.32116       0       0       0
      0       0       0 2.28866       0       0       0       0       0       0
      0       0       0       0       0       0       0       0 2.31256       0
2.29673       0       0       0       0       0       0       0       0       0
      0       0       0       0       0       0       0       0       0 2.29696
      0       0       0       0       0       0 2.32116       0       0       0
      0       0 2.24789       0       0       0       0       0       0       0
      0 2.19835       0       0       0       0       0       0       0       0
2.29373       0       0       0       0       0       0       0       0       0
      0 2.18903       0       0       0       0       0       0       0       0
2.29373       0       0       0       0       0       0       0       0       0
      0       0       0       0       0       0 2.32116       0       0       0
      0       0 2.30589       0       0       0       0       0       0       0
      0       0       0 2.28866       0       0       0       0       0       0
      0       0       0       0       0       0       0       0 2.31256       0
      0       0       0       0       0       0       0       0       0 2.29696
2.29373       0       0       0       0       0       0       0       0       0
      0       0       0       0       0       0       0 2.27381       0       0
      0       0 2.30621       0       0       0       0       0       0       0
      0       0       0 2.28866       0       0       0       0       0       0
      0       0       0       0 2.34868       0       0       0       0       0
      0       0       0       0       0 2.40907       0       0       0       0
      0       0       0       0       0 2.40907       0       0       0       0
      0       0  2.2194       0       0       0       0       0       0       0
      0       0       0       0       0       0       0       0 2.31256       0
      0       0       0       0       0 2.40907       0       0       0       0
      0       0       0       0 2.34868       0       0       0       0       0
      0       0       0       0       0       0 2.32116       0       0       0
      0       0       0       0       0       0 2.32116       0       0       0
      0       0       0       0       0       0 2.32116       0       0       0
      0       0       0       0       0       0       0 2.27381       0       0
      0       0       0       0       0       0       0       0       0 2.29696
      0 2.18903       0       0       0       0       0       0       0       0
      0       0       0       0       0       0       0       0 2.29375       0
      0       0 2.30621       0       0       0       0       0       0       0
      0 2.18903       0       0       0       0       0       0       0       0
      0       0       0       0       0 2.40907       0       0       0       0
      0       0       0 2.28866       0       0       0       0       0       0
      0       0       0       0 2.34868       0       0       0       0       0
      0       0       0       0       0       0       0 2.27381       0       0
      0       0       0       0       0       0       0       0       0 2.29696
      0       0       0       0 2.34868       0       0       0       0       0
2.29373       0       0       0       0       0       0       0       0       0
2.29373       0       0       0       0       0       0       0       0       0
2.29373       0       0       0       0       0       0       0       0       0
      0 2.18903       0       0       0       0       0       0       0       0
      0       0 2.30621       0       0       0       0       0       0       0
      0       0       0 2.28866       0       0       0       0       0       0
      0       0       0       0 2.34868       0       0       0       0       0
      0       0       0       0       0 2.40907       0       0       0       0
      0       0       0       0       0       0 2.32116       0       0       0
      0       0       0       0       0       0       0 2.27381       0       0
      0       0       0       0       0       0       0       0 2.31256       0
      0       0       0       0       0       0       0       0       0 2.29696
2.29373       0       0       0       0       0       0       0       0       0
      0 2.18903       0       0       0       0       0       0       0       0
      0       0 2.30621       0       0       0       0       0       0       0
      0       0       0 2.28866       0       0       0       0       0       0
      0       0       0       0 2.34868       0       0       0       0       0
      0       0       0       0       0 2.40037       0       0       0       0
      0       0       0       0       0       0 2.32116       0       0       0
      0       0       0       0       0       0       0 2.27381       0       0
      0       0       0       0       0       0       0       0  2.3197       0
      0       0       0       0       0       0       0       0       0 2.29696
2.29373       0       0       0       0       0       0       0       0       0
      0 2.18903       0       0       0       0       0       0       0       0
      0       0 2.30621       0       0       0       0       0       0       0
      0       0       0 2.28866       0       0       0       0       0       0
      0       0       0       0 2.34868       0       0       0       0       0
      0       0       0       0       0 2.40907       0       0       0       0
      0       0       0       0       0       0 2.32116       0       0       0
      0       0       0       0       0       0       0       0       0 2.29696
2.29373       0       0       0       0       0       0       0       0       0
      0 2.18903       0       0       0       0       0       0       0       0
      0       0       0 2.28866       0       0       0       0       0       0
      0 2.18903       0       0       0       0       0       0       0       0
      0       0       0       0       0 2.39455       0       0       0       0
      0 2.18903       0       0       0       0       0       0       0       0
      0       0 2.30621       0       0       0       0       0       0       0
      0       0       0       0 2.34868       0       0       0       0       0
      0       0       0       0       0       0       0       0       0 2.29696
      0       0 2.30621       0       0       0       0       0       0       0
      0       0       0       0 2.34893       0       0       0       0       0
      0       0       0       0       0       0 2.32116       0       0       0
      0       0       0       0       0       0       0       0 2.31256       0
2.29373       0       0       0       0       0       0       0       0       0
      0 2.20008       0       0       0       0       0       0       0       0
      0 2.18903       0       0       0       0       0       0       0       0
      0       0       0       0       0       0       0       0       0 2.29696
      0       0 2.30621       0       0       0       0       0       0       0
      0       0       0       0       0       0 2.32116       0       0       0
      0       0       0       0       0       0 2.32116       0       0       0
      0       0       0       0       0       0       0       0 2.31256       0
      0       0       0       0       0       0       0 2.27381       0       0
      0       0       0       0 2.34868       0       0       0       0       0
      0       0 2.30621       0       0       0       0       0       0       0
      0       0       0       0       0       0       0       0       0 2.29696
      0       0       0       0       0       0       0 2.27381       0       0
2.29373       0       0       0       0       0       0       0       0       0
      0       0 2.30621       0       0       0       0       0       0       0
      0 2.18903       0       0       0       0       0       0       0       0
2.29373       0       0       0       0       0       0       0       0       0
      0       0       0 2.28866       0       0       0       0       0       0
      0       0       0       0       0       0 2.32116       0       0       0
2.29373       0       0       0       0       0       0       0       0       0
      0 2.18903       0       0       0       0       0       0       0       0
      0       0 2.22723       0       0       0       0       0       0       0
      0       0       0 2.28866       0       0       0       0       0       0
      0       0       0       0 2.34868       0       0       0       0       0
      0       0       0       0       0 2.34447       0       0       0       0
      0       0       0       0       0       0 2.32116       0       0       0
      0       0       0       0       0       0       0 2.27381       0       0
      0       0       0       0       0       0       0       0 2.31256       0
      0       0       0       0       0       0       0       0       0 2.29696
2.29373       0       0       0       0       0       0       0       0       0
      0 2.19732       0       0       0       0       0       0       0       0
      0       0 2.28458       0       0       0       0       0       0       0
      0       0       0 2.28866       0       0       0       0       0       0
      0       0       0       0 2.34868       0       0       0       0       0
      0       0       0       0       0 2.26739       0       0       0       0
      0       0       0       0       0       0 2.30267       0       0       0
      0       0       0       0       0       0       0 2.27381       0       0
      0       0       0       0       0       0       0       0 2.31256       0
      0       0       0       0       0       0       0       0       0 2.29696
2.28723       0       0       0       0       0       0       0       0       0
      0 2.18903       0       0       0       0       0       0       0       0
      0       0 2.30621       0       0       0       0       0       0       0
      0       0       0 2.28866       0       0       0       0       0       0
      0       0       0       0 2.22916       0       0       0       0       0
      0       0       0       0       0 2.41225       0       0       0       0
      0       0       0       0       0       0 2.32116       0       0       0
      0       0       0       0       0       0       0 2.27035       0       0
      0       0       0       0       0       0       0       0 2.29066       0
      0       0       0       0       0       0       0       0       0 2.29125
      0       0       0       0       0       0       0       0 2.31256       0
      0       0       0       0       0       0 2.32116       0       0       0
      0       0       0       0       0 2.36358       0       0       0       0
      0       0       0       0       0       0       0       0       0 2.27707
      0       0       0       0       0       0       0 2.27529       0       0
 2.2957       0       0       0       0       0       0       0       0       0
      0       0 2.30621       0       0       0       0       0       0       0
      0       0       0 2.28866       0       0       0       0       0       0
      0       0       0       0 2.30548       0       0       0       0       0
      0       0       0 2.31105       0       0       0       0       0       0
      0       0       0       0       0       0       0       0 2.31256       0
      0       0       0       0       0 2.23506       0       0       0       0
      0 2.17418       0       0       0       0       0       0       0       0
      0       0       0       0       0 2.24574       0       0       0       0
      0       0 2.30621       0       0       0       0       0       0       0
      0       0       0 2.28866       0       0       0       0       0       0
2.28765       0       0       0       0       0       0       0       0       0
      0 2.16285       0       0       0       0       0       0       0       0
      0       0 2.44558       0       0       0       0       0       0       0
      0 2.18929       0       0       0       0       0       0       0       0
      0       0       0 2.28866       0       0       0       0       0       0
      0       0 2.27851       0       0       0       0       0       0       0
      0       0       0       0       0       0 2.32041       0       0       0
      0       0       0       0       0 2.27259       0       0       0       0
      0       0       0 2.28866       0       0       0       0       0       0
2.29659       0       0       0       0       0       0       0       0       0
      0       0       0       0       0       0       0 2.26435       0       0
      0       0 2.11746       0       0       0       0       0       0       0
      0       0       0       0       0       0       0 2.27381       0       0
      0       0       0       0 2.34868       0       0       0       0       0
      0       0       0       0       0       0 2.32116       0       0       0
      0       0       0       0 2.38993       0       0       0       0       0
2.29373       0       0       0       0       0       0       0       0       0
      0       0       0       0       0 2.33766       0       0       0       0
      0       0       0       0       0       0       0       0       0  2.2948
      0       0       0       0       0       0       0       0       0 2.29696
      0       0       0       0       0       0       0       0 2.32814       0
      0       0       0       0       0       0       0       0       0 2.29696
      0       0       0       0       0 2.40907       0       0       0       0
      0       0       0 2.28866       0       0       0       0       0       0
      0 2.18199       0       0       0       0       0       0       0       0
      0       0       0       0       0       0       0 2.27381       0       0
      0       0       0       0 2.34868       0       0       0       0       0
      0       0       0       0       0       0       0 2.27381       0       0
      0       0       0       0       0       0 2.32116       0       0       0
      0       0       0       0       0 2.40907       0       0       0       0
      0       0       0       0 2.34868       0       0       0       0       0
2.27572       0       0       0       0       0       0       0       0       0
2.29373       0       0       0       0       0       0       0       0       0
      0       0       0       0       0       0 2.34893       0       0       0
      0       0       0       0       0       0 2.32116       0       0       0
      0       0 2.29332       0       0       0       0       0       0       0
  2.297       0       0       0       0       0       0       0       0       0
      0       0       0       0       0       0 2.32116       0       0       0
      0       0       0 2.28866       0       0       0       0       0       0
      0       0       0       0       0       0       0 2.27381       0       0
      0       0       0       0       0       0       0 2.27381       0       0
      0       0       0       0 2.33946       0       0       0       0       0
      0       0       0       0 2.34868       0       0       0       0       0
      0       0       0 2.28866       0       0       0       0       0       0
      0       0       0       0       0       0       0       0       0 2.28786
      0       0 2.30621       0       0       0       0       0       0       0
      0       0       0       0       0       0       0       0 2.31256       0
      0       0       0       0       0       0       0       0       0  2.3064
      0       0       0       0       0       0 2.32116       0       0       0
2.30098       0       0       0       0       0       0       0       0       0
      0       0       0       0       0       0       0       0       0 2.29696
      0       0       0       0       0  2.2889       0       0       0       0
      0       0       0 2.28866       0       0       0       0       0       0
      0       0       0       0       0       0       0       0 2.31256       0
      0       0       0       0       0       0       0       0 2.31256       0
      0       0       0       0       0       0       0 2.26295       0       0
      0 2.18903       0       0       0       0       0       0       0       0
      0       0       0       0 2.32847       0       0       0       0       0
2.29373       0       0       0       0       0       0       0       0       0
      0       0       0       0 2.34868       0       0       0       0       0
      0       0       0       0       0       0       0       0 2.30397       0
      0       0       0       0       0 2.40907       0       0       0       0
      0       0 2.30652       0       0       0       0       0       0       0
      0       0       0 2.28866       0       0       0       0       0       0
      0       0       0       0       0       0       0       0       0 2.28529
2.27456       0       0       0       0       0       0       0       0       0
      0 2.19121       0       0       0       0       0       0       0       0
      0       0       0       0       0       0       0       0       0 2.29696
      0 2.16332       0       0       0       0       0       0       0       0
      0       0       0       0       0 2.35899       0       0       0       0
      0 2.18985       0       0       0       0       0       0       0       0
      0       0       0       0       0       0       0 2.26462       0       0
      0       0       0       0 2.35219       0       0       0       0       0
      0       0       0       0       0       0       0       0 2.31896       0
      0       0       0       0       0       0 2.31361       0       0       0
      0       0 2.29467       0       0       0       0       0       0       0
      0 2.19381       0       0       0       0       0       0       0       0
      0       0       0       0       0       0 2.32116       0       0       0
      0       0       0       0       0       0       0       0 2.31256       0
      0       0       0       0       0       0       0       0 2.31256       0
2.28558       0       0       0       0       0       0       0       0       0
      0 2.19036       0       0       0       0       0       0       0       0
      0       0 2.29316       0       0       0       0       0       0       0
      0       0       0 2.28866       0       0       0       0       0       0
      0       0       0       0 2.28826       0       0       0       0       0
      0       0       0       0       0       0       0 2.27381       0       0
      0       0       0       0       0       0       0       0 2.31256       0
      0       0       0       0       0       0       0       0       0 2.29696
2.29373       0       0       0       0       0       0       0       0       0
      0 2.18903       0       0       0       0       0       0       0       0
      0       0 2.30621       0       0       0       0       0       0       0
      0       0       0 2.28866       0       0       0       0       0       0
      0       0       0       0 2.35037       0       0       0       0       0
      0       0       0       0       0       0 2.31976       0       0       0
      0       0       0       0       0       0       0 2.27107       0       0
      0       0       0       0       0       0       0       0 2.31535       0
      0       0       0       0       0       0       0       0       0 2.29696
2.17746       0       0       0       0       0       0       0       0       0
      0 2.18655       0       0       0       0       0       0       0       0
      0       0 2.23186       0       0       0       0       0       0       0
      0       0       0 2.28866       0       0       0       0       0       0
      0       0       0       0 2.34868       0       0       0       0       0
      0       0       0       0       0       0       0 2.26004       0       0
      0       0       0       0       0       0       0       0 2.20692       0
      0       0       0       0       0       0       0       0       0 2.27392
      0 2.15159       0       0       0       0       0       0       0       0
      0       0       0       0 2.25768       0       0       0       0       0
      0       0       0       0       0 2.41818       0       0       0       0
      0       0       0 2.28866       0       0       0       0       0       0
      0       0       0 2.28866       0       0       0       0       0       0
2.29373       0       0       0       0       0       0       0       0       0
      0       0       0       0       0       0       0       0       0 2.29564
      0       0       0       0       0 2.40312       0       0       0       0
      0       0       0       0 2.34868       0       0       0       0       0
      0       0       0 2.28866       0       0       0       0       0       0
2.28173       0       0       0       0       0       0       0       0       0
      0       0       0       0       0       0       0       0 2.29066       0
      0       0       0       0 2.34459       0       0       0       0       0
      0       0       0       0       0       0 2.26331       0       0       0
      0       0       0       0       0       0       0 2.27381       0       0
2.29608       0       0       0       0       0       0       0       0       0
      0       0       0       0       0       0       0 2.19949       0       0
      0       0       0       0       0       0       0 2.27381       0       0
      0 2.20338       0       0       0       0       0       0       0       0
      0       0       0       0       0       0 2.32116       0       0       0
      0       0       0       0       0       0       0       0       0 2.28642
      0 2.21695       0       0       0       0       0       0       0       0
      0       0       0 2.25424       0       0       0       0       0       0
      0       0       0       0       0       0 2.32116       0       0       0
      0       0 2.30621       0       0       0       0       0       0       0
      0       0       0 2.28866       0       0       0       0       0       0
      0       0       0       0       0       0       0       0 2.31354       0
      0       0 2.30712       0       0       0       0       0       0       0
      0       0       0 2.28866       0       0       0       0       0       0
      0       0       0       0       0       0       0       0 2.31256       0
      0       0       0       0       0       0       0       0       0 2.31178
      0       0       0       0       0 2.28274       0       0       0       0
      0       0       0       0       0       0       0       0 2.24192       0
      0       0       0       0       0       0       0       0 2.28112       0
      0       0       0       0       0       0       0 2.25119       0       0
      0 2.15889       0       0       0       0       0       0       0       0
      0       0       0       0       0       0       0 2.24191       0       0
      0 2.19019       0       0       0       0       0       0       0       0
      0 2.16376       0       0       0       0       0       0       0       0
2.28541       0       0       0       0       0       0       0       0       0
      0       0       0 2.28866       0       0       0       0       0       0
      0       0       0       0  2.2697       0       0       0       0       0
      0       0 2.21665       0       0       0       0       0       0       0
      0       0       0       0       0       0 2.32116       0       0       0
      0       0       0       0 2.25434       0       0       0       0       0
      0       0       0       0       0       0       0 2.27381       0       0
      0       0       0       0 2.34868       0       0       0       0       0
      0       0 2.30559       0       0       0       0       0       0       0
      0       0       0       0       0       0       0 2.27381       0       0
      0       0       0       0 2.33453       0       0       0       0       0
      0       0 2.30621       0       0       0       0       0       0       0
      0       0       0       0       0       0       0       0       0 2.28617
      0       0 2.29569       0       0       0       0       0       0       0
      0       0       0       0       0       0       0 2.25884       0       0
      0       0       0       0       0       0       0       0       0  2.3189
      0       0 2.22182       0       0       0       0       0       0       0
      0 2.15913       0       0       0       0       0       0       0       0
2.27953       0       0       0       0       0       0       0       0       0
      0       0       0       0       0       0 2.22683       0       0       0
      0       0       0       0       0 2.35665       0       0       0       0
      0       0       0 2.28866       0       0       0       0       0       0
      0       0       0       0 2.34868       0       0       0       0       0
      0       0       0       0       0       0       0       0 2.31256       0
      0       0       0       0       0 2.34953       0       0       0       0
      0       0       0       0       0       0       0       0       0 2.29696
      0       0       0       0       0       0 2.32581       0       0       0
      0       0       0       0       0       0       0       0       0 2.28039
2.29373       0       0       0       0       0       0       0       0       0
      0       0       0       0       0       0 2.32116       0       0       0
      0       0       0 2.29574       0       0       0       0       0       0
 2.2675       0       0       0       0       0       0       0       0       0
      0       0       0       0       0       0       0       0 2.40544       0
      0 2.18903       0       0       0       0       0       0       0       0
      0       0       0       0       0       0 2.32047       0       0       0
2.25689       0       0       0       0       0       0       0       0       0
2.29373       0       0       0       0       0       0       0       0       0
      0 2.18903       0       0       0       0       0       0       0       0
      0       0 2.30621       0       0       0       0       0       0       0
      0       0       0 2.28866       0       0       0       0       0       0
      0       0       0       0 2.34868       0       0       0       0       0
      0       0       0       0       0 2.25504       0       0       0       0
      0       0       0       0       0       0 2.32116       0       0       0
      0       0       0       0       0       0       0 2.27381       0       0
2.24477       0       0       0       0       0       0       0       0       0
      0 2.18903       0       0       0       0       0       0       0       0
      0       0 2.28722       0       0       0       0       0       0       0
      0       0       0 2.28866       0       0       0       0       0       0
      0       0       0       0 2.34868       0       0       0       0       0
      0       0       0       0       0       0       0 2.24897       0       0
      0       0       0       0       0       0       0       0 2.31256       0
      0       0       0       0       0       0       0       0       0 2.29696
 2.2965       0       0       0       0       0       0       0       0       0
      0 2.18903       0       0       0       0       0       0       0       0
      0       0 2.30155       0       0       0       0       0       0       0
      0       0       0 2.28866       0       0       0       0       0       0
      0       0       0       0 2.33158       0       0       0       0       0
      0       0       0       0       0       0       0 2.27381       0       0
      0       0 2.30004       0       0       0       0       0       0       0
      0       0       0       0       0 2.40907       0       0       0       0
      0 2.18964       0       0       0       0       0       0       0       0
      0       0       0       0       0       0 2.31763       0       0       0
      0       0       0       0 2.34868       0       0       0       0       0
      0       0       0 2.28866       0       0       0       0       0       0
      0       0       0       0       0       0       0       0       0 2.29669
      0       0       0       0       0       0       0       0       0 2.29696
2.24351       0       0       0       0       0       0       0       0       0
      0       0       0       0       0       0       0       0       0 2.29696
      0       0       0       0       0       0       0 2.27381       0       0
      0 2.18903       0       0       0       0       0       0       0       0
      0       0       0       0       0       0 2.32116       0       0       0
      0       0       0       0  2.3436       0       0       0       0       0
      0       0       0 2.28866       0       0       0       0       0       0
      0       0       0       0       0       0 2.32116       0       0       0
      0       0 2.19505       0       0       0       0       0       0       0
2.26858       0       0       0       0       0       0       0       0       0
      0       0       0       0       0       0       0       0       0 2.30183
      0       0       0       0       0       0       0       0 2.31256       0
      0       0       0       0       0       0 2.32116       0       0       0
      0       0       0       0       0 2.37418       0       0       0       0
      0       0       0       0       0       0       0 2.27381       0       0
2.30247       0       0       0       0       0       0       0       0       0
2.29767       0       0       0       0       0       0       0       0       0
      0  2.1845       0       0       0       0       0       0       0       0
      0       0       0       0       0       0       0 2.27381       0       0
      0       0       0       0 2.34046       0       0       0       0       0
      0       0       0 2.28866       0       0       0       0       0       0
      0       0 2.30621       0       0       0       0       0       0       0
      0       0       0       0 2.25481       0       0       0       0       0
      0 2.18903       0       0       0       0       0       0       0       0
      0       0       0 2.29962       0       0       0       0       0       0
      0       0       0       0       0       0       0 2.29107       0       0
      0       0       0       0       0       0 2.32116       0       0       0
      0       0       0       0 2.35015       0       0       0       0       0
      0       0       0       0       0       0       0 2.26678       0       0
      0       0       0       0       0       0       0 2.26341       0       0
      0       0       0       0       0       0       0 2.25155       0       0
      0       0       0       0       0       0       0       0       0 2.29696
      0       0       0       0       0       0       0       0 2.32151       0
      0       0       0       0 2.33869       0       0       0       0       0
      0       0       0 2.24568       0       0       0       0       0       0
      0       0       0       0       0       0       0       0 2.31917       0
      0       0 2.30621       0       0       0       0       0       0       0
      0       0       0       0       0       0       0       0 2.30099       0
      0       0       0 2.28866       0       0       0       0       0       0
      0       0       0       0       0 2.44021       0       0       0       0
      0       0       0       0       0       0       0       0 2.22112       0
2.29365       0       0       0       0       0       0       0       0       0
      0       0       0       0       0 2.35508       0       0       0       0
      0       0       0       0  2.3697       0       0       0       0       0
      0       0       0       0       0       0       0 2.15461       0       0
      0 2.18903       0       0       0       0       0       0       0       0
      0       0       0 2.28866       0       0       0       0       0       0
      0 2.18903       0       0       0       0       0       0       0       0
      0       0       0       0       0       0       0 2.27381       0       0
      0       0       0       0       0       0       0       0       0  2.2509
      0       0       0       0       0       0 2.32116       0       0       0
      0       0  2.2587       0       0       0       0       0       0       0
2.29294       0       0       0       0       0       0       0       0       0
      0       0       0       0       0       0       0       0       0  2.2835
      0 2.18844       0       0       0       0       0       0       0       0
      0       0       0       0       0       0       0 2.18153       0       0
      0       0       0 2.25737       0       0       0       0       0       0
      0       0       0 2.28866       0       0       0       0       0       0
      0       0       0       0       0       0       0       0       0 2.27658
      0 2.18903       0       0       0       0       0       0       0       0
      0       0       0       0       0       0 2.32116       0       0       0
      0       0       0       0 2.34868       0       0       0       0       0
      0       0       0 2.29112       0       0       0       0       0       0
      0       0       0       0       0       0       0       0       0 2.29696
      0       0       0       0       0       0       0       0 2.31256       0
      0       0 2.30621       0       0       0       0       0       0       0
      0 2.18903       0       0       0       0       0       0       0       0
      0       0       0       0       0       0       0       0 2.31256       0
      0       0       0       0       0       0 2.32116       0       0       0
      0       0       0       0 2.34868       0       0       0       0       0
      0 2.18903       0       0       0       0       0       0       0       0
      0       0       0       0       0 2.41718       0       0       0       0
      0       0       0       0       0 2.25416       0       0       0       0
      0       0       0       0       0       0 2.32116       0       0       0
      0       0       0       0       0 2.40907       0       0       0       0
2.29335       0       0       0       0       0       0       0       0       0
      0 2.18903       0       0       0       0       0       0       0       0
      0       0 2.30621       0       0       0       0       0       0       0
      0       0       0 2.28866       0       0       0       0       0       0
      0       0       0       0 2.34868       0       0       0       0       0
      0       0       0       0       0 2.40907       0       0       0       0
      0       0       0       0       0       0 2.32116       0       0       0
      0       0       0       0       0       0       0 2.21971       0       0
      0       0       0       0       0       0       0       0   2.347       0
      0       0       0       0       0       0       0       0       0 2.27272
2.29373       0       0       0       0       0       0       0       0       0
      0 2.18903       0       0       0       0       0       0       0       0
      0       0 2.30621       0       0       0       0       0       0       0
      0       0       0 2.26269       0       0       0       0       0       0
      0       0       0       0 2.33912       0       0       0       0       0
      0       0       0       0       0 2.36626       0       0       0       0
      0       0       0       0       0       0 2.32116       0       0       0
      0       0       0       0       0       0       0 2.27381       0       0
      0       0       0       0       0       0       0       0 2.31256       0
      0       0       0       0       0       0       0       0       0 2.29696
2.29373       0       0       0       0       0       0       0       0       0
      0 2.18903       0       0       0       0       0       0       0       0
      0       0 2.30621       0       0       0       0       0       0       0
      0       0       0 2.28866       0       0       0       0       0       0
      0       0       0       0 2.34868       0       0       0       0       0
      0       0       0       0       0 2.40907       0       0       0       0
      0       0       0       0       0       0 2.32116       0       0       0
      0       0       0       0       0       0       0 2.27381       0       0
      0       0       0       0       0       0       0       0 2.31256       0
      0       0       0       0       0       0       0       0       0 2.29696
      0       0       0       0       0       0  2.3082       0       0       0
      0       0       0       0       0       0       0       0       0 2.29696
      0       0       0       0       0       0       0 2.27381       0       0
2.29373       0       0       0       0       0       0       0       0       0
      0       0 2.30621       0       0       0       0       0       0       0
      0       0       0 2.28866       0       0       0       0       0       0
      0       0       0       0 2.34868       0       0       0       0       0
      0       0       0 2.28866       0       0       0       0       0       0
      0       0       0       0       0       0       0       0 2.31256       0
      0       0       0       0       0  2.3973       0       0       0       0
      0 2.18903       0       0       0       0       0       0       0       0
      0       0       0 2.28866       0       0       0       0       0       0
2.28019       0       0       0       0       0       0       0       0       0
      0 2.18903       0       0       0       0       0       0       0       0
      0       0 2.26291       0       0       0       0       0       0       0
      0 2.18903       0       0       0       0       0       0       0       0
      0       0       0 2.28866       0       0       0       0       0       0
      0       0 2.30621       0       0       0       0       0       0       0
2.29373       0       0       0       0       0       0       0       0       0
      0       0       0       0       0       0       0 2.27381       0       0
      0       0 2.30621       0       0       0       0       0       0       0
      0       0       0       0       0       0 2.32116       0       0       0
      0       0       0       0 2.33183       0       0       0       0       0
2.29373       0       0       0       0       0       0       0       0       0
      0       0       0       0       0 2.40907       0       0       0       0
      0       0       0       0       0       0       0       0       0 2.29761
      0       0       0       0       0       0       0       0       0 2.29696
      0       0       0       0       0       0       0       0 2.31256       0
      0       0       0       0       0       0       0       0       0 2.29696
      0       0       0       0       0 2.40907       0       0       0       0
      0       0       0 2.28866       0       0       0       0       0       0
      0 2.18903       0       0       0       0       0       0       0       0
      0       0       0       0       0       0       0 2.27381       0       0
      0       0       0       0 2.34868       0       0       0       0       0
      0       0       0       0       0       0       0 2.27381       0       0
2.30209       0       0       0       0       0       0       0       0       0
2.29373       0       0       0       0       0       0       0       0       0
      0       0       0       0       0       0 2.32116       0       0       0
      0       0       0       0       0       0 2.32116       0       0       0
      0       0       0       0       0       0 2.32116       0       0       0
      0       0       0 2.28866       0       0       0       0       0       0
      0       0       0       0       0       0       0 2.27381       0       0
      0       0       0       0 2.34868       0       0       0       0       0
      0       0 2.29184       0       0       0       0       0       0       0
      0       0       0       0       0       0       0       0 2.31256       0
      0       0       0       0       0       0       0       0       0 2.29696
      0       0       0       0       0       0       0       0 2.31256       0
      0       0       0       0       0       0       0 2.27381       0       0
      0 2.18903       0       0       0       0       0       0       0       0
      0       0       0       0 2.34868       0       0       0       0       0
2.29373       0       0       0       0       0       0       0       0       0
      0       0       0       0 2.34868       0       0       0       0       0
      0       0       0       0       0       0       0       0 2.31256       0
      0       0       0       0       0 2.40907       0       0       0       0
      0       0 2.30621       0       0       0       0       0       0       0
      0       0       0 2.28866       0       0       0       0       0       0
      0       0       0       0       0       0       0       0       0 2.29696
2.29373       0       0       0       0       0       0       0       0       0
      0 2.17783       0       0       0       0       0       0       0       0
      0       0       0       0       0       0       0       0       0 2.29696
      0 2.18903       0       0       0       0       0       0       0       0
      0       0       0       0       0 2.40907       0       0       0       0
      0 2.12157       0       0       0       0       0       0       0       0
      0       0       0       0       0       0       0 2.27381       0       0
      0       0       0       0       0       0 2.32116       0       0       0
      0 2.18903       0       0       0       0       0       0       0       0
      0       0 2.22508       0       0       0       0       0       0       0
      0 2.18903       0       0       0       0       0       0       0       0
      0       0       0       0       0       0 2.32116       0       0       0
      0       0       0       0       0       0       0       0 2.30916       0
2.29373       0       0       0       0       0       0       0       0       0
      0 2.18903       0       0       0       0       0       0       0       0
      0       0 2.30621       0       0       0       0       0       0       0
      0       0       0 2.26291       0       0       0       0       0       0
      0       0       0       0 2.30347       0       0       0       0       0
      0       0       0       0       0 2.39713       0       0       0       0
      0       0       0       0       0       0 2.32116       0       0       0
      0       0       0       0       0       0       0 2.16223       0       0
      0       0       0       0       0       0       0       0 2.31256       0
      0       0       0       0       0       0       0       0       0 2.29696
2.29639       0       0       0       0       0       0       0       0       0
      0 2.18903       0       0       0       0       0       0       0       0
      0       0 2.15261       0       0       0       0       0       0       0
      0       0       0 2.28671       0       0       0       0       0       0
      0       0       0       0 2.31303       0       0       0       0       0
      0       0       0       0       0 2.32003       0       0       0       0
      0       0       0       0       0       0 2.32116       0       0       0
      0       0       0       0       0       0       0 2.27688       0       0
      0       0       0       0       0       0       0       0 2.31256       0
2.28859       0       0       0       0       0       0       0       0       0
      0 2.18155       0       0       0       0       0       0       0       0
      0       0 2.30621       0       0       0       0       0       0       0
      0       0       0 2.38383       0       0       0       0       0       0
      0       0       0       0       0 2.40071       0       0       0       0
      0       0       0       0       0       0  2.3334       0       0       0
      0       0       0       0       0       0       0 2.28971       0       0
      0       0       0       0       0       0       0       0 2.31256       0
      0 2.18903       0       0       0       0       0       0       0       0
2.29373       0       0       0       0       0       0       0       0       0
      0       0       0       0 2.30979       0       0       0       0       0
      0       0       0       0       0 2.41382       0       0       0       0
      0       0       0       0       0       0 2.32116       0       0       0
      0       0       0       0       0       0 2.30014       0       0       0
      0       0       0 2.28866       0       0       0       0       0       0
      0       0       0       0 2.31719       0       0       0       0       0
      0       0       0       0 2.33396       0       0       0       0       0
      0       0 2.30621       0       0       0       0       0       0       0
      0       0       0       0       0       0       0       0 2.31256       0
      0 2.18876       0       0       0       0       0       0       0       0
2.29373       0       0       0       0       0       0       0       0       0
      0       0       0       0       0       0 2.32739       0       0       0
      0       0       0       0 2.31919       0       0       0       0       0
      0       0       0       0       0       0       0       0       0 2.29696
      0       0       0       0       0       0       0 2.25672       0       0
      0       0  2.2853       0       0       0       0       0       0       0
      0       0       0       0       0       0       0       0       0 2.29696
      0       0 2.30621       0       0       0       0       0       0       0
2.29373       0       0       0       0       0       0       0       0       0
      0       0       0       0       0       0       0       0       0 2.23971
      0       0       0 2.28866       0       0       0       0       0       0
      0       0       0 2.28866       0       0       0       0       0       0
      0       0       0       0       0       0       0       0       0 2.29771
      0 2.18903       0       0       0       0       0       0       0       0
      0       0       0       0       0 2.38786       0       0       0       0
      0       0 2.15202       0       0       0       0       0       0       0
      0       0       0 2.18809       0       0       0       0       0       0
      0 2.18903       0       0       0       0       0       0       0       0
      0       0       0       0       0       0 2.32116       0       0       0
      0       0       0       0       0       0       0 2.26797       0       0
      0       0       0 2.26623       0       0       0       0       0       0
      0       0       0       0       0       0       0 2.24233       0       0
      0       0       0       0       0       0       0       0 2.31256       0
      0       0       0       0 2.37434       0       0       0       0       0
2.29373       0       0       0       0       0       0       0       0       0
      0       0 2.29139       0       0       0       0       0       0       0
      0       0       0       0 2.34953       0       0       0       0       0
2.29373       0       0       0       0       0       0       0       0       0
      0       0 2.15141       0       0       0       0       0       0       0
      0       0       0       0 2.31423       0       0       0       0       0
      0       0       0       0       0       0       0 2.18164       0       0
      0       0       0       0       0       0       0       0 2.29277       0
2.29373       0       0       0       0       0       0       0       0       0
      0       0       0       0       0       0       0 2.28718       0       0
2.28825       0       0       0       0       0       0       0       0       0
      0       0       0       0       0       0 2.28568       0       0       0
      0       0       0       0       0       0       0       0       0 2.30029
      0       0       0 2.21653       0       0       0       0       0       0
      0       0 2.24486       0       0       0       0       0       0       0
      0       0       0       0 2.31681       0       0       0       0       0
      0       0       0       0       0       0       0       0 2.31246       0
      0       0       0       0       0       0 2.29354       0       0       0
2.28145       0       0       0       0       0       0       0       0       0
      0       0       0       0       0 2.37115       0       0       0       0
      0       0       0       0       0       0       0 2.25466       0       0
      0       0       0       0       0 2.38821       0       0       0       0
      0 2.18903       0       0       0       0       0       0       0       0
2.29373       0       0       0       0       0       0       0       0       0
      0       0       0       0       0       0       0       0 2.31256       0
      0 2.18903       0       0       0       0       0       0       0       0
      0       0       0       0       0       0  2.3505       0       0       0
      0       0       0       0       0       0       0 2.22907       0       0
      0       0 2.32099       0       0       0       0       0       0       0
      0       0       0       0       0       0       0       0       0 2.27041
      0       0       0       0       0       0       0 2.20175       0       0
      0       0       0       0       0       0       0       0       0 2.30013
      0       0       0       0       0 2.40489       0       0       0       0
      0       0       0       0       0       0 2.31916       0       0       0
      0       0       0       0       0 2.41127       0       0       0       0
      0       0 2.13132       0       0       0       0       0       0       0
      0       0       0       0       0       0 2.32116       0       0       0
      0       0 2.16447       0       0       0       0       0       0       0
      0       0       0       0       0       0       0       0 2.29411       0
      0 2.16768       0       0       0       0       0       0       0       0
      0       0       0       0       0       0       0 2.23695       0       0
      0       0       0       0       0 2.40907       0       0       0       0
      0       0       0       0       0 2.40907       0       0       0       0
      0       0       0       0       0       0       0 2.21917       0       0
      0       0       0 2.20928       0       0       0       0       0       0
      0       0       0       0       0 2.40342       0       0       0       0
2.27576       0       0       0       0       0       0       0       0       0
      0 2.18903       0       0       0       0       0       0       0       0
      0 2.18903       0       0       0       0       0       0       0       0
      0       0       0 2.29674       0       0       0       0       0       0
      0       0       0       0       0       0       0       0 2.30179       0
      0       0       0       0 2.33889       0       0       0       0       0
      0       0       0       0       0       0       0       0       0 2.29764
      0       0       0       0 2.29987       0       0       0       0       0
      0       0       0       0       0 2.40941       0       0       0       0
      0 2.20276       0       0       0       0       0       0       0       0
      0       0       0       0       0       0       0       0 2.31256       0
      0       0       0       0       0       0  2.3187       0       0       0
      0       0       0       0       0       0       0       0  2.2832       0
      0       0       0       0       0       0       0       0       0 2.27035
2.29373       0       0       0       0       0       0       0       0       0
      0 2.18926       0       0       0       0       0       0       0       0
      0       0 2.30621       0       0       0       0       0       0       0
      0       0       0 2.28866       0       0       0       0       0       0
      0       0       0       0 2.34868       0       0       0       0       0
      0       0       0       0       0 2.40907       0       0       0       0
      0       0       0       0       0       0 2.32116       0       0       0
      0       0       0       0       0       0       0 2.27381       0       0
      0       0       0       0       0       0       0       0 2.31256       0
      0       0       0       0       0       0       0       0       0 2.29696
2.29373       0       0       0       0       0       0       0       0       0
      0 2.18903       0       0       0       0       0       0       0       0
      0       0 2.30621       0       0       0       0       0       0       0
      0       0       0 2.28866       0       0       0       0       0       0
      0       0       0       0 2.31698       0       0       0       0       0
      0       0       0       0       0 2.40907       0       0       0       0
      0       0       0       0       0       0 2.32116       0       0       0
      0       0       0       0       0       0       0 2.27381       0       0
      0       0       0       0       0       0       0       0 2.31256       0
      0       0       0       0       0       0       0       0       0 2.29696
2.29373       0       0       0       0       0       0       0       0       0
      0 2.18903       0       0       0       0       0       0       0       0
      0       0 2.30621       0       0       0       0       0       0       0
      0       0       0 2.28866       0       0       0       0       0       0
      0       0       0       0 2.34868       0       0       0       0       0
      0       0       0       0       0 2.40685       0       0       0       0
      0       0       0       0       0       0 2.32116       0       0       0
      0       0       0       0       0       0       0 2.27381       0       0
      0       0       0       0       0       0       0       0 2.31256       0
      0       0       0       0       0       0       0       0       0 2.27531
      0       0       0 2.28866       0       0       0       0       0       0
      0       0       0       0       0 2.40907       0       0       0       0
      0       0       0 2.28866       0       0       0       0       0       0
      0       0 2.30621       0       0       0       0       0       0       0
      0       0       0       0       0       0       0       0       0 2.28708
      0       0       0 2.28866       0       0       0       0       0       0
      0       0 2.30621       0       0       0       0       0       0       0
      0 2.18903       0       0       0       0       0       0       0       0
      0       0       0       0 2.33629       0       0       0       0       0
      0       0       0       0       0 2.40907       0       0       0       0
      0       0       0       0       0 2.40907       0       0       0       0
      0       0 2.30621       0       0       0       0       0       0       0
      0       0       0 2.28866       0       0       0       0       0       0
      0       0 2.30621       0       0       0       0       0       0       0
      0 2.18903       0       0       0       0       0       0       0       0
      0       0       0 2.28866       0       0       0       0       0       0
      0       0       0       0       0       0       0       0       0 2.29696
      0       0       0       0       0       0       0 2.27381       0       0
      0       0 2.25564       0       0       0       0       0       0       0
      0 2.18841       0       0       0       0       0       0       0       0
      0       0 2.29359       0       0       0       0       0       0       0
      0       0       0       0       0       0       0       0 2.31256       0
      0       0       0       0       0       0       0       0       0 2.28936
      0 2.18903       0       0       0       0       0       0       0       0
      0       0       0       0       0       0       0       0 2.31256       0
      0       0       0       0       0       0       0       0 2.31256       0
      0       0       0       0       0       0       0 2.26902       0       0
      0       0       0       0       0       0       0       0 2.31256       0
      0 2.18903       0       0       0       0       0       0       0       0
2.29373       0       0       0       0       0       0       0       0       0
2.29373       0       0       0       0       0       0       0       0       0
      0       0       0       0       0       0 2.32116       0       0       0
      0       0       0       0       0       0       0 2.23617       0       0
      0       0       0       0       0       0       0 2.27381       0       0
      0       0       0       0       0       0       0       0 2.31256       0
      0       0       0       0       0       0       0 2.27381       0       0
      0       0       0       0       0 2.36994       0       0       0       0
2.29373       0       0       0       0       0       0       0       0       0
      0       0       0       0       0       0 2.32116       0       0       0
      0 2.18903       0       0       0       0       0       0       0       0
      0       0       0       0       0 2.40907       0       0       0       0
      0       0       0       0       0       0       0 2.27381       0       0
      0       0       0       0 2.33368       0       0       0       0       0
      0       0       0       0       0       0 2.32116       0       0       0
      0 2.19382       0       0       0       0       0       0       0       0
      0       0 2.30621       0       0       0       0       0       0       0
      0       0       0       0       0 2.39925       0       0       0       0
2.29373       0       0       0       0       0       0       0       0       0
      0       0       0       0       0       0       0 2.27381       0       0
      0       0       0       0       0       0       0       0       0 2.29696
      0       0       0       0       0       0       0       0       0 2.29696
2.29373       0       0       0       0       0       0       0       0       0
      0       0       0 2.28866       0       0       0       0       0       0
      0       0       0       0  2.3406       0       0       0       0       0
      0       0       0       0 2.34473       0       0       0       0       0
      0       0       0       0       0       0       0       0 2.31256       0
      0       0       0       0 2.34868       0       0       0       0       0
      0 2.18903       0       0       0       0       0       0       0       0
      0       0       0       0       0       0       0       0 2.31256       0
      0       0       0       0       0       0 2.32116       0       0       0
      0       0       0       0       0 2.40335       0       0       0       0
      0       0       0       0       0       0       0       0       0 2.29696
2.29373       0       0       0       0       0       0       0       0       0
2.29373       0       0       0       0       0       0       0       0       0
2.29373       0       0       0       0       0       0       0       0       0
      0       0       0 2.28866       0       0       0       0       0       0
      0       0       0       0       0       0       0 2.26832       0       0
      0 2.20325       0       0       0       0       0       0       0       0
      0       0       0       0       0       0 2.31987       0       0       0
      0       0       0       0 2.24554       0       0       0       0       0
      0       0       0       0       0       0 2.32116       0       0       0
2.29373       0       0       0       0       0       0       0       0       0
      0       0       0       0 2.34868       0       0       0       0       0
      0       0       0       0       0 2.40907       0       0       0       0
      0       0       0       0 2.34868       0       0       0       0       0
      0 2.18903       0       0       0       0       0       0       0       0
      0       0       0 2.28866       0       0       0       0       0       0
      0       0       0       0       0       0       0       0 2.31256       0
      0       0       0       0       0       0 2.32116       0       0       0
      0       0       0 2.28866       0       0       0       0       0       0
      0       0       0       0       0       0       0       0       0 2.29696
      0       0       0       0       0       0       0       0       0 2.29696
      0       0       0       0       0 2.30159       0       0       0       0
      0       0       0       0       0       0       0       0       0 2.29696
      0       0       0 2.28866       0       0       0       0       0       0
      0       0       0       0       0       0       0 2.27381       0       0
      0       0       0       0       0       0       0       0 2.31256       0
      0       0       0       0       0 2.40907       0       0       0       0
      0       0       0       0       0       0 2.32116       0       0       0
      0       0       0       0 2.34868       0       0       0       0       0
      0       0       0       0       0       0       0 2.27381       0       0
      0       0       0       0       0       0 2.32116       0       0       0
      0       0 2.30621       0       0       0       0       0       0       0
      0       0 2.30621       0       0       0       0       0       0       0
2.29373       0       0       0       0       0       0       0       0       0
      0       0       0       0       0       0       0       0       0 2.29696
      0       0       0       0 2.34868       0       0       0       0       0
2.29337       0       0       0       0       0       0       0       0       0
      0 2.18903       0       0       0       0       0       0       0       0
      0       0 2.27731       0       0       0       0       0       0       0
      0       0       0 2.28866       0       0       0       0       0       0
      0       0       0       0 2.35995       0       0       0       0       0
      0       0       0       0       0 2.40907       0       0       0       0
      0       0       0       0       0       0 2.32116       0       0       0
      0       0       0       0       0       0       0 2.27381       0       0
      0       0       0       0       0       0       0       0 2.29614       0
      0       0       0       0       0       0       0       0       0  2.2988
2.29298       0       0       0       0       0       0       0       0       0
      0 2.19527       0       0       0       0       0       0       0       0
      0       0 2.30621       0       0       0       0       0       0       0
      0       0       0 2.28866       0       0       0       0       0       0
      0       0       0       0 2.31273       0       0       0       0       0
      0       0       0       0       0 2.38674       0       0       0       0
      0       0       0       0       0       0 2.32116       0       0       0
      0       0       0       0       0       0       0 2.26606       0       0
      0       0       0       0       0       0       0       0 2.31256       0
      0       0       0       0       0       0       0       0       0 2.30046
2.28315       0       0       0       0       0       0       0       0       0
      0 2.14626       0       0       0       0       0       0       0       0
      0       0 2.28632       0       0       0       0       0       0       0
      0       0       0 2.28866       0       0       0       0       0       0
      0       0       0       0 2.34868       0       0       0       0       0
      0       0       0       0       0 2.39197       0       0       0       0
      0       0       0       0       0       0 2.32116       0       0       0
      0       0       0       0       0       0       0 2.27381       0       0
      0       0       0       0       0       0       0       0 2.31256       0
      0       0       0       0       0       0       0       0       0 2.29696
      0       0       0       0       0       0 2.32116       0       0       0
      0       0       0       0 2.34868       0       0       0       0       0
      0       0 2.30621       0       0       0       0       0       0       0
      0       0       0       0       0       0 2.32116       0       0       0
      0       0       0       0 2.34821       0       0       0       0       0
      0       0       0       0       0       0       0 2.19744       0       0
      0       0       0       0       0 2.40907       0       0       0       0
      0       0       0       0       0 2.39385       0       0       0       0
      0       0       0       0 2.34868       0       0       0       0       0
      0       0       0       0       0       0       0 2.26419       0       0
      0       0 2.28502       0       0       0       0       0       0       0
      0       0       0       0       0       0       0       0       0 2.29696
      0       0       0 2.28516       0       0       0       0       0       0
      0       0       0       0       0       0       0       0       0 2.29291
      0       0       0 2.28866       0       0       0       0       0       0
      0       0       0       0       0       0       0       0 2.31256       0
      0       0 2.29586       0       0       0       0       0       0       0
2.29373       0       0       0       0       0       0       0       0       0
      0       0       0       0       0       0       0       0       0 2.28438
      0       0       0       0       0 2.36693       0       0       0       0
      0       0       0       0       0       0 2.32116       0       0       0
2.29373       0       0       0       0       0       0       0       0       0
      0 2.18903       0       0       0       0       0       0       0       0
2.29373       0       0       0       0       0       0       0       0       0
      0       0       0       0       0       0 2.32116       0       0       0
      0       0       0       0       0 2.40907       0       0       0       0
      0       0       0 2.28866       0       0       0       0       0       0
      0       0       0       0       0 2.38667       0       0       0       0
      0       0       0 2.28866       0       0       0       0       0       0
      0       0       0       0       0       0       0       0 2.31309       0
2.29373       0       0       0       0       0       0       0       0       0
2.29373       0       0       0       0       0       0       0       0       0
      0       0       0 2.28866       0       0       0       0       0       0
      0       0       0       0 2.34868       0       0       0       0       0
      0 2.18989       0       0       0       0       0       0       0       0
      0       0       0       0       0 2.19134       0       0       0       0
      0       0       0 2.28866       0       0       0       0       0       0
2.28804       0       0       0       0       0       0       0       0       0
      0       0       0       0       0       0       0       0 2.31256       0
      0       0       0 2.28196       0       0       0       0       0       0
2.29373       0       0       0       0       0       0       0       0       0
      0       0       0       0       0       0  2.3201       0       0       0
      0       0 2.21205       0       0       0       0       0       0       0
      0       0       0       0       0       0       0 2.27317       0       0
      0       0       0       0       0       0       0       0 2.29426       0
      0 2.18903       0       0       0       0       0       0       0       0
      0       0       0       0       0       0       0 2.27381       0       0
      0 2.22106       0       0       0       0       0       0       0       0
      0       0       0 2.28866       0       0       0       0       0       0
      0       0       0       0       0       0       0       0 2.31256       0
      0       0       0       0       0 2.33014       0       0       0       0
      0       0       0       0 2.34868       0       0       0       0       0
      0       0 2.30621       0       0       0       0       0       0       0
2.29373       0       0       0       0       0       0       0       0       0
      0       0       0       0       0       0       0       0       0 2.29696
      0       0       0       0       0       0       0 2.27381       0       0
      0       0       0       0       0       0 2.32116       0       0       0
      0       0       0       0       0       0       0 2.27381       0       0
      0       0       0       0 2.34868       0       0       0       0       0
      0  2.1848       0       0       0       0       0       0       0       0
      0       0       0       0       0       0 2.32116       0       0       0
      0       0  2.2651       0       0       0       0       0       0       0
      0       0       0       0       0       0 2.32116       0       0       0
      0       0       0       0       0       0       0 2.27381       0       0
      0 2.18903       0       0       0       0       0       0       0       0
      0       0       0       0       0       0       0       0       0 2.29696
      0       0       0       0       0       0       0       0 2.31256       0
2.29373       0       0       0       0       0       0       0       0       0
      0       0       0       0       0       0 2.32116       0       0       0
      0       0       0       0       0       0       0       0       0 2.29696
      0       0       0       0 2.34868       0       0       0       0       0
      0       0       0       0       0       0       0       0       0  2.2793
      0       0       0       0       0       0       0       0       0 2.29979
      0       0       0       0       0       0 2.32116       0       0       0
      0       0 2.30621       0       0       0       0       0       0       0
      0       0       0 2.28866       0       0       0       0       0       0
      0       0       0       0       0       0       0 2.22681       0       0
      0 2.18381       0       0       0       0       0       0       0       0
      0       0       0       0       0       0       0       0       0  2.2877
      0       0 2.26569       0       0       0       0       0       0       0
      0       0 2.29764       0       0       0       0       0       0       0
      0       0       0       0       0 2.39144       0       0       0       0
      0       0       0 2.28866       0       0       0       0       0       0
      0       0       0       0       0       0       0 2.27381       0       0
      0       0       0       0       0       0       0       0 2.31256       0
2.29373       0       0       0       0       0       0       0       0       0
      0 2.17149       0       0       0       0       0       0       0       0
      0       0 2.30621       0       0       0       0       0       0       0
      0       0       0 2.29296       0       0       0       0       0       0
      0       0       0       0 2.34643       0       0       0       0       0
      0       0       0       0       0       0       0 2.27381       0       0
      0       0       0       0       0       0       0       0 2.31256       0
      0       0       0       0       0       0       0       0       0 2.27639
 2.2932       0       0       0       0       0       0       0       0       0
      0 2.19093       0       0       0       0       0       0       0       0
      0       0 2.30621       0       0       0       0       0       0       0
      0       0       0 2.28866       0       0       0       0       0       0
      0       0       0       0 2.33496       0       0       0       0       0
      0       0       0       0       0       0       0 2.27381       0       0
      0       0       0       0       0       0       0       0 2.31256       0
      0       0       0       0       0       0       0       0       0 2.28653
2.29373       0       0       0       0       0       0       0       0       0
      0 2.20065       0       0       0       0       0       0       0       0
      0       0       0       0       0       0       0 2.27381       0       0
      0       0       0       0       0       0       0       0 2.31256       0
      0       0       0       0       0       0       0       0       0 2.29696
      0       0       0       0       0       0       0       0 2.31256       0
      0       0       0       0       0       0       0       0       0 2.29426
      0       0 2.26682       0       0       0       0       0       0       0
      0       0       0       0       0       0 2.32116       0       0       0
      0 2.18048       0       0       0       0       0       0       0       0
      0       0       0 2.28866       0       0       0       0       0       0
      0       0       0       0       0 2.29967       0       0       0       0
      0       0       0       0 2.34868       0       0       0       0       0
      0       0       0       0       0       0       0       0 2.31256       0
      0       0 2.27704       0       0       0       0       0       0       0
      0       0       0       0       0       0 2.32116       0       0       0
      0       0       0       0 2.34868       0       0       0       0       0
      0       0       0 2.28866       0       0       0       0       0       0
      0       0       0       0 2.34868       0       0       0       0       0
      0       0       0       0       0 2.38501       0       0       0       0
      0       0       0       0       0       0       0       0       0 2.29696
      0       0 2.30621       0       0       0       0       0       0       0
2.29373       0       0       0       0       0       0       0       0       0
      0       0       0 2.30075       0       0       0       0       0       0
      0       0       0       0       0       0       0       0       0 2.29696
      0       0       0       0 2.34868       0       0       0       0       0
      0       0       0       0       0       0       0       0       0 2.29696
      0       0       0       0       0       0       0 2.27381       0       0
      0       0       0 2.28866       0       0       0       0       0       0
      0       0       0       0       0       0       0       0 2.31256       0
      0       0       0       0       0       0       0 2.27381       0       0
      0       0       0       0 2.34868       0       0       0       0       0
      0       0       0       0  2.3256       0       0       0       0       0
      0       0       0       0       0       0       0       0       0 2.29696
      0       0       0       0       0       0       0       0 2.28457       0
      0       0       0       0       0 2.28773       0       0       0       0
      0       0       0       0       0       0       0       0 2.31256       0
      0       0 2.17503       0       0       0       0       0       0       0
      0       0       0       0       0       0 2.32116       0       0       0
      0       0       0       0       0       0 2.31594       0       0       0
      0       0 2.27198       0       0       0       0       0       0       0
      0       0       0 2.30347       0       0       0       0       0       0
      0 2.20996       0       0       0       0       0       0       0       0
      0       0       0 2.28866       0       0       0       0       0       0
      0       0 2.30621       0       0       0       0       0       0       0
      0       0       0       0       0       0       0 2.21059       0       0
      0       0       0 2.28866       0       0       0       0       0       0
      0 2.22076       0       0       0       0       0       0       0       0
      0       0       0       0       0       0       0       0       0 2.29696
2.29373       0       0       0       0       0       0       0       0       0
      0  2.1804       0       0       0       0       0       0       0       0
      0 2.11144       0       0       0       0       0       0       0       0
      0       0       0 2.28287       0       0       0       0       0       0
      0       0       0       0       0 2.34883       0       0       0       0
2.29893       0       0       0       0       0       0       0       0       0
      0       0       0       0       0       0       0 2.27589       0       0
      0       0       0       0       0       0       0       0 2.31256       0
      0 2.14984       0       0       0       0       0       0       0       0
      0       0       0       0       0 2.35197       0       0       0       0
      0 2.20031       0       0       0       0       0       0       0       0
      0       0       0       0 2.35642       0       0       0       0       0
      0       0       0       0       0       0 2.32116       0       0       0
2.27468       0       0       0       0       0       0       0       0       0
2.28121       0       0       0       0       0       0       0       0       0
      0       0       0       0 2.33006       0       0       0       0       0
      0       0       0       0       0       0       0       0       0  2.2777
      0 2.15955       0       0       0       0       0       0       0       0
      0       0       0       0       0       0 2.31965       0       0       0
      0       0       0       0       0       0 2.32116       0       0       0
      0       0       0       0       0       0       0       0       0 2.26629
2.29745       0       0       0       0       0       0       0       0       0
      0       0       0       0       0       0       0 2.24816       0       0
      0       0       0       0       0       0 2.32116       0       0       0
      0 2.12722       0       0       0       0       0       0       0       0
      0 2.13226       0       0       0       0       0       0       0       0
2.26279       0       0       0       0       0       0       0       0       0
      0 2.18903       0       0       0       0       0       0       0       0
      0       0 2.30621       0       0       0       0       0       0       0
      0       0       0 2.28866       0       0       0       0       0       0
      0       0       0       0 2.34868       0       0       0       0       0
      0       0       0       0       0       0       0 2.32491       0       0
      0       0 2.30621       0       0       0       0       0       0       0
      0       0       0 2.28866       0       0       0       0       0       0
      0       0       0       0 2.35108       0       0       0       0       0
      0       0       0       0       0 2.31516       0       0       0       0
      0       0       0       0       0       0 2.32116       0       0       0
      0       0       0       0       0       0       0  2.4173       0       0
2.23235       0       0       0       0       0       0       0       0       0
      0  2.1711       0       0       0       0       0       0       0       0
      0       0 2.27224       0       0       0       0       0       0       0
      0       0       0       0       0       0       0 2.27381       0       0
      0       0       0       0       0       0       0       0 2.31256       0
      0       0       0       0       0       0 2.31762       0       0       0
      0       0       0 2.28866       0       0       0       0       0       0
      0       0       0       0       0       0       0       0       0 2.29696
      0       0       0       0       0       0       0 2.27381       0       0
      0 2.20047       0       0       0       0       0       0       0       0
      0       0       0       0       0       0       0       0       0 2.29696
      0       0       0 2.28866       0       0       0       0       0       0
      0       0       0       0       0       0       0       0       0 2.28962
      0       0       0       0       0       0 2.32116       0       0       0
      0 2.18116       0       0       0       0       0       0       0       0
      0       0       0       0       0       0       0 2.27381       0       0
      0       0 2.30621       0       0       0       0       0       0       0
      0       0       0       0 2.34868       0       0       0       0       0
      0       0       0       0 2.34868       0       0       0       0       0
      0       0       0       0       0 2.29135       0       0       0       0
      0       0       0       0       0       0       0 2.24613       0       0
2.29373       0       0       0       0       0       0       0       0       0
2.29522       0       0       0       0       0       0       0       0       0
      0 2.19103       0       0       0       0       0       0       0       0
      0       0       0       0       0       0 2.31769       0       0       0
      0       0       0       0       0       0 2.32116       0       0       0
      0       0       0       0       0       0       0       0    2.31       0
      0       0 2.30621       0       0       0       0       0       0       0
      0       0       0       0       0       0       0 2.26056       0       0
      0       0       0       0       0       0       0 2.27381       0       0
      0       0 2.30621       0       0       0       0       0       0       0
      0       0       0       0 2.33507       0       0       0       0       0
      0       0 2.30621       0       0       0       0       0       0       0
      0 2.13944       0       0       0       0       0       0       0       0
      0       0       0       0       0       0 2.30427       0       0       0
      0 2.18903       0       0       0       0       0       0       0       0
2.29373       0       0       0       0       0       0       0       0       0
      0       0       0       0       0       0 2.32116       0       0       0
      0       0       0       0       0       0       0       0       0 2.29696
      0       0       0       0       0       0       0       0 2.31256       0
      0       0       0 2.28866       0       0       0       0       0       0
      0       0       0       0       0       0       0       0       0 2.29696
      0       0       0       0       0       0 2.32116       0       0       0
      0       0       0 2.28866       0       0       0       0       0       0
2.29373       0       0       0       0       0       0       0       0       0
      0 2.18903       0       0       0       0       0       0       0       0
      0       0 2.30621       0       0       0       0       0       0       0
      0       0       0 2.29687       0       0       0       0       0       0
      0       0       0       0 2.22596       0       0       0       0       0
      0       0       0       0       0 2.40907       0       0       0       0
      0       0       0       0       0       0 2.31938       0       0       0
      0       0       0       0       0       0       0 2.27381       0       0
      0       0       0       0       0       0       0       0 2.31256       0
      0       0       0       0       0       0       0       0       0 2.29696
2.29373       0       0       0       0       0       0       0       0       0
      0 2.18903       0       0       0       0       0       0       0       0
      0       0 2.30621       0       0       0       0       0       0       0
      0       0       0 2.28866       0       0       0       0       0       0
      0       0       0       0 2.24849       0       0       0       0       0
      0       0       0       0       0 2.40907       0       0       0       0
      0       0       0       0       0       0 2.32116       0       0       0
      0       0       0       0       0       0       0 2.27381       0       0
      0       0       0       0       0       0       0       0 2.31256       0
      0       0       0       0       0       0       0       0       0 2.29696
2.29373       0       0       0       0       0       0       0       0       0
      0 2.18903       0       0       0       0       0       0       0       0
      0       0 2.30621       0       0       0       0       0       0       0
      0       0       0 2.28866       0       0       0       0       0       0
      0       0       0       0 2.32079       0       0       0       0       0
      0       0       0       0       0 2.40907       0       0       0       0
      0       0       0       0       0       0 2.32076       0       0       0
      0       0       0       0       0       0       0 2.22829       0       0
      0       0       0       0       0       0       0       0 2.31256       0
      0       0       0       0       0       0       0       0       0 2.29696
      0 2.18591       0       0       0       0       0       0       0       0
      0       0       0       0       0       0 2.32116       0       0       0
      0       0       0       0       0       0       0       0 2.30991       0
      0       0       0       0       0       0       0       0       0 2.29696
      0       0       0       0       0       0       0       0       0 2.29696
2.29373       0       0       0       0       0       0       0       0       0
      0 2.18903       0       0       0       0       0       0       0       0
      0       0 2.30621       0       0       0       0       0       0       0
      0       0       0       0 2.33504       0       0       0       0       0
      0       0       0       0 2.24859       0       0       0       0       0
      0       0       0 2.28866       0       0       0       0       0       0
      0       0       0       0       0       0       0 2.27381       0       0
      0       0       0       0 2.34868       0       0       0       0       0
      0       0       0       0 2.34868       0       0       0       0       0
      0       0       0       0 2.33245       0       0       0       0       0
2.29373       0       0       0       0       0       0       0       0       0
      0       0       0 2.24383       0       0       0       0       0       0
      0       0       0       0       0       0       0       0 2.30372       0
      0       0       0       0       0       0       0 2.26536       0       0
      0       0       0       0       0 2.38964       0       0       0       0
      0       0       0       0       0       0       0       0 2.31256       0
      0       0 2.30621       0       0       0       0       0       0       0
      0 2.18903       0       0       0       0       0       0       0       0
      0       0       0       0       0       0       0 2.27381       0       0
      0       0       0       0       0 2.40907       0       0       0       0
      0       0       0 2.28866       0       0       0       0       0       0
      0       0       0       0       0       0       0       0 2.31256       0
      0       0       0       0       0 2.40907       0       0       0       0
      0       0 2.30621       0       0       0       0       0       0       0
      0       0       0       0       0 2.41163       0       0       0       0
      0 2.16696       0       0       0       0       0       0       0       0
      0 2.18302       0       0       0       0       0       0       0       0
      0       0       0       0       0       0 2.32116       0       0       0
      0       0 2.31038       0       0       0       0       0       0       0
      0 2.18903       0       0       0       0       0       0       0       0
      0       0       0 2.28866       0       0       0       0       0       0
      0       0       0       0       0       0       0       0 2.31256       0
      0       0       0       0       0       0 2.31955       0       0       0
      0       0       0       0 2.32418       0       0       0       0       0
      0       0 2.30621       0       0       0       0       0       0       0
      0       0       0       0       0       0 2.32116       0       0       0
      0       0 2.30621       0       0       0       0       0       0       0
      0       0       0       0       0 2.40907       0       0       0       0
      0       0       0       0       0 2.40907       0       0       0       0
2.29373       0       0       0       0       0       0       0       0       0
      0       0 2.30621       0       0       0       0       0       0       0
      0       0       0       0       0       0       0       0 2.31256       0
2.29373       0       0       0       0       0       0       0       0       0
      0       0       0       0       0       0 2.32116       0       0       0
      0       0       0       0       0       0       0       0 2.31256       0
      0 2.18903       0       0       0       0       0       0       0       0
      0       0       0       0       0       0       0 2.30149       0       0
      0       0       0       0       0       0       0       0       0 2.29696
      0  2.1727       0       0       0       0       0       0       0       0
      0       0       0       0       0       0       0       0       0 2.29696
      0       0 2.30621       0       0       0       0       0       0       0
      0       0       0       0       0       0 2.32116       0       0       0
      0       0       0       0       0       0       0 2.27381       0       0
      0       0       0       0       0       0 2.32116       0       0       0
      0       0       0       0       0       0 2.32116       0       0       0
      0       0       0       0       0       0       0       0 2.31256       0
      0       0       0       0       0       0       0 2.26073       0       0
      0       0       0       0 2.34868       0       0       0       0       0
      0       0       0       0       0       0       0       0       0 2.29696
      0       0 2.30621       0       0       0       0       0       0       0
      0 2.18903       0       0       0       0       0       0       0       0
      0       0       0 2.28866       0       0       0       0       0       0
      0       0       0 2.28866       0       0       0       0       0       0
2.29373       0       0       0       0       0       0       0       0       0
      0       0       0       0       0 2.40907       0       0       0       0
      0       0       0       0       0 2.40907       0       0       0       0
      0       0       0       0       0       0       0       0 2.31256       0
2.29373       0       0       0       0       0       0       0       0       0
      0       0       0 2.28866       0       0       0       0       0       0
      0       0       0       0       0       0       0 2.27219       0       0
      0       0       0       0       0       0       0       0       0 2.29696
      0       0       0       0       0       0       0 2.27381       0       0
2.29373       0       0       0       0       0       0       0       0       0
      0       0 2.30621       0       0       0       0       0       0       0
      0       0       0       0       0       0       0 2.27381       0       0
      0       0       0       0       0       0       0       0       0 2.29696
      0 2.18903       0       0       0       0       0       0       0       0
      0       0       0       0       0       0       0 2.27381       0       0
      0       0       0       0       0       0       0       0 2.31256       0
2.29373       0       0       0       0       0       0       0       0       0
      0       0       0 2.28866       0       0       0       0       0       0
      0       0       0       0       0 2.40146       0       0       0       0
      0       0       0 2.28866       0       0       0       0       0       0
      0       0       0       0       0       0 2.32116       0       0       0
2.29373       0       0       0       0       0       0       0       0       0
      0 2.18903       0       0       0       0       0       0       0       0
      0       0 2.30621       0       0       0       0       0       0       0
      0       0       0 2.28866       0       0       0       0       0       0
      0       0       0       0 2.34737       0       0       0       0       0
      0       0       0       0       0 2.40907       0       0       0       0
      0       0       0       0       0       0 2.32116       0       0       0
      0       0       0       0       0       0       0 2.29604       0       0
      0       0       0       0       0       0       0       0 2.31256       0
      0       0       0       0       0       0       0       0       0 2.26837
2.29373       0       0       0       0       0       0       0       0       0
      0 2.18759       0       0       0       0       0       0       0       0
      0       0 2.30621       0       0       0       0       0       0       0
      0       0       0 2.28866       0       0       0       0       0       0
      0       0       0       0 2.34213       0       0       0       0       0
      0       0       0       0       0 2.29197       0       0       0       0
      0       0       0       0       0       0 2.32116       0       0       0
      0       0       0       0       0       0       0 2.20777       0       0
      0       0       0       0       0       0       0       0 2.34585       0
      0       0       0       0       0       0       0       0       0 2.29696
2.29373       0       0       0       0       0       0       0       0       0
      0 2.20938       0       0       0       0       0       0       0       0
      0       0 2.30621       0       0       0       0       0       0       0
      0       0       0 2.28866       0       0       0       0       0       0
      0       0       0       0 2.38679       0       0       0       0       0
      0       0       0       0       0       0       0 2.17865       0       0
      0       0       0       0       0       0       0       0 2.32912       0
      0       0       0       0       0       0       0       0       0 2.29696
      0       0       0       0       0       0 2.32116       0       0       0
      0       0       0       0 2.33941       0       0       0       0       0
      0       0 2.30621       0       0       0       0       0       0       0
      0       0       0       0       0       0 2.32116       0       0       0
      0       0       0       0  2.2729       0       0       0       0       0
      0       0       0       0       0       0       0 2.27381       0       0
      0       0       0       0       0       0       0       0 2.31256       0
      0       0       0       0       0       0       0       0       0  2.2844
      0       0 2.30621       0       0       0       0       0       0       0
      0       0       0       0       0       0       0       0       0 2.30798
      0       0       0 2.28866       0       0       0       0       0       0
      0       0       0       0       0       0       0       0       0 2.26281
      0       0       0 2.28866       0       0       0       0       0       0
2.29373       0       0       0       0       0       0       0       0       0
2.29373       0       0       0       0       0       0       0       0       0
      0 2.18491       0       0       0       0       0       0       0       0
2.29373       0       0       0       0       0       0       0       0       0
      0       0       0       0 2.34868       0       0       0       0       0
      0       0 2.30621       0       0       0       0       0       0       0
      0       0       0       0       0       0 2.32116       0       0       0
      0       0       0 2.33781       0       0       0       0       0       0
      0       0       0       0       0 2.27253       0       0       0       0
      0       0       0 2.28645       0       0       0       0       0       0
2.26152       0       0       0       0       0       0       0       0       0
      0       0       0 2.28866       0       0       0       0       0       0
      0       0       0       0 2.34693       0       0       0       0       0
      0 2.18011       0       0       0       0       0       0       0       0
      0       0       0       0       0 2.33639       0       0       0       0
      0       0       0 2.28866       0       0       0       0       0       0
2.29373       0       0       0       0       0       0       0       0       0
      0       0       0       0       0       0       0       0 2.32733       0
      0       0       0 2.28866       0       0       0       0       0       0
2.29373       0       0       0       0       0       0       0       0       0
      0       0       0       0       0       0  2.2196       0       0       0
      0 2.19062       0       0       0       0       0       0       0       0
      0       0       0       0       0       0       0 2.27381       0       0
      0       0       0       0       0       0       0       0 2.32136       0
2.29373       0       0       0       0       0       0       0       0       0
      0       0       0       0       0       0       0       0       0 2.29696
      0       0 2.30621       0       0       0       0       0       0       0
      0       0       0       0       0       0 2.31968       0       0       0
      0       0       0       0       0       0       0 2.27236       0       0
      0  2.2046       0       0       0       0       0       0       0       0
      0       0       0       0       0       0       0       0       0 2.29696
      0       0       0       0       0       0 2.20402       0       0       0
      0       0       0       0       0       0       0       0       0 2.29086
      0       0       0       0 2.35481       0       0       0       0       0
      0       0       0       0       0       0       0       0       0 2.29696
      0       0       0       0       0       0       0       0       0 2.29696
      0       0       0       0       0       0 2.32116       0       0       0
      0       0       0       0       0       0       0 2.27505       0       0
      0 2.20472       0       0       0       0       0       0       0       0
      0       0 2.30621       0       0       0       0       0       0       0
      0       0       0       0       0 2.33233       0       0       0       0
      0       0       0 2.28866       0       0       0       0       0       0
      0       0       0       0       0       0       0 2.27381       0       0
      0       0       0       0       0       0       0       0 2.31256       0
2.24003       0       0       0       0       0       0       0       0       0
      0 2.18523       0       0       0       0       0       0       0       0
      0       0 2.14405       0       0       0       0       0       0       0
      0       0       0       0 2.34676       0       0       0       0       0
      0       0       0       0       0 2.38687       0       0       0       0
      0       0       0       0       0       0 2.23695       0       0       0
      0       0       0       0       0       0       0 2.26119       0       0
      0       0       0       0       0       0       0       0 2.31256       0
      0       0       0       0       0       0       0       0       0 2.26786
2.10858       0       0       0       0       0       0       0       0       0
      0 2.18634       0       0       0       0       0       0       0       0
      0       0       0 2.27288       0       0       0       0       0       0
      0       0       0       0 2.33223       0       0       0       0       0
      0       0       0       0       0  2.4041       0       0       0       0
      0       0       0       0       0       0 2.32116       0       0       0
      0       0       0       0       0       0       0 2.22288       0       0
      0       0       0       0       0       0       0       0 2.31256       0
2.28056       0       0       0       0       0       0       0       0       0
      0 2.15034       0       0       0       0       0       0       0       0
      0       0       0 2.30355       0       0       0       0       0       0
      0       0       0       0 2.26807       0       0       0       0       0
      0       0       0       0       0       0       0 2.29314       0       0
      0       0       0       0       0       0       0       0 2.31256       0
      0       0       0       0       0       0       0       0       0 2.31266
      0       0       0       0       0       0       0  2.2711       0       0
      0       0       0       0       0 2.29053       0       0       0       0
      0       0       0       0       0 2.36973       0       0       0       0
      0 2.20243       0       0       0       0       0       0       0       0
      0       0       0       0       0       0       0       0       0 2.29449
      0       0       0       0       0       0       0       0       0 2.29696
      0       0       0       0       0       0       0 2.26765       0       0
      0 2.16897       0       0       0       0       0       0       0       0
2.29373       0       0       0       0       0       0       0       0       0
2.27647       0       0       0       0       0       0       0       0       0
      0       0       0       0       0 2.40907       0       0       0       0
      0       0       0       0       0       0       0       0       0 2.29313
      0       0       0       0       0       0       0  2.2243       0       0
      0 2.17162       0       0       0       0       0       0       0       0
      0       0       0       0       0       0       0 2.23656       0       0
      0       0 2.19464       0       0       0       0       0       0       0
      0       0 2.30621       0       0       0       0       0       0       0
      0       0       0 2.28866       0       0       0       0       0       0
      0       0       0       0       0       0 2.33913       0       0       0
      0       0       0       0       0       0       0       0 2.31256       0
      0       0       0 2.28353       0       0       0       0       0       0
      0       0 2.30566       0       0       0       0       0       0       0
2.33572       0       0       0       0       0       0       0       0       0
 2.2485       0       0       0       0       0       0       0       0       0
      0       0       0       0       0       0 2.32095       0       0       0
      0 2.17873       0       0       0       0       0       0       0       0
      0       0       0       0       0       0       0 2.26503       0       0
      0       0       0       0       0 2.28327       0       0       0       0
      0       0       0       0       0       0       0       0 2.30843       0
      0       0       0       0       0       0 2.30838       0       0       0
      0       0 2.10587       0       0       0       0       0       0       0
      0       0       0       0       0       0       0       0       0 2.14094
      0       0       0       0 2.34619       0       0       0       0       0
      0       0       0       0       0       0       0       0 2.31256       0
      0       0       0       0       0       0       0       0 2.26436       0
      0       0       0       0       0       0       0 2.27439       0       0
      0 2.17945       0       0       0       0       0       0       0       0
2.29373       0       0       0       0       0       0       0       0       0
      0       0       0       0       0       0       0       0 2.31256       0
      0       0       0       0       0       0       0 2.23778       0       0
      0       0       0       0       0       0       0 2.22579       0       0
      0       0       0       0       0 2.40759       0       0       0       0
      0       0       0       0       0       0       0       0 2.31256       0
      0       0       0       0       0 2.40181       0       0       0       0
      0       0       0 2.28866       0       0       0       0       0       0
      0       0       0       0 2.34465       0       0       0       0       0
      0       0       0       0       0       0 2.32116       0       0       0
      0 2.17229       0       0       0       0       0       0       0       0
      0 2.18369       0       0       0       0       0       0       0       0
      0       0       0       0       0 2.40907       0       0       0       0
      0       0       0       0       0 2.39023       0       0       0       0
2.29763       0       0       0       0       0       0       0       0       0
      0       0       0       0       0       0       0 2.27381       0       0
      0       0 2.30621       0       0       0       0       0       0       0
      0       0       0 2.20363       0       0       0       0       0       0
      0       0       0       0       0       0 2.32116       0       0       0
      0       0       0       0 2.28948       0       0       0       0       0
      0 2.18985       0       0       0       0       0       0       0       0
      0       0 2.26784       0       0       0       0       0       0       0
      0       0       0       0 2.02651       0       0       0       0       0
      0 2.16691       0       0       0       0       0       0       0       0
      0       0       0       0       0 2.38357       0       0       0       0
      0       0       0       0 2.16923       0       0       0       0       0
      0       0 2.13644       0       0       0       0       0       0       0
2.29565       0       0       0       0       0       0       0       0       0
      0       0       0       0 2.17304       0       0       0       0       0
      0       0       0       0       0       0       0       0 2.31256       0
      0       0       0       0       0       0 2.31096       0       0       0
      0 2.17623       0       0       0       0       0       0       0       0
      0       0       0       0       0       0       0       0       0 2.27492
2.20958       0       0       0       0       0       0       0       0       0
      0       0 2.31874       0       0       0       0       0       0       0
      0       0       0       0       0 2.34627       0       0       0       0
      0       0       0       0       0       0 2.32116       0       0       0
      0       0       0       0       0       0       0       0       0 2.29696
      0       0       0 2.29229       0       0       0       0       0       0
      0       0       0       0       0       0 2.32116       0       0       0
      0       0       0 2.28866       0       0       0       0       0       0
      0       0       0       0       0       0 2.32116       0       0       0
2.29373       0       0       0       0       0       0       0       0       0
      0 2.16289       0       0       0       0       0       0       0       0
      0       0 2.30621       0       0       0       0       0       0       0
      0       0       0 2.28179       0       0       0       0       0       0
      0       0       0       0 2.32136       0       0       0       0       0
      0       0       0       0       0 2.40907       0       0       0       0
      0       0       0       0       0       0 2.32116       0       0       0
      0       0       0       0       0       0       0 2.27381       0       0
      0       0       0       0       0       0       0       0 2.31256       0
      0       0       0       0       0       0       0       0       0 2.28749
2.29373       0       0       0       0       0       0       0       0       0
      0 2.09712       0       0       0       0       0       0       0       0
      0       0 2.30621       0       0       0       0       0       0       0
      0       0       0 2.28584       0       0       0       0       0       0
      0       0       0       0 2.34868       0       0       0       0       0
      0       0       0       0       0 2.40907       0       0       0       0
      0       0       0       0       0       0 2.31761       0       0       0
      0       0       0       0       0       0       0 2.27381       0       0
      0       0       0       0       0       0       0       0 2.31256       0
      0       0       0       0       0       0       0       0       0  2.2827
2.29373       0       0       0       0       0       0       0       0       0
      0 2.18378       0       0       0       0       0       0       0       0
      0       0 2.30621       0       0       0       0       0       0       0
      0       0       0 2.28866       0       0       0       0       0       0
      0       0       0       0       0 2.40907       0       0       0       0
      0       0       0       0       0       0 2.34893       0       0       0
      0       0       0       0       0       0       0 2.27381       0       0
      0       0       0       0       0       0       0       0 2.29167       0
      0 2.15875       0       0       0       0       0       0       0       0
 2.2712       0       0       0       0       0       0       0       0       0
      0       0       0       0       0       0       0       0       0 2.29696
      0       0       0       0       0 2.40907       0       0       0       0
      0       0       0       0       0       0       0 2.27381       0       0
      0       0       0       0       0 2.40907       0       0       0       0
      0 2.18785       0       0       0       0       0       0       0       0
      0       0       0       0       0       0       0       0 2.31256       0
      0       0       0       0       0       0 2.32116       0       0       0
      0       0       0       0       0       0       0       0       0 2.29665
2.29373       0       0       0       0       0       0       0       0       0
      0       0       0       0 2.34529       0       0       0       0       0
      0 2.14274       0       0       0       0       0       0       0       0
      0       0       0       0       0       0       0       0       0 2.31256
      0       0       0 2.28866       0       0       0       0       0       0
      0       0       0       0       0       0       0       0 2.28116       0
      0       0       0       0 2.29466       0       0       0       0       0
      0       0       0       0 2.29855       0       0       0       0       0
      0       0       0       0       0       0       0  2.2727       0       0
2.29373       0       0       0       0       0       0       0       0       0
      0 2.15994       0       0       0       0       0       0       0       0
      0       0       0       0       0       0       0       0       0 2.27691
      0       0 2.31513       0       0       0       0       0       0       0
      0       0       0       0       0       0       0       0 2.31256       0
      0       0       0       0       0       0       0  2.2595       0       0
      0       0       0       0       0       0       0       0 2.31256       0
      0       0 2.28211       0       0       0       0       0       0       0
      0       0       0       0       0 2.40907       0       0       0       0
      0       0       0       0       0       0       0       0       0 2.29696
      0       0       0       0       0       0 2.32116       0       0       0
 2.2853       0       0       0       0       0       0       0       0       0
      0       0       0       0       0       0 2.31732       0       0       0
      0       0       0       0       0 2.40907       0       0       0       0
      0       0       0       0       0 2.40907       0       0       0       0
      0       0       0 2.28866       0       0       0       0       0       0
      0       0       0 2.28866       0       0       0       0       0       0
      0       0       0 2.28866       0       0       0       0       0       0
      0       0       0       0       0       0       0       0       0 2.29696
      0       0       0       0       0       0       0       0 2.29715       0
      0 2.18903       0       0       0       0       0       0       0       0
      0 2.17229       0       0       0       0       0       0       0       0
2.29373       0       0       0       0       0       0       0       0       0
      0       0       0       0       0       0  2.3312       0       0       0
      0 2.18592       0       0       0       0       0       0       0       0
2.29373       0       0       0       0       0       0       0       0       0
2.29373       0       0       0       0       0       0       0       0       0
      0       0       0       0       0       0 2.29996       0       0       0
      0       0 2.30621       0       0       0       0       0       0       0
      0 2.15989       0       0       0       0       0       0       0       0
      0 2.13039       0       0       0       0       0       0       0       0
      0       0       0 2.28866       0       0       0       0       0       0
      0       0 2.34168       0       0       0       0       0       0       0
      0       0       0       0       0       0       0 2.20839       0       0
      0       0       0       0       0       0       0 2.27381       0       0
      0       0       0       0       0       0       0       0 2.31256       0
      0       0       0       0       0       0       0       0 2.31256       0
      0       0       0       0       0       0       0 2.13631       0       0
      0       0       0       0       0       0       0       0 2.30907       0
      0       0       0       0 2.34868       0       0       0       0       0
      0       0       0       0       0       0 2.32116       0       0       0
2.19283       0       0       0       0       0       0       0       0       0
      0       0 2.30627       0       0       0       0       0       0       0
 2.2789       0       0       0       0       0       0       0       0       0
      0       0       0       0       0       0       0 2.28561       0       0
2.29362       0       0       0       0       0       0       0       0       0
      0       0       0 2.28866       0       0       0       0       0       0
      0       0       0       0       0       0 2.32116       0       0       0
      0       0       0       0       0       0       0       0 2.31256       0
      0       0       0       0       0       0       0 2.27381       0       0
      0 2.18772       0       0       0       0       0       0       0       0
      0       0       0       0       0  2.3906       0       0       0       0
      0       0       0       0       0       0       0       0       0  2.2961
      0       0       0       0       0       0       0       0       0 2.20681
      0       0       0 2.28866       0       0       0       0       0       0
      0       0       0       0       0       0       0 2.10966       0       0
      0       0 2.30621       0       0       0       0       0       0       0
      0       0       0       0 2.33517       0       0       0       0       0
      0       0       0       0       0       0       0       0       0 2.29527
      0       0       0       0 2.35266       0       0       0       0       0
      0       0       0 2.28866       0       0       0       0       0       0
      0       0       0       0       0       0 2.32234       0       0       0
      0       0 2.30716       0       0       0       0       0       0       0
      0       0 2.30621       0       0       0       0       0       0       0
      0       0       0       0       0 2.21871       0       0       0       0
      0       0       0 2.29045       0       0       0       0       0       0
      0       0 2.30478       0       0       0       0       0       0       0
      0       0       0       0       0 2.40907       0       0       0       0
      0       0       0       0       0 2.40907       0       0       0       0
      0       0       0       0       0       0       0       0       0 2.28783
      0       0       0       0 2.34468       0       0       0       0       0
      0 2.19485       0       0       0       0       0       0       0       0
      0       0       0       0       0       0       0 2.11735       0       0
      0       0 2.31189       0       0       0       0       0       0       0
2.28708       0       0       0       0       0       0       0       0       0
      0 2.18903       0       0       0       0       0       0       0       0
      0       0 2.30621       0       0       0       0       0       0       0
      0       0       0 2.28801       0       0       0       0       0       0
      0       0       0       0 2.29354       0       0       0       0       0
      0       0       0       0       0  2.4075       0       0       0       0
      0       0       0       0       0       0 2.09035       0       0       0
      0       0       0       0       0       0       0  2.2886       0       0
      0       0       0       0       0       0       0       0 2.31256       0
      0       0       0       0       0       0       0       0       0 2.29372
2.29373       0       0       0       0       0       0       0       0       0
      0 2.16821       0       0       0       0       0       0       0       0
      0       0 2.29125       0       0       0       0       0       0       0
      0       0       0 2.28866       0       0       0       0       0       0
      0       0       0       0 2.32213       0       0       0       0       0
      0       0       0       0       0 2.40286       0       0       0       0
      0       0       0       0       0       0 2.32219       0       0       0
      0       0       0       0       0       0       0 2.27381       0       0
      0       0       0       0       0       0       0       0  2.3136       0
      0       0       0       0       0       0       0       0       0 2.29508
2.29373       0       0       0       0       0       0       0       0       0
      0 2.18903       0       0       0       0       0       0       0       0
      0       0 2.30621       0       0       0       0       0       0       0
      0       0       0 2.28866       0       0       0       0       0       0
      0       0       0       0 2.33401       0       0       0       0       0
      0       0       0       0       0 2.40092       0       0       0       0
      0       0       0       0       0       0 2.32116       0       0       0
      0       0       0       0       0       0       0 2.27381       0       0
      0       0       0       0       0       0       0       0 2.31256       0
      0       0       0       0       0       0       0       0       0 2.29696
      0 2.18731       0       0       0       0       0       0       0       0
2.29373       0       0       0       0       0       0       0       0       0
      0 2.18404       0       0       0       0       0       0       0       0
      0       0 2.30621       0       0       0       0       0       0       0
      0       0       0       0       0       0       0 2.27381       0       0
      0       0       0       0       0 2.40907       0       0       0       0
      0       0       0 2.28866       0       0       0       0       0       0
      0       0       0       0 2.32938       0       0       0       0       0
      0       0       0       0 2.34868       0       0       0       0       0
2.29373       0       0       0       0       0       0       0       0       0
2.29373       0       0       0       0       0       0       0       0       0
      0       0       0       0       0       0 2.32116       0       0       0
      0       0       0       0       0       0       0       0       0 2.29696
      0       0       0       0       0       0 2.30551       0       0       0
      0       0       0       0       0       0 2.32116       0       0       0
      0       0       0       0       0 2.42445       0       0       0       0
      0       0       0       0       0       0       0 2.27535       0       0
      0       0 2.30621       0       0       0       0       0       0       0
      0       0       0 2.28866       0       0       0       0       0       0
      0       0       0       0 2.34868       0       0       0       0       0
      0       0       0       0 2.31654       0       0       0       0       0
      0       0       0       0       0       0       0       0       0 2.29832
      0 2.16916       0       0       0       0       0       0       0       0
      0       0       0       0 2.34868       0       0       0       0       0
2.29373       0       0       0       0       0       0       0       0       0
      0       0       0       0       0       0       0 2.27381       0       0
      0       0       0       0       0       0       0       0       0 2.29696
      0       0       0       0       0 2.34234       0       0       0       0
      0       0       0       0       0       0       0 2.26885       0       0
      0       0 2.25842       0       0       0       0       0       0       0
      0       0       0 2.28866       0       0       0       0       0       0
      0 2.15721       0       0       0       0       0       0       0       0
      0       0       0       0 2.34482       0       0       0       0       0
      0       0       0       0 2.29104       0       0       0       0       0
2.29373       0       0       0       0       0       0       0       0       0
      0       0       0       0       0       0       0       0       0 2.29336
      0       0       0       0       0       0       0       0       0 2.29933
      0       0       0       0       0       0 2.32116       0       0       0
      0 2.18732       0       0       0       0       0       0       0       0
      0       0       0       0       0       0       0       0 2.31256       0
      0       0       0 2.28866       0       0       0       0       0       0
      0       0       0 2.20787       0       0       0       0       0       0
      0       0       0       0       0       0       0  2.2671       0       0
      0       0       0 2.28866       0       0       0       0       0       0
      0       0       0       0       0       0       0       0       0 2.29696
      0       0       0       0       0       0       0       0 2.36443       0
      0       0       0       0       0       0       0       0 2.31256       0
      0       0       0       0 2.34868       0       0       0       0       0
      0       0       0       0       0       0       0 2.27381       0       0
      0       0       0       0       0       0       0 2.23153       0       0
      0       0       0       0       0       0 2.32116       0       0       0
      0       0 2.30621       0       0       0       0       0       0       0
      0 2.18903       0       0       0       0       0       0       0       0
      0       0       0       0       0       0       0       0       0 2.29696
      0       0       0       0       0       0       0       0 2.31256       0
      0       0       0       0       0       0       0 2.27381       0       0
      0       0       0       0       0       0       0       0 2.30287       0
      0       0       0       0       0       0       0       0 2.31256       0
      0       0       0       0       0       0       0 2.27381       0       0
      0       0 2.30621       0       0       0       0       0       0       0
      0       0 2.30621       0       0       0       0       0       0       0
      0       0       0 2.28866       0       0       0       0       0       0
      0       0       0       0       0       0       0       0       0 2.29537
      0       0       0 2.28866       0       0       0       0       0       0
      0       0       0 2.28866       0       0       0       0       0       0
      0       0       0       0       0 2.40792       0       0       0       0
      0       0       0       0       0 2.41162       0       0       0       0
2.29373       0       0       0       0       0       0       0       0       0
      0       0       0       0       0       0       0 2.27381       0       0
      0       0       0       0       0       0       0       0       0 2.29696
      0       0       0       0       0 2.40907       0       0       0       0
      0       0       0       0       0       0 2.32116       0       0       0
      0       0       0       0       0 2.33781       0       0       0       0
      0 2.18903       0       0       0       0       0       0       0       0
      0       0       0       0 2.33792       0       0       0       0       0
      0 2.18903       0       0       0       0       0       0       0       0
      0 2.18903       0       0       0       0       0       0       0       0
      0       0 2.33161       0       0       0       0       0       0       0
      0       0       0       0       0       0       0       0 2.31256       0
      0       0 2.30621       0       0       0       0       0       0       0
      0       0       0       0       0       0  2.3193       0       0       0
      0 2.18903       0       0       0       0       0       0       0       0
      0       0       0       0       0 2.40907       0       0       0       0
2.29373       0       0       0       0       0       0       0       0       0
      0 2.18903       0       0       0       0       0       0       0       0
      0       0 2.30621       0       0       0       0       0       0       0
      0       0       0 2.07075       0       0       0       0       0       0
      0       0       0       0 2.34788       0       0       0       0       0
      0       0       0       0       0 2.31442       0       0       0       0
      0       0       0       0       0       0 2.29822       0       0       0
      0       0       0       0       0       0       0 2.20969       0       0
      0       0       0       0       0       0       0       0 2.31256       0
      0       0       0       0       0       0       0       0       0 2.27362
2.29373       0       0       0       0       0       0       0       0       0
      0 2.17464       0       0       0       0       0       0       0       0
      0       0 2.30621       0       0       0       0       0       0       0
      0       0       0 2.28866       0       0       0       0       0       0
      0       0       0       0 2.31092       0       0       0       0       0
      0       0       0       0       0 2.37932       0       0       0       0
      0       0       0       0       0       0 2.32116       0       0       0
      0       0       0       0       0       0       0 2.25602       0       0
      0       0       0       0       0       0       0       0  2.3384       0
      0       0       0       0       0       0       0       0       0 2.29696
2.26816       0       0       0       0       0       0       0       0       0
      0 2.18644       0       0       0       0       0       0       0       0
      0       0 2.27318       0       0       0       0       0       0       0
      0       0       0 2.28866       0       0       0       0       0       0
      0       0       0       0 2.29764       0       0       0       0       0
      0       0       0       0       0 2.28315       0       0       0       0
      0       0       0       0       0       0 2.27978       0       0       0
      0       0       0       0       0       0       0 2.20136       0       0
      0       0       0       0       0       0       0       0 2.34194       0
      0       0       0       0       0       0       0       0 2.31256       0
2.29373       0       0       0       0       0       0       0       0       0
      0       0       0       0       0       0 2.34776       0       0       0
2.23173       0       0       0       0       0       0       0       0       0
 2.3172       0       0       0       0       0       0       0       0       0
      0       0 2.16109       0       0       0       0       0       0       0
      0       0       0 2.28162       0       0       0       0       0       0
      0       0       0       0       0       0       0 2.27381       0       0
      0       0       0       0       0       0       0       0       0 2.29696
      0       0       0       0 2.35062       0       0       0       0       0
      0       0       0       0       0       0       0 2.27051       0       0
      0 2.18058       0       0       0       0       0       0       0       0
      0       0       0       0       0       0       0       0       0 2.29321
      0 2.18239       0       0       0       0       0       0       0       0
      0       0       0       0       0       0       0 2.26443       0       0
      0 2.20586       0       0       0       0       0       0       0       0
      0       0       0       0 2.33324       0       0       0       0       0
2.29373       0       0       0       0       0       0       0       0       0
2.29373       0       0       0       0       0       0       0       0       0
      0 2.18957       0       0       0       0       0       0       0       0
      0       0       0       0       0       0       0 2.14318       0       0
      0       0       0       0       0 2.23243       0       0       0       0
      0       0       0       0       0       0       0 2.26684       0       0
      0 2.18903       0       0       0       0       0       0       0       0
      0       0       0 2.28581       0       0       0       0       0       0
      0       0       0 2.31623       0       0       0       0       0       0
      0       0       0 2.26778       0       0       0       0       0       0
      0 2.18487       0       0       0       0       0       0       0       0
      0       0       0       0       0       0 2.31696       0       0       0
      0       0       0       0       0       0       0       0       0 2.29696
      0       0       0       0       0       0       0 2.21392       0       0
      0 2.18903       0       0       0       0       0       0       0       0
      0       0       0 2.28866       0       0       0       0       0       0
2.29373       0       0       0       0       0       0       0       0       0
      0       0 2.30463       0       0       0       0       0       0       0
      0       0       0       0       0       0 2.30608       0       0       0
2.29912       0       0       0       0       0       0       0       0       0
      0       0       0       0       0       0       0       0  2.2729       0
      0       0       0       0       0       0       0       0       0 2.29717
      0       0       0       0 2.33975       0       0       0       0       0
      0       0       0 2.29548       0       0       0       0       0       0
      0       0       0       0       0  2.3803       0       0       0       0
      0       0       0       0 2.31333       0       0       0       0       0
      0       0       0       0       0       0       0       0 2.31224       0
      0 2.17704       0       0       0       0       0       0       0       0
      0       0       0       0       0 2.29993       0       0       0       0
      0       0       0       0       0       0       0       0       0 2.29801
2.27279       0       0       0       0       0       0       0       0       0
      0       0       0       0       0       0 2.32116       0       0       0
      0       0       0       0       0       0 2.31912       0       0       0
      0       0       0 2.30704       0       0       0       0       0       0
      0       0       0       0       0       0       0       0 2.30458       0
      0 2.19091       0       0       0       0       0       0       0       0
      0       0       0       0 2.32182       0       0       0       0       0
      0       0       0       0       0       0       0   2.246       0       0
      0       0       0       0       0 2.31174       0       0       0       0
      0       0 2.29099       0       0       0       0       0       0       0
2.29019       0       0       0       0       0       0       0       0       0
 2.2922       0       0       0       0       0       0       0       0       0
      0 2.18142       0       0       0       0       0       0       0       0
      0       0       0       0       0       0       0 2.21998       0       0
      0       0       0       0       0       0       0       0 2.35161       0
      0       0       0       0       0       0       0       0       0  2.2981
      0       0       0       0       0       0 2.27208       0       0       0
      0       0       0       0       0       0       0       0 2.29714       0
      0       0       0       0       0       0       0       0 2.29151       0
      0       0   2.307       0       0       0       0       0       0       0
      0       0       0 2.28866       0       0       0       0       0       0
      0       0       0       0       0       0 2.31769       0       0       0
      0 2.19365       0       0       0       0       0       0       0       0
      0       0 2.38707       0       0       0       0       0       0       0
      0       0       0       0       0       0       0       0       0 2.29696
      0       0       0       0       0 2.36347       0       0       0       0
      0       0 2.16358       0       0       0       0       0       0       0
2.29373       0       0       0       0       0       0       0       0       0
      0 2.18799       0       0       0       0       0       0       0       0
      0       0 2.30621       0       0       0       0       0       0       0
      0       0       0 2.28866       0       0       0       0       0       0
      0       0       0       0 2.29082       0       0       0       0       0
      0       0       0       0       0 2.19012       0       0       0       0
      0       0       0       0       0       0 2.32116       0       0       0
      0       0       0       0       0       0       0 2.27381       0       0
      0       0       0       0       0       0       0       0 2.31256       0
      0       0       0       0       0       0       0       0       0 2.27915
2.29319       0       0       0       0       0       0       0       0       0
      0 2.17386       0       0       0       0       0       0       0       0
      0       0 2.30621       0       0       0       0       0       0       0
      0       0       0 2.28866       0       0       0       0       0       0
      0       0       0       0 2.34807       0       0       0       0       0
      0       0       0       0       0 2.40907       0       0       0       0
      0       0       0       0       0       0 2.32116       0       0       0
      0       0       0       0       0       0       0 2.27469       0       0
      0       0       0       0       0       0       0       0 2.30609       0
      0       0       0       0       0       0       0       0       0 2.28868
2.29609       0       0       0       0       0       0       0       0       0
      0 2.22026       0       0       0       0       0       0       0       0
      0       0 2.30621       0       0       0       0       0       0       0
      0       0       0 2.28866       0       0       0       0       0       0
      0       0       0       0 2.32892       0       0       0       0       0
      0       0       0       0       0 2.35598       0       0       0       0
      0       0       0       0       0       0 2.32116       0       0       0
      0       0       0       0       0       0       0  2.2876       0       0
      0       0       0       0       0       0       0       0 2.22483       0
      0       0       0       0       0       0       0       0       0 2.29696
      0       0       0       0       0       0       0 2.27381       0       0
      0       0       0       0 2.31977       0       0       0       0       0
      0       0       0       0       0       0 2.32116       0       0       0
      0  2.1817       0       0       0       0       0       0       0       0
      0       0       0       0 2.34827       0       0       0       0       0
2.31957       0       0       0       0       0       0       0       0       0
      0       0       0       0       0       0       0       0       0 2.29696
      0       0       0       0       0       0       0       0       0  2.2944
      0       0       0  2.2818       0       0       0       0       0       0
      0       0       0       0       0       0       0 2.27381       0       0
      0       0       0       0       0       0       0       0 2.32389       0
      0       0       0       0 2.34868       0       0       0       0       0
      0       0       0       0       0       0       0 2.25393       0       0
      0       0       0       0       0 2.40907       0       0       0       0
      0       0       0       0       0       0       0       0 2.29703       0
      0       0       0       0       0 2.40907       0       0       0       0
      0       0       0 2.28866       0       0       0       0       0       0
      0       0 2.30621       0       0       0       0       0       0       0
      0       0 2.30621       0       0       0       0       0       0       0
2.29373       0       0       0       0       0       0       0       0       0
      0       0       0       0       0 2.30136       0       0       0       0
      0       0       0       0       0       0       0       0 2.29813       0
      0       0       0       0       0       0 2.32116       0       0       0
2.29373       0       0       0       0       0       0       0       0       0
      0       0       0 2.28866       0       0       0       0       0       0
      0       0       0       0       0       0       0       0 2.31549       0
      0 2.14964       0       0       0       0       0       0       0       0
 2.2935       0       0       0       0       0       0       0       0       0
      0       0       0  2.2962       0       0       0       0       0       0
2.26723       0       0       0       0       0       0       0       0       0
      0       0       0       0 2.34682       0       0       0       0       0
      0       0       0       0       0       0       0 2.23067       0       0
      0       0       0       0 2.34868       0       0       0       0       0
      0       0       0       0       0       0       0       0       0  2.2992
      0       0  2.3062       0       0       0       0       0       0       0
      0       0       0       0       0       0       0       0       0 2.29696
      0       0       0       0       0 2.40907       0       0       0       0
      0       0       0       0       0       0       0 2.27289       0       0
      0 2.16637       0       0       0       0       0       0       0       0
      0       0       0       0       0       0       0 2.27381       0       0
      0  2.1593       0       0       0       0       0       0       0       0
      0       0       0       0       0       0 2.32116       0       0       0
      0       0       0       0       0       0 2.32116       0       0       0
      0       0       0       0       0 2.29641       0       0       0       0
      0       0       0       0       0       0 2.32108       0       0       0
      0       0 2.31368       0       0       0       0       0       0       0
      0       0       0       0       0       0       0       0 2.33169       0
      0       0       0       0       0       0       0 2.13781       0       0
      0       0       0       0       0       0 2.33798       0       0       0
      0       0       0       0 2.34039       0       0       0       0       0
      0       0       0       0       0       0       0       0       0 2.31604
      0       0       0       0       0       0       0       0       0 2.29696
      0       0       0       0       0 2.40907       0       0       0       0
      0       0       0 2.28866       0       0       0       0       0       0
      0       0       0       0       0       0       0 2.27381       0       0
      0       0       0       0 2.33122       0       0       0       0       0
      0       0       0 2.28866       0       0       0       0       0       0
2.28021       0       0       0       0       0       0       0       0       0
      0       0       0       0 2.33849       0       0       0       0       0
      0       0       0       0       0       0 2.17189       0       0       0
      0       0       0       0       0       0 2.32116       0       0       0
      0   2.068       0       0       0       0       0       0       0       0
      0 2.18937       0       0       0       0       0       0       0       0
      0       0       0 2.29252       0       0       0       0       0       0
      0       0  2.2844       0       0       0       0       0       0       0
      0 2.11504       0       0       0       0       0       0       0       0
2.23234       0       0       0       0       0       0       0       0       0
2.29373       0       0       0       0       0       0       0       0       0
      0 2.18022       0       0       0       0       0       0       0       0
      0       0 2.30621       0       0       0       0       0       0       0
      0       0       0 2.28866       0       0       0       0       0       0
      0       0       0       0 2.34868       0       0       0       0       0
      0       0       0       0       0       0       0 2.27381       0       0
      0       0       0       0       0       0       0       0 2.31256       0
      0       0       0       0       0       0       0       0       0 2.29696
2.29373       0       0       0       0       0       0       0       0       0
      0 2.18789       0       0       0       0       0       0       0       0
      0       0 2.30654       0       0       0       0       0       0       0
      0       0       0 2.28866       0       0       0       0       0       0
      0       0       0       0 2.31675       0       0       0       0       0
      0       0       0       0       0 2.40868       0       0       0       0
      0       0       0       0       0       0 2.27019       0       0       0
      0       0       0       0       0       0       0 2.27381       0       0
      0       0       0       0       0       0       0       0 2.33595       0
2.29373       0       0       0       0       0       0       0       0       0
      0 2.18903       0       0       0       0       0       0       0       0
      0       0 2.30621       0       0       0       0       0       0       0
      0       0       0 2.28866       0       0       0       0       0       0
      0       0       0       0  2.3157       0       0       0       0       0
      0       0       0       0       0       0       0 2.27297       0       0
      0       0       0       0       0       0       0       0 2.31256       0
      0       0       0       0       0       0       0       0       0 2.25759
2.29519       0       0       0       0       0       0       0       0       0
      0       0       0       0       0       0       0       0 2.31762       0
      0       0       0 2.28866       0       0       0       0       0       0
      0       0       0       0       0       0       0       0       0 2.29696
      0       0       0       0       0  2.3565       0       0       0       0
      0       0       0       0       0 2.40285       0       0       0       0
      0       0 2.30621       0       0       0       0       0       0       0
      0       0       0       0       0       0 2.32116       0       0       0
      0       0       0       0       0       0       0       0 2.31256       0
      0       0       0       0 2.34868       0       0       0       0       0
      0 2.18901       0       0       0       0       0       0       0       0
      0       0       0       0       0       0       0 2.25345       0       0
      0 2.18903       0       0       0       0       0       0       0       0
      0       0 2.30427       0       0       0       0       0       0       0
      0       0       0 2.28866       0       0       0       0       0       0
      0       0       0       0       0 2.33165       0       0       0       0
      0       0       0       0       0       0 2.31903       0       0       0
      0       0       0       0       0       0       0       0       0 2.27428
      0 2.17266       0       0       0       0       0       0       0       0
      0 2.17975       0       0       0       0       0       0       0       0
      0 2.18463       0       0       0       0       0       0       0       0
      0       0 2.31183       0       0       0       0       0       0       0
      0 2.19039       0       0       0       0       0       0       0       0
      0       0 2.29197       0       0       0       0       0       0       0
2.26422       0       0       0       0       0       0       0       0       0
      0       0       0       0       0       0       0 2.26773       0       0
      0       0       0       0       0       0       0 2.23528       0       0
      0       0       0       0       0 2.35037       0       0       0       0
      0       0       0       0       0       0       0       0 2.31256       0
      0       0 2.30621       0       0       0       0       0       0       0
      0       0       0       0       0       0       0       0       0 2.29218
      0       0       0       0       0       0       0       0 2.29722       0
      0       0       0       0       0       0 2.28762       0       0       0
      0       0       0       0       0       0       0 2.27381       0       0
      0       0       0 2.28866       0       0       0       0       0       0
      0       0       0       0 2.34868       0       0       0       0       0
      0       0       0       0       0       0 2.24136       0       0       0
      0       0       0       0       0       0       0       0 2.28119       0
      0       0       0       0       0       0       0 2.27298       0       0
 2.2931       0       0       0       0       0       0       0       0       0
      0       0       0       0 2.34331       0       0       0       0       0
      0       0 2.30699       0       0       0       0       0       0       0
      0       0       0       0       0       0       0 2.27381       0       0
      0       0       0       0       0       0       0 2.25804       0       0
      0       0       0       0       0  2.3603       0       0       0       0
      0       0       0       0 2.22911       0       0       0       0       0
      0       0       0 2.28857       0       0       0       0       0       0
      0       0       0       0 2.34868       0       0       0       0       0
      0       0 2.26752       0       0       0       0       0       0       0
      0       0       0       0       0       0       0       0 2.30969       0
      0 2.18903       0       0       0       0       0       0       0       0
      0       0       0       0       0 2.26501       0       0       0       0
      0 2.18546       0       0       0       0       0       0       0       0
2.28144       0       0       0       0       0       0       0       0       0
      0       0 2.30621       0       0       0       0       0       0       0
      0       0       0 2.28866       0       0       0       0       0       0
      0       0       0 2.29368       0       0       0       0       0       0
      0       0       0       0       0 2.40853       0       0       0       0
      0       0       0       0       0       0       0 2.27381       0       0
2.29373       0       0       0       0       0       0       0       0       0
      0       0       0       0       0       0 2.30747       0       0       0
      0       0       0       0       0       0       0       0  2.3268       0
      0       0       0       0       0       0 2.32143       0       0       0
      0       0       0 2.30578       0       0       0       0       0       0
      0       0       0       0       0       0       0       0       0 2.33336
      0       0       0       0       0       0       0       0       0 2.32837
      0       0       0       0       0       0       0       0 2.26981       0
      0       0 2.28433       0       0       0       0       0       0       0
      0       0       0       0       0       0       0 2.27089       0       0
      0       0       0       0       0       0       0 2.25209       0       0
      0 2.18396       0       0       0       0       0       0       0       0
2.22204       0       0       0       0       0       0       0       0       0
      0 2.17665       0       0       0       0       0       0       0       0
      0       0       0       0       0       0       0 2.27381       0       0
      0       0       0       0       0       0       0       0 2.28989       0
      0       0       0       0       0       0       0       0       0 2.29696
2.24735       0       0       0       0       0       0       0       0       0
      0 2.17916       0       0       0       0       0       0       0       0
      0       0 2.27649       0       0       0       0       0       0       0
      0       0       0 2.28866       0       0       0       0       0       0
      0       0       0       0 2.30781       0       0       0       0       0
      0       0       0       0       0 2.33102       0       0       0       0
      0       0       0       0       0       0 2.29862       0       0       0
      0       0       0       0       0       0       0 2.27381       0       0
      0       0       0       0       0       0       0       0 2.25492       0
2.29373       0       0       0       0       0       0       0       0       0
      0 2.14421       0       0       0       0       0       0       0       0
      0       0 2.30621       0       0       0       0       0       0       0
      0       0       0 2.28904       0       0       0       0       0       0
      0       0       0       0 2.33055       0       0       0       0       0
      0       0       0       0       0       0       0 2.22777       0       0
      0       0       0       0       0       0       0       0 2.31256       0
      0       0       0       0       0       0       0       0       0 2.29696
      0       0       0       0       0       0       0 2.25753       0       0
      0       0       0       0       0       0       0       0 2.31256       0
      0       0       0       0       0       0 2.32116       0       0       0
      0       0       0       0 2.29175       0       0       0       0       0
      0 2.20275       0       0       0       0       0       0       0       0
      0       0       0       0       0       0       0       0       0 2.29373
      0       0       0 2.39339       0       0       0       0       0       0
      0       0       0       0       0       0       0       0 2.38308       0
      0       0       0       0 2.32012       0       0       0       0       0
      0       0       0       0 2.34829       0       0       0       0       0
      0       0       0       0       0       0       0 2.20181       0       0
2.29373       0       0       0       0       0       0       0       0       0
      0 2.19292       0       0       0       0       0       0       0       0
      0       0       0       0       0       0       0       0       0 2.29791
      0       0 2.31397       0       0       0       0       0       0       0
      0       0       0       0       0       0       0       0 2.31256       0
      0       0       0       0       0       0       0 2.27381       0       0
      0       0       0       0       0       0       0       0  2.3071       0
      0       0 2.30621       0       0       0       0       0       0       0
      0       0       0       0       0       0 2.31122       0       0       0
2.29697       0       0       0       0       0       0       0       0       0
      0       0       0       0       0       0 2.26389       0       0       0
      0       0       0       0       0 2.40449       0       0       0       0
      0       0       0 2.27491       0       0       0       0       0       0
      0       0       0 2.32465       0       0       0       0       0       0
      0       0       0 2.28866       0       0       0       0       0       0
      0       0       0       0       0       0       0       0       0 2.29062
      0 2.18942       0       0       0       0       0       0       0       0
      0       0       0       0 2.34868       0       0       0       0       0
2.31322       0       0       0       0       0       0       0       0       0
      0       0       0       0       0       0 2.32116       0       0       0
      0   2.173       0       0       0       0       0       0       0       0
2.30416       0       0       0       0       0       0       0       0       0
2.29373       0       0       0       0       0       0       0       0       0
      0       0       0       0       0       0 2.29996       0       0       0
      0       0 2.30621       0       0       0       0       0       0       0
      0 2.13182       0       0       0       0       0       0       0       0
      0 2.16158       0       0       0       0       0       0       0       0
      0       0       0       0       0       0       0 2.27381       0       0
      0       0       0       0       0       0       0 2.27381       0       0
      0       0       0       0       0       0       0       0 2.31256       0
      0       0       0       0 2.34599       0       0       0       0       0
      0       0       0       0       0       0 2.32116       0       0       0
2.29373       0       0       0       0       0       0       0       0       0
      0       0       0       0       0       0       0 2.23677       0       0
 2.2652       0       0       0       0       0       0       0       0       0
      0       0       0 2.36392       0       0       0       0       0       0
      0       0       0       0       0       0 2.32116       0       0       0
      0       0       0       0       0       0       0       0 2.30317       0
      0       0       0       0       0       0       0  2.2685       0       0
      0 2.18994       0       0       0       0       0       0       0       0
      0       0       0       0       0 2.43568       0       0       0       0
      0       0 2.30621       0       0       0       0       0       0       0
      0       0       0       0 2.34868       0       0       0       0       0
      0       0       0       0       0       0       0       0       0 2.29409
      0       0       0       0 2.27293       0       0       0       0       0
      0       0       0 2.37255       0       0       0       0       0       0
      0       0       0       0       0       0 2.20602       0       0       0
      0       0       0       0 2.34868       0       0       0       0       0
      0 2.15941       0       0       0       0       0       0       0       0
      0       0       0       0       0       0       0 2.27381       0       0
      0       0 2.31713       0       0       0       0       0       0       0
      0       0       0       0       0       0 2.29127       0       0       0
      0       0       0       0       0 2.40908       0       0       0       0
2.29373       0       0       0       0       0       0       0       0       0
      0 2.18903       0       0       0       0       0       0       0       0
      0       0 2.30621       0       0       0       0       0       0       0
      0       0       0 2.28866       0       0       0       0       0       0
      0       0       0       0 2.31951       0       0       0       0       0
      0       0       0       0       0 2.40755       0       0       0       0
      0       0       0       0       0       0 2.32116       0       0       0
      0       0       0       0       0       0       0 2.27381       0       0
      0       0       0       0       0       0       0       0 2.31256       0
      0       0       0       0       0       0       0       0       0  2.2769
2.29373       0       0       0       0       0       0       0       0       0
      0 2.18903       0       0       0       0       0       0       0       0
      0       0 2.30621       0       0       0       0       0       0       0
      0       0       0 2.28866       0       0       0       0       0       0
      0       0       0       0 2.34868       0       0       0       0       0
      0       0       0       0       0 2.39611       0       0       0       0
      0       0       0       0       0       0 2.32116       0       0       0
